model_type,variant,dataset,M-of-N count,RMSE (test),MAE (test),MAPE (test),rRMSE (test),rMAE (test),rMAPE (test),maxError (test),R2 (test),RMSE (train),MAE (train),MAPE (train),rRMSE (train),rMAE (train),rMAPE (train),maxError (train),R2 (train),rules,plain conditions count,complex conditions count,conditions_count,avg conditions per rule,avg rule quality,avg rule precision,avg rule coverage,training time total (s),training time growing (s),training time pruning (s),pvalue significance fdr,pvalue significance fwer,induction measure,pruning measure,voting measure
exact_M-of-N,no_discretization,pollution,2.8181818181818183,0.2136777540024783,0.1837130662849988,294862518550530.6,0.4148208429836756,0.3566492421226742,2948625185505.306,0.3928357886325134,0.5458362160218284,0.1508817867695359,0.1099258373116038,28141868443778.12,0.3266650944820861,0.2379938281501565,281418684437.7812,0.4566578687004338,0.405968898584956,11,0.5454545454545454,0.18181818181818182,39.0,3.5454545454545454,0.3481481165326767,0.7147667147667147,0.132996632996633,1.0551211833953855,0.4327502439999999,0.5491304969999999,0.0909090909090909,0.0909090909090909,C2,C2,C2
