model_type,variant,dataset,M-of-N count,RMSE (test),MAE (test),MAPE (test),rRMSE (test),rMAE (test),rMAPE (test),maxError (test),R2 (test),RMSE (train),MAE (train),MAPE (train),rRMSE (train),rMAE (train),rMAPE (train),maxError (train),R2 (train),rules,plain conditions count,complex conditions count,conditions_count,avg conditions per rule,avg rule quality,avg rule precision,avg rule coverage,training time total (s),training time growing (s),training time pruning (s),pvalue significance fdr,pvalue significance fwer,induction measure,pruning measure,voting measure
at_least_M-of-N,no_discretization,machine,0.2222222222222222,0.2407434112565371,0.139595482552391,5030576502906.539,1.375653063499486,0.79767480331685,50305765029.06539,0.8012262119264608,0.0011585882702854,0.1250853359110747,0.0513896330017868,1107011803751.2522,1.3924613542995166,0.5720740760331415,11070118037.512522,0.9702797202797204,0.2553402433574016,9,1.5555555555555556,1.6666666666666667,31.0,3.4444444444444446,0.6383340111466117,0.9044011203513284,0.4143026004728132,28.933719396591187,0.987641383,0.5125719260000001,0.6666666666666666,0.6666666666666666,C2,C2,C2
