model_type,variant,dataset,M-of-N count,RMSE (test),MAE (test),MAPE (test),rRMSE (test),rMAE (test),rMAPE (test),maxError (test),R2 (test),RMSE (train),MAE (train),MAPE (train),rRMSE (train),rMAE (train),rMAPE (train),maxError (train),R2 (train),rules,plain conditions count,complex conditions count,conditions_count,avg conditions per rule,avg rule quality,avg rule precision,avg rule coverage,training time total (s),training time growing (s),training time pruning (s),pvalue significance fdr,pvalue significance fwer,induction measure,pruning measure,voting measure
at_least_M-of-N,no_discretization,bodyfat,0,0.158120091363233,0.1060511851923223,72816095027801.28,0.3812646612097032,0.2557143045177882,728160950278.0128,0.4455135634403022,0.4840702730020412,0.0873574364965228,0.0530140133672362,8342722223746.886,0.2162327676186859,0.1312237090820285,83427222237.46886,0.5045986077088476,0.7552630280628214,26,2.6538461538461537,2.730769230769231,140.0,5.384615384615385,0.6587817530368786,0.8612754257429652,0.1092849881396137,41.30131459236145,6.352837202999999,4.790305893999999,0.9615384615384616,0.8076923076923077,C2,C2,C2
