model_type,variant,dataset,M-of-N count,RMSE (test),MAE (test),MAPE (test),rRMSE (test),rMAE (test),rMAPE (test),maxError (test),R2 (test),RMSE (train),MAE (train),MAPE (train),rRMSE (train),rMAE (train),rMAPE (train),maxError (train),R2 (train),rules,plain conditions count,complex conditions count,conditions_count,avg conditions per rule,avg rule quality,avg rule precision,avg rule coverage,training time total (s),training time growing (s),training time pruning (s),pvalue significance fdr,pvalue significance fwer,induction measure,pruning measure,voting measure
complex,no_discretization,ele-1,0,0.2142218960250346,0.1456621342361043,8087592815540.534,0.7542434988064126,0.5128547539183834,80875928155.40533,0.6847893513036868,0.2253932405239075,0.1244413661089287,0.0765785801661649,1389201948079.923,0.5712467105745889,0.3515331226925147,13892019480.79923,0.8399145270290168,0.3352453351404392,61,0.7704918032786885,8.540983606557377,568.0,9.311475409836065,0.5523295649353961,0.8996319607147181,0.1028550377601768,1790.102892334,1773.6175493880005,16.469711242000002,0.9344262295081968,0.8524590163934426,C2,C2,C2
