model_type,variant,dataset,M-of-N count,RMSE (test),MAE (test),MAPE (test),rRMSE (test),rMAE (test),rMAPE (test),maxError (test),R2 (test),RMSE (train),MAE (train),MAPE (train),rRMSE (train),rMAE (train),rMAPE (train),maxError (train),R2 (train),rules,plain conditions count,complex conditions count,conditions_count,avg conditions per rule,avg rule quality,avg rule precision,avg rule coverage,training time total (s),training time growing (s),training time pruning (s),pvalue significance fdr,pvalue significance fwer,induction measure,pruning measure,voting measure
plain,no_discretization,auto93,0,0.266381638455075,0.1601519246858934,41336966530263.125,0.9703902543720592,0.5834105827843261,413369665302.6312,0.7506172839506173,0.138569620947321,0.1358665665251738,0.0873448056957561,4428960699671.424,0.4717473559079828,0.30327314653701,44289606996.71424,0.5382716049382714,0.5996445572141321,14,2.857142857142857,0,40.0,2.857142857142857,0.4899398471648327,0.8038795570750458,0.1284013605442177,0.155340047,0.1380470359999999,0.010982107,0.4285714285714285,0.3571428571428571,C2,C2,C2
