model_type,variant,dataset,M-of-N count,RMSE (test),MAE (test),MAPE (test),rRMSE (test),rMAE (test),rMAPE (test),maxError (test),R2 (test),RMSE (train),MAE (train),MAPE (train),rRMSE (train),rMAE (train),rMAPE (train),maxError (train),R2 (train),rules,plain conditions count,complex conditions count,conditions_count,avg conditions per rule,avg rule quality,avg rule precision,avg rule coverage,training time total (s),training time growing (s),training time pruning (s),pvalue significance fdr,pvalue significance fwer,induction measure,pruning measure,voting measure
at_least_M-of-N,no_discretization,concrete,0,0.2485971058296178,0.1941944315418962,137047129444414.42,0.4501263854947042,0.3516213001009857,1370471294444.1443,0.4987673458391859,0.4350461740245614,0.1119083770303858,0.074353489487186,1910912115880.4675,0.2514421542148441,0.1670616808692749,19109121158.804672,0.4724238026124819,0.6398316640815254,15,2.7333333333333334,0.8666666666666667,54.0,3.6,0.483129924243892,0.7785181640971115,0.1025089605734766,1.3595247268676758,0.6371166639999999,0.0935656649999999,0.4666666666666667,0.2,C2,C2,C2
