model_type,variant,dataset,M-of-N count,RMSE (test),MAE (test),MAPE (test),rRMSE (test),rMAE (test),rMAPE (test),maxError (test),R2 (test),RMSE (train),MAE (train),MAPE (train),rRMSE (train),rMAE (train),rMAPE (train),maxError (train),R2 (train),rules,plain conditions count,complex conditions count,conditions_count,avg conditions per rule,avg rule quality,avg rule precision,avg rule coverage,training time total (s),training time growing (s),training time pruning (s),pvalue significance fdr,pvalue significance fwer,induction measure,pruning measure,voting measure
exact_M-of-N,no_discretization,kidney,9,0.19568515414018695,0.1348046362222238,24563494980210.297,0.5760343961673589,0.39682165756529464,245634949802.10297,0.7661039836938212,0.332677785442157,0.20189740969844902,0.13888236064038065,17807269432081.184,0.5743819356126999,0.3951091757255749,178072694320.81183,0.7661039836938212,0.31815697838711543,18,34,3,46.0,2.5555555555555554,0.5646760474413619,0.9029560872634741,0.18786549707602337,0.55539870262146,0.374317968,0.05998419499999999,0.7222222222222222,0.5555555555555556,C2,C2,C2
