model_type,variant,dataset,M-of-N count,RMSE (test),MAE (test),MAPE (test),rRMSE (test),rMAE (test),rMAPE (test),maxError (test),R2 (test),RMSE (train),MAE (train),MAPE (train),rRMSE (train),rMAE (train),rMAPE (train),maxError (train),R2 (train),rules,plain conditions count,complex conditions count,conditions_count,avg conditions per rule,avg rule quality,avg rule precision,avg rule coverage,training time total (s),training time growing (s),training time pruning (s),pvalue significance fdr,pvalue significance fwer,induction measure,pruning measure,voting measure
at_least_M-of-N,no_discretization,fishcatch,0,0.1186076402674992,0.058510171135938545,1673991341791.5928,0.4835044800476944,0.2385169269768836,16739913417.915928,0.7492413656401407,0.6972010017735887,0.122824168287605,0.06007357116484323,1843509452352.7441,0.5083791485683674,0.24864936100142304,18435094523.527443,0.7492413656401407,0.6795588358506319,15,32,8,40.0,2.6666666666666665,0.7142763353106568,0.8587075737968412,0.18860759493670887,6.161319255828857,1.5415593070000002,0.692321595,0.9333333333333333,0.9333333333333333,C2,C2,C2
