dataset,RMSE (test),MAE (test),MAPE (test),rRMSE (test),rMAE (test),rMAPE (test),maxError (test),R2 (test),RMSE (train),MAE (train),MAPE (train),rRMSE (train),rMAE (train),rMAPE (train),maxError (train),R2 (train),rules,conditions_count,avg conditions per rule
kidney,0.5741078371468807,0.4464285714285714,542844597941980.0,1.2247633859133455,0.9523809523809523,5428445979419.8,0.9642857142857143,-1.46357813198272,3.7631435783241935e-18,1.0204255741040042e-18,9.523972024970704e-18,1.0414281065594861e-17,2.8239684492645697e-18,9.523972024970704e-20,1.3877787807814457e-17,1.0,49,97,15.835051546391753
