model_type,variant,dataset,M-of-N count,RMSE (test),MAE (test),MAPE (test),rRMSE (test),rMAE (test),rMAPE (test),maxError (test),R2 (test),RMSE (train),MAE (train),MAPE (train),rRMSE (train),rMAE (train),rMAPE (train),maxError (train),R2 (train),rules,plain conditions count,complex conditions count,conditions_count,avg conditions per rule,avg rule quality,avg rule precision,avg rule coverage,training time total (s),training time growing (s),training time pruning (s),pvalue significance fdr,pvalue significance fwer,induction measure,pruning measure,voting measure
complex,no_discretization,servo,0,0.3575768429906861,0.2105880133666717,28543298410277.49,1.3670617119275803,0.8051047368074927,285432984102.7749,0.892255947880958,-0.2170019938592089,0.2782503552301054,0.143142117335566,3234907153165.4414,1.3075187846270728,0.6726352860637612,32349071531.65441,0.892255947880958,-0.1547246876543742,9,0.1111111111111111,2.5555555555555554,24.0,2.6666666666666665,0.6275373343246602,0.8681657848324514,0.1251851851851852,0.081351638,0.073449502,0.0037940689999999,1.0,1.0,C2,C2,C2
