model_type,variant,dataset,M-of-N count,RMSE (test),MAE (test),MAPE (test),rRMSE (test),rMAE (test),rMAPE (test),maxError (test),R2 (test),RMSE (train),MAE (train),MAPE (train),rRMSE (train),rMAE (train),rMAPE (train),maxError (train),R2 (train),rules,plain conditions count,complex conditions count,conditions_count,avg conditions per rule,avg rule quality,avg rule precision,avg rule coverage,training time total (s),training time growing (s),training time pruning (s),pvalue significance fdr,pvalue significance fwer,induction measure,pruning measure,voting measure
at_least_M-of-N,no_discretization,bodyfat,0.07692307692307693,0.1636602108216904,0.1407415206133813,41338303948074.75,0.3351975644069441,0.2882570826694957,413383039480.7475,0.3676520017658992,0.6311417537346309,0.06633712243093,0.0450953994411898,6267679220420.305,0.1640400015162607,0.1115129677264997,62676792204.20305,0.4105263157894737,0.8565550049004063,13,1.8461538461538463,1.3076923076923077,42.0,3.230769230769231,0.6727804639201828,0.818511456005671,0.121653676719756,1.9803037643432615,0.8956812599999999,0.500689602,0.9230769230769232,0.8461538461538461,C2,C2,C2
