model_type,variant,dataset,M-of-N count,RMSE (test),MAE (test),MAPE (test),rRMSE (test),rMAE (test),rMAPE (test),maxError (test),R2 (test),RMSE (train),MAE (train),MAPE (train),rRMSE (train),rMAE (train),rMAPE (train),maxError (train),R2 (train),rules,plain conditions count,complex conditions count,conditions_count,avg conditions per rule,avg rule quality,avg rule precision,avg rule coverage,training time total (s),training time growing (s),training time pruning (s),pvalue significance fdr,pvalue significance fwer,induction measure,pruning measure,voting measure
at_least_M-of-N,no_discretization,pwlinear,0.047619047619047616,0.2341143473747555,0.1674530364637845,133227857560527.23,0.4536366592472901,0.3244689481616833,1332278575605.2725,0.5916505399407112,0.2194460518279019,0.1117452277592866,0.0722867453375029,10018924935222.824,0.2489642989772444,0.1610522367636624,100189249352.22824,0.4192139737991266,0.6782467549731261,42,3.642857142857143,1.2380952380952381,207.0,4.928571428571429,0.4071994871195852,0.7840693037121611,0.0359788359788359,9.019986629486084,6.605350493,2.2181011589999997,0.0238095238095238,0.0238095238095238,C2,C2,C2
