model_type,variant,dataset,M-of-N count,RMSE (test),MAE (test),MAPE (test),rRMSE (test),rMAE (test),rMAPE (test),maxError (test),R2 (test),RMSE (train),MAE (train),MAPE (train),rRMSE (train),rMAE (train),rMAPE (train),maxError (train),R2 (train),rules,plain conditions count,complex conditions count,conditions_count,avg conditions per rule,avg rule quality,avg rule precision,avg rule coverage,training time total (s),training time growing (s),training time pruning (s),pvalue significance fdr,pvalue significance fwer,induction measure,pruning measure,voting measure
exact_M-of-N,no_discretization,cholesterol,0.5797101449275363,0.2621393051499782,0.2135686390581864,63082109138727.51,0.633051835489375,0.5157563795379734,630821091387.275,0.7511157370722775,-0.5627127524215849,0.1051731659859917,0.0744455147061767,4094963381012.015,0.3830371210230836,0.2711280520920481,40949633810.12015,0.5657816979520631,0.2063838776233748,69,1.8695652173913044,2,307.0,4.449275362318841,0.3234804970613982,0.7841507612861535,0.0382033248081841,3.6610045433044434,2.3963750070000005,0.9479042950000004,0.0,0.0,C2,C2,C2
