model_type,variant,dataset,M-of-N count,RMSE (test),MAE (test),MAPE (test),rRMSE (test),rMAE (test),rMAPE (test),maxError (test),R2 (test),RMSE (train),MAE (train),MAPE (train),rRMSE (train),rMAE (train),rMAPE (train),maxError (train),R2 (train),rules,plain conditions count,complex conditions count,conditions_count,avg conditions per rule,avg rule quality,avg rule precision,avg rule coverage,training time total (s),training time growing (s),training time pruning (s),pvalue significance fdr,pvalue significance fwer,induction measure,pruning measure,voting measure
exact_M-of-N,no_discretization,bodyfat,0.75,0.1600535398458728,0.1345175830021023,45841709810085.61,0.3732956036039412,0.3137376554774642,458417098100.8561,0.3263157894736842,0.5338229362986228,0.088340231891392,0.0547497900983357,5048646454855.476,0.2164591638152333,0.1341528489342814,50486464548.55476,0.631834592397248,0.7527644821505453,44,3.0681818181818183,1.7727272727272727,246.0,5.590909090909091,0.4939710331549672,0.7937261469833444,0.0558670404485382,16.246660232543945,5.645854673999999,3.7804285550000007,0.7727272727272727,0.4090909090909091,C2,C2,C2
