model_type,variant,dataset,M-of-N count,RMSE (test),MAE (test),MAPE (test),rRMSE (test),rMAE (test),rMAPE (test),maxError (test),R2 (test),RMSE (train),MAE (train),MAPE (train),rRMSE (train),rMAE (train),rMAPE (train),maxError (train),R2 (train),rules,plain conditions count,complex conditions count,conditions_count,avg conditions per rule,avg rule quality,avg rule precision,avg rule coverage,training time total (s),training time growing (s),training time pruning (s),pvalue significance fdr,pvalue significance fwer,induction measure,pruning measure,voting measure
exact_M-of-N,no_discretization,bodyfat,0.8709677419354839,0.1178896206246357,0.1008294642808891,43126739573822.5,0.3355981900993279,0.2870327815295382,431267395738.225,0.2859018068711384,0.6832822075782514,0.0736851559680191,0.042314273192501,10880927733130.176,0.1525261783354378,0.0875893427150378,108809277331.30176,0.5484436450365934,0.86843696827295,31,2.935483870967742,2.096774193548387,183.0,5.903225806451613,0.5900687072171495,0.8293987826345773,0.0839846525508029,96.19798731803894,8.552358584999997,6.753616843999999,0.8387096774193549,0.7096774193548387,C2,C2,C2
