model_type,variant,dataset,M-of-N count,RMSE (test),MAE (test),MAPE (test),rRMSE (test),rMAE (test),rMAPE (test),maxError (test),R2 (test),RMSE (train),MAE (train),MAPE (train),rRMSE (train),rMAE (train),rMAPE (train),maxError (train),R2 (train),rules,plain conditions count,complex conditions count,conditions_count,avg conditions per rule,avg rule quality,avg rule precision,avg rule coverage,training time total (s),training time growing (s),training time pruning (s),pvalue significance fdr,pvalue significance fwer,induction measure,pruning measure,voting measure
exact_M-of-N,no_discretization,dee,0.2857142857142857,0.2507872872405119,0.2182288505222,50943332627933.61,0.5753791132300402,0.5006805722742032,509433326279.3361,0.6009558086774119,0.2831061693541482,0.1525842960971961,0.1078364287275527,3404837820327.992,0.3042294950784,0.2150091660936272,34048378203.27992,0.5227798660451635,0.5249183178575108,14,3.2857142857142856,0.5,57.0,4.071428571428571,0.4721036308595031,0.7700388969557238,0.2008250108554059,24.49649930000305,1.15767431,0.700174327,0.9285714285714286,0.9285714285714286,C2,C2,C2
