model_type,variant,dataset,M-of-N count,RMSE (test),MAE (test),MAPE (test),rRMSE (test),rMAE (test),rMAPE (test),maxError (test),R2 (test),RMSE (train),MAE (train),MAPE (train),rRMSE (train),rMAE (train),rMAPE (train),maxError (train),R2 (train),rules,plain conditions count,complex conditions count,conditions_count,avg conditions per rule,avg rule quality,avg rule precision,avg rule coverage,training time total (s),training time growing (s),training time pruning (s),pvalue significance fdr,pvalue significance fwer,induction measure,pruning measure,voting measure
at_least_M-of-N,no_discretization,cholesterol,0.2537313432835821,0.3025077305014611,0.2461218004993266,102496868947501.02,0.9940222424060652,0.8087414613563972,1024968689475.01,0.7357010297759556,-0.1765811052677526,0.1017578940105937,0.0658673707225573,4444316958785.016,0.3752999111200374,0.2429297364911346,44443169587.85016,0.7711903921562363,0.2234375063591989,67,2.3134328358208953,3.208955223880597,387.0,5.776119402985074,0.3710924215392866,0.8100911511582544,0.0371220818982012,23.281518936157227,11.926550045999996,9.697656348000002,0.0,0.0,C2,C2,C2
