model_type,variant,dataset,M-of-N count,RMSE (test),MAE (test),MAPE (test),rRMSE (test),rMAE (test),rMAPE (test),maxError (test),R2 (test),RMSE (train),MAE (train),MAPE (train),rRMSE (train),rMAE (train),rMAPE (train),maxError (train),R2 (train),rules,plain conditions count,complex conditions count,conditions_count,avg conditions per rule,avg rule quality,avg rule precision,avg rule coverage,training time total (s),training time growing (s),training time pruning (s),pvalue significance fdr,pvalue significance fwer,induction measure,pruning measure,voting measure
exact_M-of-N,no_discretization,ozone,0.18181818181818182,0.2174737117493651,0.1679025954901316,22130710699609.84,0.6212607228183356,0.4796501011464359,221307106996.0984,0.5146564343434022,0.3929575174543336,0.1355421787945804,0.1000089133893284,1639311903675.3047,0.4624256450709854,0.3411977489088264,16393119036.753046,0.7238614258364675,0.6055838993651497,33,2.8181818181818183,1.5151515151515151,149.0,4.515151515151516,0.4813810837843618,0.8637331893257602,0.077237016630956,3903.261258125305,36.09601392900001,81.30802766700002,0.696969696969697,0.6666666666666666,C2,C2,C2
