model_type,variant,dataset,M-of-N count,RMSE (test),MAE (test),MAPE (test),rRMSE (test),rMAE (test),rMAPE (test),maxError (test),R2 (test),RMSE (train),MAE (train),MAPE (train),rRMSE (train),rMAE (train),rMAPE (train),maxError (train),R2 (train),rules,plain conditions count,complex conditions count,conditions_count,avg conditions per rule,avg rule quality,avg rule precision,avg rule coverage,training time total (s),training time growing (s),training time pruning (s),pvalue significance fdr,pvalue significance fwer,induction measure,pruning measure,voting measure
complex,no_discretization,cholesterol,0,0.2624616822803832,0.2003225890768523,37811927936385.63,0.6922106571718337,0.5283263820701923,378119279363.8563,0.7397260273972603,-0.2932295663617255,0.1204052024004944,0.0824227926950105,4876480257276.129,0.4368291063154059,0.29902922926222,48764802572.76129,0.7785388127853882,-0.002895164033106,34,0.35294117647058826,2.2058823529411766,87.0,2.5588235294117645,0.3709984104257902,0.8065167460678297,0.0274653979238754,36.341338434,35.58126791300001,0.746047916,0.0588235294117647,0.0588235294117647,C2,C2,C2
