BAcc (test),BAcc (train),Acc (test),Acc (train),rules,conditions_count,avg conditions per rule,BAcc (test) (std),BAcc (train) (std),Acc (test) (std),Acc (train) (std),rules (std),conditions_count (std),avg conditions per rule (std),dataset
0.9382875013804804,1.0,0.9432261208576997,1.0,68.22222222222223,135.44444444444446,6.433104064457691,0.032937139294720405,0.0,0.025562758105301803,0.0,6.685390373377193,13.370780746754386,0.3003177317924665,tic-tac-toe
