model_type,variant,dataset,M-of-N count,RMSE (test),MAE (test),MAPE (test),rRMSE (test),rMAE (test),rMAPE (test),maxError (test),R2 (test),RMSE (train),MAE (train),MAPE (train),rRMSE (train),rMAE (train),rMAPE (train),maxError (train),R2 (train),rules,plain conditions count,complex conditions count,conditions_count,avg conditions per rule,avg rule quality,avg rule precision,avg rule coverage,training time total (s),training time growing (s),training time pruning (s),pvalue significance fdr,pvalue significance fwer,induction measure,pruning measure,voting measure
complex,no_discretization,cpu,0,0.1649458834014816,0.0537836593306563,4226001734370.32,1.7681646580527024,0.5765428251261149,42260017343.7032,0.7383177570093458,0.4034029100518342,0.0620397475014627,0.0244902949393712,491596875279.2063,0.7403060932411557,0.2922370786319225,4915968752.792063,0.5078080889136121,0.8099840269160566,26,1.3461538461538463,3.3076923076923075,121.0,4.653846153846154,0.650788269324891,0.8732887612613401,0.0879705400981997,66.559473815,64.670005382,1.876606692,0.8461538461538461,0.8076923076923077,C2,C2,C2
