model_type,variant,dataset,M-of-N count,RMSE (test),MAE (test),MAPE (test),rRMSE (test),rMAE (test),rMAPE (test),maxError (test),R2 (test),RMSE (train),MAE (train),MAPE (train),rRMSE (train),rMAE (train),rMAPE (train),maxError (train),R2 (train),rules,plain conditions count,complex conditions count,conditions_count,avg conditions per rule,avg rule quality,avg rule precision,avg rule coverage,training time total (s),training time growing (s),training time pruning (s),pvalue significance fdr,pvalue significance fwer,induction measure,pruning measure,voting measure
plain,no_discretization,cholesterol,0,0.3066863825949429,0.2495800680307547,25503801668945.004,0.7346139252030766,0.5978256741535117,255038016689.45004,0.7259060694243266,-0.3192365871331484,0.0859962363204712,0.0568293696391036,4030016225339.016,0.3086479157697212,0.2039655134237657,40300162253.39016,0.3812785388127854,0.4815770035638839,85,4.694117647058824,0.29411764705882354,424.0,4.988235294117647,0.3534537969039952,0.7631072848719905,0.0214177978883861,12.457557558,10.473648645000004,1.9753827,0.0470588235294117,0.0117647058823529,C2,C2,C2
