model_type,variant,dataset,M-of-N count,RMSE (test),MAE (test),MAPE (test),rRMSE (test),rMAE (test),rMAPE (test),maxError (test),R2 (test),RMSE (train),MAE (train),MAPE (train),rRMSE (train),rMAE (train),rMAPE (train),maxError (train),R2 (train),rules,plain conditions count,complex conditions count,conditions_count,avg conditions per rule,avg rule quality,avg rule precision,avg rule coverage,training time total (s),training time growing (s),training time pruning (s),pvalue significance fdr,pvalue significance fwer,induction measure,pruning measure,voting measure
exact_M-of-N,no_discretization,bolts,1.7777777777777777,0.1094772777638448,0.0818712102786206,34592389237301.05,0.2285480032266914,0.1709167602001778,345923892373.0105,0.2029352851471334,0.9372718224969196,0.2437289181758935,0.1373769624590147,21170298175211.125,0.7943127649238698,0.4477116449879496,211702981752.11124,0.7225067056815412,0.405293865409074,9,0.6666666666666666,0,22.0,2.4444444444444446,0.4746519437721467,0.7253086419753086,0.1666666666666666,0.1292371749877929,0.07797629,0.028174605,0.4444444444444444,0.3333333333333333,C2,C2,C2
