model_type,variant,dataset,M-of-N count,RMSE (test),MAE (test),MAPE (test),rRMSE (test),rMAE (test),rMAPE (test),maxError (test),R2 (test),RMSE (train),MAE (train),MAPE (train),rRMSE (train),rMAE (train),rMAPE (train),maxError (train),R2 (train),rules,plain conditions count,complex conditions count,conditions_count,avg conditions per rule,avg rule quality,avg rule precision,avg rule coverage,training time total (s),training time growing (s),training time pruning (s),pvalue significance fdr,pvalue significance fwer,induction measure,pruning measure,voting measure
complex,no_discretization,strike,0,0.3093487680566255,0.2088698043896466,764319511538.0447,1.4194894069100334,0.958427850277402,7643195115.380446,0.9920364233660682,-0.7732237804001589,0.0860076139715561,0.035813738478308,535841793193.6069,1.9541088845746564,0.8136947569948827,5358417931.936069,0.9924074949953012,-0.0639410673042231,65,1.4615384615384615,7.815384615384615,603.0,9.276923076923078,0.508960109109567,0.9162471158417328,0.0871886120996441,5151.746122505,5055.683517038999,96.028154698,0.8769230769230769,0.7846153846153846,C2,C2,C2
