model_type,variant,dataset,M-of-N count,RMSE (test),MAE (test),MAPE (test),rRMSE (test),rMAE (test),rMAPE (test),maxError (test),R2 (test),RMSE (train),MAE (train),MAPE (train),rRMSE (train),rMAE (train),rMAPE (train),maxError (train),R2 (train),rules,plain conditions count,complex conditions count,conditions_count,avg conditions per rule,avg rule quality,avg rule precision,avg rule coverage,training time total (s),training time growing (s),training time pruning (s),pvalue significance fdr,pvalue significance fwer,induction measure,pruning measure,voting measure
plain,no_discretization,dee,0,0.1722312121664388,0.1415915456493724,37274494827616.375,0.3594447916090842,0.2955001185868919,372744948276.16376,0.3974421934225123,0.6429765929915763,0.1288664360196615,0.0913854497692354,4235428324972.352,0.2570433198393582,0.1822819045768695,42354283249.72352,0.457334546996777,0.6571208459697151,48,2.4791666666666665,0.4791666666666667,142.0,2.9583333333333335,0.4826366299401336,0.7953826748175411,0.1466590447154472,4178.571578453,3064.7087667570004,1113.8562801110004,0.875,0.75,C2,C2,C2
