model_type,variant,dataset,M-of-N count,RMSE (test),MAE (test),MAPE (test),rRMSE (test),rMAE (test),rMAPE (test),maxError (test),R2 (test),RMSE (train),MAE (train),MAPE (train),rRMSE (train),rMAE (train),rMAPE (train),maxError (train),R2 (train),rules,plain conditions count,complex conditions count,conditions_count,avg conditions per rule,avg rule quality,avg rule precision,avg rule coverage,training time total (s),training time growing (s),training time pruning (s),pvalue significance fdr,pvalue significance fwer,induction measure,pruning measure,voting measure
plain,no_discretization,ozone,0,0.251944072173871,0.1696409382271329,14345499206856.623,0.7487903014608528,0.5041812977744293,143454992068.56622,0.7837837837837838,0.1253270619716946,0.1360188190186435,0.0930235830705954,3050588709445.846,0.4718152784709198,0.3226755537761278,30505887094.45846,0.7297297297297298,0.6054533971836564,30,2.3666666666666667,0.7,92.0,3.066666666666667,0.451947224112004,0.817962354913368,0.0763187429854096,121.651452322,99.219211056,22.427996486,0.6,0.4333333333333333,C2,C2,C2
