model_type,variant,dataset,M-of-N count,RMSE (test),MAE (test),MAPE (test),rRMSE (test),rMAE (test),rMAPE (test),maxError (test),R2 (test),RMSE (train),MAE (train),MAPE (train),rRMSE (train),rMAE (train),rMAPE (train),maxError (train),R2 (train),rules,plain conditions count,complex conditions count,conditions_count,avg conditions per rule,avg rule quality,avg rule precision,avg rule coverage,training time total (s),training time growing (s),training time pruning (s),pvalue significance fdr,pvalue significance fwer,induction measure,pruning measure,voting measure
plain,no_discretization,dee,0,0.1971073935103738,0.1515649986592029,44076214949606.72,0.4034240257609682,0.3102114072668376,440762149496.0672,0.5275541736373619,0.2366487995897855,0.123702721233842,0.0929303896360357,4822929295397.904,0.2413053933823661,0.1812781805010554,48229292953.97904,0.4270879255957016,0.695855209349463,18,1.7777777777777777,0.6666666666666666,44.0,2.4444444444444446,0.4163797972354285,0.743719941324108,0.0803782505910165,834.57694145,650.7589096789999,183.814485401,0.6111111111111112,0.5,C2,C2,C2
