model_type,variant,dataset,M-of-N count,RMSE (test),MAE (test),MAPE (test),rRMSE (test),rMAE (test),rMAPE (test),maxError (test),R2 (test),RMSE (train),MAE (train),MAPE (train),rRMSE (train),rMAE (train),rMAPE (train),maxError (train),R2 (train),rules,plain conditions count,complex conditions count,conditions_count,avg conditions per rule,avg rule quality,avg rule precision,avg rule coverage,training time total (s),training time growing (s),training time pruning (s),pvalue significance fdr,pvalue significance fwer,induction measure,pruning measure,voting measure
complex,no_discretization,servo,0,0.4158522062419902,0.2577562491326804,22808843161460.13,1.3851244399484597,0.8585369389993377,228088431614.6013,0.9139021303340862,-0.3573165339527862,0.232644234590049,0.1166043664882244,2520560980436.943,1.3371713659960796,0.6702079692321581,25205609804.36943,0.91838679497077,-0.1597265122252154,11,0,2.909090909090909,32.0,2.909090909090909,0.5563421743984365,0.8783139749901764,0.1254545454545454,0.091462395,0.081891709,0.005092625,0.8181818181818182,0.8181818181818182,C2,C2,C2
