model_type,variant,dataset,M-of-N count,RMSE (test),MAE (test),MAPE (test),rRMSE (test),rMAE (test),rMAPE (test),maxError (test),R2 (test),RMSE (train),MAE (train),MAPE (train),rRMSE (train),rMAE (train),rMAPE (train),maxError (train),R2 (train),rules,plain conditions count,complex conditions count,conditions_count,avg conditions per rule,avg rule quality,avg rule precision,avg rule coverage,training time total (s),training time growing (s),training time pruning (s),pvalue significance fdr,pvalue significance fwer,induction measure,pruning measure,voting measure
complex,no_discretization,ele-1,0,0.2742823154327897,0.1881544027354235,12434314927429.396,0.7268813304513795,0.4986319383180303,124343149274.29396,0.922600307069544,-0.3629226608272256,0.1242893040585688,0.0731897006563157,708414664307.2795,0.5822973163027426,0.342894882194294,7084146643.072796,0.8619893024447227,0.3389392735414664,44,0.8409090909090909,8.022727272727273,390.0,8.863636363636363,0.5582852858404546,0.8983577277584218,0.1079800244598451,1486.492581266,1471.91754866,14.563351157,0.9318181818181818,0.8863636363636364,C2,C2,C2
