model_type,variant,dataset,M-of-N count,RMSE (test),MAE (test),MAPE (test),rRMSE (test),rMAE (test),rMAPE (test),maxError (test),R2 (test),RMSE (train),MAE (train),MAPE (train),rRMSE (train),rMAE (train),rMAPE (train),maxError (train),R2 (train),rules,plain conditions count,complex conditions count,conditions_count,avg conditions per rule,avg rule quality,avg rule precision,avg rule coverage,training time total (s),training time growing (s),training time pruning (s),pvalue significance fdr,pvalue significance fwer,induction measure,pruning measure,voting measure
plain,no_discretization,bodyfat,0,0.2208798009992056,0.1869665648185643,15170019797458.955,0.43393652105544,0.3673111815749327,151700197974.58957,0.4435466149339451,0.4176603536157688,0.1026217047191302,0.0738574840238972,8019393725529.092,0.2552758111784297,0.1837236011368226,80193937255.29092,0.4042105263157894,0.6603979159754731,21,2.8095238095238093,0.5714285714285714,71.0,3.380952380952381,0.4973272900791267,0.7736738570071905,0.0646108663729809,82.038465138,68.69129324699999,13.339335358,0.7142857142857143,0.5714285714285714,C2,C2,C2
