model_type,variant,dataset,M-of-N count,RMSE (test),MAE (test),MAPE (test),rRMSE (test),rMAE (test),rMAPE (test),maxError (test),R2 (test),RMSE (train),MAE (train),MAPE (train),rRMSE (train),rMAE (train),rMAPE (train),maxError (train),R2 (train),rules,plain conditions count,complex conditions count,conditions_count,avg conditions per rule,avg rule quality,avg rule precision,avg rule coverage,training time total (s),training time growing (s),training time pruning (s),pvalue significance fdr,pvalue significance fwer,induction measure,pruning measure,voting measure
plain,no_discretization,diabetes,0,0.2874264183676177,0.2454078446175122,312255104831358.3,0.4892364567959449,0.4177154802000208,3122551048313.583,0.4756329721028826,0.3357672685375936,0.1390059044126005,0.0978340752427784,32082313695337.45,0.2885585390537747,0.2030910696997283,320823136953.3745,0.4722222222222221,0.5281048300960746,13,0.7692307692307693,0.6923076923076923,19.0,1.4615384615384615,0.3404447357303011,0.6860696283773208,0.2044534412955466,0.321486822,0.277008853,0.041408711,0.2307692307692307,0.0769230769230769,C2,C2,C2
