model_type,variant,dataset,M-of-N count,RMSE (test),MAE (test),MAPE (test),rRMSE (test),rMAE (test),rMAPE (test),maxError (test),R2 (test),RMSE (train),MAE (train),MAPE (train),rRMSE (train),rMAE (train),rMAPE (train),maxError (train),R2 (train),rules,plain conditions count,complex conditions count,conditions_count,avg conditions per rule,avg rule quality,avg rule precision,avg rule coverage,training time total (s),training time growing (s),training time pruning (s),pvalue significance fdr,pvalue significance fwer,induction measure,pruning measure,voting measure
complex,no_discretization,fruitfly,0,0.418011721474986,0.3592327942248891,92666658999393.42,0.7462027424677437,0.6412750706824467,926666589993.9342,0.7578915644931865,-1.371946505585306,0.1985580250100154,0.1289689803436265,8856636435340.957,0.7408893611564089,0.4812283233123578,88566364353.40958,0.8024691358024691,0.0272794245091451,21,0.42857142857142855,1.7619047619047619,46.0,2.1904761904761907,0.3822616865005043,0.7890811375055073,0.0884955752212389,1.777055649,1.740544688,0.025563344,0.0,0.0,C2,C2,C2
