model_type,variant,dataset,M-of-N count,RMSE (test),MAE (test),MAPE (test),rRMSE (test),rMAE (test),rMAPE (test),maxError (test),R2 (test),RMSE (train),MAE (train),MAPE (train),rRMSE (train),rMAE (train),rMAPE (train),maxError (train),R2 (train),rules,plain conditions count,complex conditions count,conditions_count,avg conditions per rule,avg rule quality,avg rule precision,avg rule coverage,training time total (s),training time growing (s),training time pruning (s),pvalue significance fdr,pvalue significance fwer,induction measure,pruning measure,voting measure
plain,no_discretization,lowbwt,0,0.1987410234716708,0.1573578441287786,71903753449153.2,0.3260117938096654,0.2581274471586757,719037534491.532,0.4546581012951486,0.2204796269688366,0.1138823552998333,0.0887085453657554,8036301856082.072,0.2367858248430153,0.1844440785383473,80363018560.82072,0.4429327286470144,0.5915159228306835,7,2.857142857142857,0.2857142857142857,22.0,3.142857142857143,0.5044582667302944,0.7588186284614855,0.2369747899159664,0.609920906,0.4464216599999999,0.160275902,0.8571428571428571,0.8571428571428571,C2,C2,C2
