model_type,variant,dataset,M-of-N count,RMSE (test),MAE (test),MAPE (test),rRMSE (test),rMAE (test),rMAPE (test),maxError (test),R2 (test),RMSE (train),MAE (train),MAPE (train),rRMSE (train),rMAE (train),rMAPE (train),maxError (train),R2 (train),rules,plain conditions count,complex conditions count,conditions_count,avg conditions per rule,avg rule quality,avg rule precision,avg rule coverage,training time total (s),training time growing (s),training time pruning (s),pvalue significance fdr,pvalue significance fwer,induction measure,pruning measure,voting measure
plain,no_discretization,servo,0,0.14994902682948089,0.07763812060791213,1317084975366.786,0.82915180217465,0.4293044708633407,13170849753.667858,0.48787893572262897,0.5453241115613461,0.1502619253278206,0.07667848122976355,1451159493817.2417,0.8320929438920388,0.42461603656712443,14511594938.172417,0.48787893572262897,0.5464934860362293,14,33,0,33.0,2.357142857142857,0.39981822877675505,0.7324907235621522,0.0748502994011976,0.183418643,0.146658947,0.007482140000000001,0.9285714285714286,0.9285714285714286,C2,C2,C2
