model_type,variant,dataset,M-of-N count,RMSE (test),MAE (test),MAPE (test),rRMSE (test),rMAE (test),rMAPE (test),maxError (test),R2 (test),RMSE (train),MAE (train),MAPE (train),rRMSE (train),rMAE (train),rMAPE (train),maxError (train),R2 (train),rules,plain conditions count,complex conditions count,conditions_count,avg conditions per rule,avg rule quality,avg rule precision,avg rule coverage,training time total (s),training time growing (s),training time pruning (s),pvalue significance fdr,pvalue significance fwer,induction measure,pruning measure,voting measure
at_least_M-of-N,no_discretization,auto93,0.2727272727272727,0.2349446076783727,0.1579586809558455,24381146555693.688,1.05585778233324,0.7098775503825944,243811465556.9369,0.6296610851072894,0.3340719728085315,0.1140273577745888,0.0707034271788844,2612265702395.5537,0.5083428219807846,0.315201372699321,26122657023.955536,0.6296610851072894,0.5675088929902967,11,2.090909090909091,0.36363636363636365,30.0,2.727272727272727,0.6168995244549318,0.8602018979626055,0.2456709956709956,0.3838212490081787,0.2066710539999999,0.114129532,0.6363636363636364,0.6363636363636364,C2,C2,C2
