model_type,variant,dataset,M-of-N count,RMSE (test),MAE (test),MAPE (test),rRMSE (test),rMAE (test),rMAPE (test),maxError (test),R2 (test),RMSE (train),MAE (train),MAPE (train),rRMSE (train),rMAE (train),rMAPE (train),maxError (train),R2 (train),rules,plain conditions count,complex conditions count,conditions_count,avg conditions per rule,avg rule quality,avg rule precision,avg rule coverage,training time total (s),training time growing (s),training time pruning (s),pvalue significance fdr,pvalue significance fwer,induction measure,pruning measure,voting measure
complex,no_discretization,strike,0,0.2092728531872875,0.1280779104899748,1061377508835.022,1.4725369909244288,0.9012132153997529,10613775088.35022,0.9815714285714284,-0.4559491198791252,0.0851712308072123,0.0344670322736537,499427849857.8053,1.9155468390650097,0.7751821137021568,4994278498.5780525,0.9924382735672856,-0.0455842255999936,55,1.6727272727272726,5.8545454545454545,414.0,7.527272727272727,0.5223629876870345,0.9318709618523728,0.0986088644451633,4286.028417974,4212.277989632,73.72508346199999,0.8,0.7818181818181819,C2,C2,C2
