model_type,variant,dataset,M-of-N count,RMSE (test),MAE (test),MAPE (test),rRMSE (test),rMAE (test),rMAPE (test),maxError (test),R2 (test),RMSE (train),MAE (train),MAPE (train),rRMSE (train),rMAE (train),rMAPE (train),maxError (train),R2 (train),rules,plain conditions count,complex conditions count,conditions_count,avg conditions per rule,avg rule quality,avg rule precision,avg rule coverage,training time total (s),training time growing (s),training time pruning (s),pvalue significance fdr,pvalue significance fwer,induction measure,pruning measure,voting measure
plain,no_discretization,pyrim,0,0.4422868890839785,0.4122372809520288,336899198541940.94,1.1486532150740485,1.0706120615956656,3368991985419.409,0.5984531955184363,-0.4080841570225577,0.0998848871605467,0.0588920983343071,42221246506598.47,0.1444079308364193,0.0851428710071306,422212465065.9847,0.6187499999999999,0.6067788409883885,12,3.75,0.08333333333333333,46.0,3.8333333333333335,0.595598267319329,0.8336742838898011,0.1666666666666666,0.11839704,0.0892752959999999,0.022716108,0.8333333333333334,0.5833333333333334,C2,C2,C2
