model_type,variant,dataset,M-of-N count,RMSE (test),MAE (test),MAPE (test),rRMSE (test),rMAE (test),rMAPE (test),maxError (test),R2 (test),RMSE (train),MAE (train),MAPE (train),rRMSE (train),rMAE (train),rMAPE (train),maxError (train),R2 (train),rules,plain conditions count,complex conditions count,conditions_count,avg conditions per rule,avg rule quality,avg rule precision,avg rule coverage,training time total (s),training time growing (s),training time pruning (s),pvalue significance fdr,pvalue significance fwer,induction measure,pruning measure,voting measure
plain,no_discretization,fruitfly,0,0.19799768006509907,0.13271435396895656,7163732175033.429,0.6975534706153987,0.46755779250084445,71637321750.33429,0.7597573993826909,0.09355551765045045,0.17982237576274449,0.12325368097134425,7908760321236.79,0.6564029029801037,0.4499110505542303,79087603212.3679,0.7597573993826909,0.13070831668930782,21,22,30,63.0,3.0,0.28917042050680564,0.7132921737760447,0.07733333333333335,1.143323549,0.9980388470000002,0.141558499,0.047619047619047616,0.047619047619047616,C2,C2,C2
