model_type,variant,dataset,M-of-N count,RMSE (test),MAE (test),MAPE (test),rRMSE (test),rMAE (test),rMAPE (test),maxError (test),R2 (test),RMSE (train),MAE (train),MAPE (train),rRMSE (train),rMAE (train),rMAPE (train),maxError (train),R2 (train),rules,plain conditions count,complex conditions count,conditions_count,avg conditions per rule,avg rule quality,avg rule precision,avg rule coverage,training time total (s),training time growing (s),training time pruning (s),pvalue significance fdr,pvalue significance fwer,induction measure,pruning measure,voting measure
at_least_M-of-N,no_discretization,cholesterol,0.46938775510204084,0.2160697924631863,0.153887081367733,39192546135468.82,0.6682741854387115,0.4759516023883072,391925461354.6882,0.744527438699777,-0.0816783836031231,0.1083256688889049,0.0803342640382437,4229949014247.047,0.3910398111913636,0.289994936231864,42299490142.47047,0.4240435381099686,0.1472723487853189,49,1.7755102040816326,1.469387755102041,182.0,3.7142857142857144,0.3174543544656478,0.7862091455969855,0.078406362545018,2.6095073223114014,1.699006568,0.6878020990000003,0.0204081632653061,0.0204081632653061,C2,C2,C2
