model_type,variant,dataset,M-of-N count,RMSE (test),MAE (test),MAPE (test),rRMSE (test),rMAE (test),rMAPE (test),maxError (test),R2 (test),RMSE (train),MAE (train),MAPE (train),rRMSE (train),rMAE (train),rMAPE (train),maxError (train),R2 (train),rules,plain conditions count,complex conditions count,conditions_count,avg conditions per rule,avg rule quality,avg rule precision,avg rule coverage,training time total (s),training time growing (s),training time pruning (s),pvalue significance fdr,pvalue significance fwer,induction measure,pruning measure,voting measure
exact_M-of-N,no_discretization,dee,0.3076923076923077,0.1573615341117873,0.126172825257138,33781206447008.973,0.2933556197981944,0.2352131832211496,337812064470.0897,0.42742457267389,0.6596583869640251,0.1458942256510305,0.1031490187263071,3425085511981.4907,0.2881738676349329,0.2037424821747774,34250855119.814907,0.5104163962528863,0.5691791557032043,13,2.923076923076923,1.1538461538461537,57.0,4.384615384615385,0.4695089613403672,0.7602845302229403,0.1690437222352116,17.507848024368286,1.492235968,1.581311507,1.0,1.0,C2,C2,C2
