model_type,variant,dataset,M-of-N count,RMSE (test),MAE (test),MAPE (test),rRMSE (test),rMAE (test),rMAPE (test),maxError (test),R2 (test),RMSE (train),MAE (train),MAPE (train),rRMSE (train),rMAE (train),rMAPE (train),maxError (train),R2 (train),rules,plain conditions count,complex conditions count,conditions_count,avg conditions per rule,avg rule quality,avg rule precision,avg rule coverage,training time total (s),training time growing (s),training time pruning (s),pvalue significance fdr,pvalue significance fwer,induction measure,pruning measure,voting measure
complex,no_discretization,cholesterol,0,0.2055844848842953,0.1423265817974815,36153510044438.88,0.6358445695193479,0.4401965653444747,361535100444.38873,0.7328767123287672,0.0207564641238032,0.1096333414145842,0.0793397388171891,4422854186831.873,0.3957603176307581,0.2864048457329529,44228541868.31873,0.3789954337899543,0.1265603785326283,30,0.3333333333333333,2.4,82.0,2.7333333333333334,0.3939063583924945,0.8045889647200389,0.0276960784313725,24.788797608,24.239515389,0.531563565,0.4666666666666667,0.0333333333333333,C2,C2,C2
