model_type,variant,dataset,M-of-N count,RMSE (test),MAE (test),MAPE (test),rRMSE (test),rMAE (test),rMAPE (test),maxError (test),R2 (test),RMSE (train),MAE (train),MAPE (train),rRMSE (train),rMAE (train),rMAPE (train),maxError (train),R2 (train),rules,plain conditions count,complex conditions count,conditions_count,avg conditions per rule,avg rule quality,avg rule precision,avg rule coverage,training time total (s),training time growing (s),training time pruning (s),pvalue significance fdr,pvalue significance fwer,induction measure,pruning measure,voting measure
at_least_M-of-N,no_discretization,elusage,0,0.18164372056581746,0.1103986889726913,11351883667966.168,0.5069011404343493,0.3080823337487026,113518836679.66168,0.8435109484251364,0.5090484953490668,0.1869816749985912,0.11369695437501112,12590270977198.824,0.5191949069586942,0.31570409051403336,125902709771.98824,0.8435109484251364,0.4856693243475516,3,4,2,6.0,2.0,0.612887284543447,0.7928571428571428,0.43636363636363634,0.024918556213378906,0.011183198,0.0008487939999999999,0.6666666666666666,0.6666666666666666,C2,C2,C2
