model_type,variant,dataset,M-of-N count,RMSE (test),MAE (test),MAPE (test),rRMSE (test),rMAE (test),rMAPE (test),maxError (test),R2 (test),RMSE (train),MAE (train),MAPE (train),rRMSE (train),rMAE (train),rMAPE (train),maxError (train),R2 (train),rules,plain conditions count,complex conditions count,conditions_count,avg conditions per rule,avg rule quality,avg rule precision,avg rule coverage,training time total (s),training time growing (s),training time pruning (s),pvalue significance fdr,pvalue significance fwer,induction measure,pruning measure,voting measure
plain,no_discretization,dee,0,0.1759959791503307,0.1303368879243307,35750307304629.52,0.3360100637102889,0.2488381054310743,357503073046.2952,0.4678577111978637,0.4968393275857397,0.1336276144954309,0.099149377396179,3921927661863.6914,0.2746168123911219,0.2037609222757923,39219276618.63692,0.4800201375213765,0.6645514741493711,46,2.369565217391304,0.34782608695652173,125.0,2.717391304347826,0.4795055309401513,0.778835426653462,0.1704770714946478,5889.987396976,4149.022414587999,1740.958390034,0.8478260869565217,0.7391304347826086,C2,C2,C2
