dataset,RMSE (test),MAE (test),MAPE (test),rRMSE (test),rMAE (test),rMAPE (test),maxError (test),R2 (test),RMSE (train),MAE (train),MAPE (train),rRMSE (train),rMAE (train),rMAPE (train),maxError (train),R2 (train),rules,conditions_count,avg conditions per rule
breasttumor,0.2726212050236948,0.22839285714285712,64337137533864.56,0.4176959639213929,0.34993160054719563,643371375338.6456,0.5,-0.24767367477215885,0.03669484470476714,0.009069767441860468,4713069377480.7705,0.07488743817299415,0.018509729473184626,47130693774.80771,0.20000000000000007,0.9688089209718257,196,391,16.572890025575447
