model_type,variant,dataset,M-of-N count,RMSE (test),MAE (test),MAPE (test),rRMSE (test),rMAE (test),rMAPE (test),maxError (test),R2 (test),RMSE (train),MAE (train),MAPE (train),rRMSE (train),rMAE (train),rMAPE (train),maxError (train),R2 (train),rules,plain conditions count,complex conditions count,conditions_count,avg conditions per rule,avg rule quality,avg rule precision,avg rule coverage,training time total (s),training time growing (s),training time pruning (s),pvalue significance fdr,pvalue significance fwer,induction measure,pruning measure,voting measure
complex,no_discretization,pharynx,0,0.2373079500214015,0.1645814770690722,59388701952661.71,1.0167079607226153,0.7051230180384666,593887019526.6171,0.749448123620309,0.0100736410064681,0.1037861597665081,0.0498843434690267,190643798193.79495,0.3321090464114371,0.159626695675325,1906437981.93795,0.5033112582781456,0.7968901180609721,60,0.2,1.3166666666666667,91.0,1.5166666666666666,0.5511388216253058,0.7029254908565254,0.0278409090909091,2391.318801899,2390.73296472,0.286110561,0.9666666666666668,0.85,C2,C2,C2
