model_type,variant,dataset,M-of-N count,RMSE (test),MAE (test),MAPE (test),rRMSE (test),rMAE (test),rMAPE (test),maxError (test),R2 (test),RMSE (train),MAE (train),MAPE (train),rRMSE (train),rMAE (train),rMAPE (train),maxError (train),R2 (train),rules,plain conditions count,complex conditions count,conditions_count,avg conditions per rule,avg rule quality,avg rule precision,avg rule coverage,training time total (s),training time growing (s),training time pruning (s),pvalue significance fdr,pvalue significance fwer,induction measure,pruning measure,voting measure
at_least_M-of-N,no_discretization,ele-1,0,0.190475860670549,0.1257797978398772,4866262616197.251,0.6562685335915885,0.4333636986504802,48662626161.97251,0.7494356616253623,0.1171446381087779,0.1161518846874738,0.0745027460158735,268336883787.15616,0.5337231261296091,0.3423434636108021,2683368837.871561,0.6794163652148215,0.4246437049190679,18,0.7777777777777778,2,50.0,2.7777777777777777,0.4677655022886779,0.7937520209045152,0.0915106117353308,219.8910551071167,9.086326610000002,85.30847401999999,0.8888888888888888,0.8333333333333334,C2,C2,C2
