model_type,variant,dataset,M-of-N count,RMSE (test),MAE (test),MAPE (test),rRMSE (test),rMAE (test),rMAPE (test),maxError (test),R2 (test),RMSE (train),MAE (train),MAPE (train),rRMSE (train),rMAE (train),rMAPE (train),maxError (train),R2 (train),rules,plain conditions count,complex conditions count,conditions_count,avg conditions per rule,avg rule quality,avg rule precision,avg rule coverage,training time total (s),training time growing (s),training time pruning (s),pvalue significance fdr,pvalue significance fwer,induction measure,pruning measure,voting measure
exact_M-of-N,no_discretization,dee,0.5833333333333334,0.1972219490187956,0.1522657355124844,35231353053165.85,0.4036584890327794,0.311645620754801,352313530531.6585,0.4993861359374967,0.2357612479418447,0.1515046841771729,0.1086241691848561,3855102461744.839,0.2955383442659646,0.211891845341342,38551024617.44839,0.5237371881377508,0.5437803401658039,12,3.0833333333333335,1.5,62.0,5.166666666666667,0.497865517258731,0.786822859393804,0.2246707193515703,13.915700197219849,0.8135820539999998,0.6361543920000001,1.0,1.0,C2,C2,C2
