model_type,variant,dataset,M-of-N count,RMSE (test),MAE (test),MAPE (test),rRMSE (test),rMAE (test),rMAPE (test),maxError (test),R2 (test),RMSE (train),MAE (train),MAPE (train),rRMSE (train),rMAE (train),rMAPE (train),maxError (train),R2 (train),rules,plain conditions count,complex conditions count,conditions_count,avg conditions per rule,avg rule quality,avg rule precision,avg rule coverage,training time total (s),training time growing (s),training time pruning (s),pvalue significance fdr,pvalue significance fwer,induction measure,pruning measure,voting measure
complex,no_discretization,veteran,0,0.3091463874748836,0.1963907038117758,17335607758424.943,1.311426368386334,0.8331067672774859,173356077584.24942,0.9677431715556646,-0.5376979257249039,0.1685734588508149,0.0860271113579797,697072135491.9706,1.3558554820975584,0.6919258306668489,6970721354.919705,0.9208416833667334,-0.0727490681592462,9,1.1111111111111112,2.4444444444444446,32.0,3.5555555555555554,0.5048623355830822,0.8768778754620432,0.1689250225835591,1.341804793,1.284040551,0.045424054,1.0,1.0,C2,C2,C2
