model_type,variant,dataset,M-of-N count,RMSE (test),MAE (test),MAPE (test),rRMSE (test),rMAE (test),rMAPE (test),maxError (test),R2 (test),RMSE (train),MAE (train),MAPE (train),rRMSE (train),rMAE (train),rMAPE (train),maxError (train),R2 (train),rules,plain conditions count,complex conditions count,conditions_count,avg conditions per rule,avg rule quality,avg rule precision,avg rule coverage,training time total (s),training time growing (s),training time pruning (s),pvalue significance fdr,pvalue significance fwer,induction measure,pruning measure,voting measure
exact_M-of-N,no_discretization,ozone,0.21739130434782608,0.2030586586974933,0.1371938108983678,16763296852819.725,0.6497877078319786,0.4390201948747772,167632968528.19724,0.6672330664605711,0.3590895053709884,0.1426753767691631,0.1014902587564722,3725177078404.804,0.4910302897952813,0.3492879591214761,37251770784.04804,0.7750708900734673,0.5629933801634096,23,2.869565217391304,1.2173913043478262,99.0,4.304347826086956,0.4633014643845815,0.8119526736221223,0.1279461279461279,1169.4414689540863,7.881715553999999,7.592707044000001,0.6521739130434783,0.3478260869565217,C2,C2,C2
