model_type,variant,dataset,M-of-N count,RMSE (test),MAE (test),MAPE (test),rRMSE (test),rMAE (test),rMAPE (test),maxError (test),R2 (test),RMSE (train),MAE (train),MAPE (train),rRMSE (train),rMAE (train),rMAPE (train),maxError (train),R2 (train),rules,plain conditions count,complex conditions count,conditions_count,avg conditions per rule,avg rule quality,avg rule precision,avg rule coverage,training time total (s),training time growing (s),training time pruning (s),pvalue significance fdr,pvalue significance fwer,induction measure,pruning measure,voting measure
at_least_M-of-N,no_discretization,machine,0,0.2056579894303544,0.1116861042080572,5177779976614.127,1.3703361848026752,0.7441846064909252,51777799766.14127,0.7631118881118881,0.1624492696662358,0.1213776271465673,0.0511227378220852,1242114993878.1355,1.352376782140938,0.5696041790846764,12421149938.781357,0.9667832167832168,0.2952261439116534,6,1.6666666666666667,1.3333333333333333,18.0,3.0,0.6455880415623133,0.929503613430029,0.4751773049645389,1.959181785583496,0.141395267,0.028185093,0.8333333333333334,0.8333333333333334,C2,C2,C2
