model_type,variant,dataset,M-of-N count,RMSE (test),MAE (test),MAPE (test),rRMSE (test),rMAE (test),rMAPE (test),maxError (test),R2 (test),RMSE (train),MAE (train),MAPE (train),rRMSE (train),rMAE (train),rMAPE (train),maxError (train),R2 (train),rules,plain conditions count,complex conditions count,conditions_count,avg conditions per rule,avg rule quality,avg rule precision,avg rule coverage,training time total (s),training time growing (s),training time pruning (s),pvalue significance fdr,pvalue significance fwer,induction measure,pruning measure,voting measure
plain,no_discretization,auto-mpg,0,0.1928200561253173,0.144259564948305,15355972542862.14,0.4209463066570131,0.3149336862834946,153559725428.6214,0.565544384693321,0.4388151838760011,0.117266031242283,0.0848177734734012,1668197574294.4282,0.301499742123166,0.2180728430798192,16681975742.944284,0.5053191489361701,0.6867836265025957,13,2.4615384615384617,0.15384615384615385,34.0,2.6153846153846154,0.5022801832687956,0.8122854704017792,0.1583458324405399,6.199398886,4.380887334,1.814849332,1.0,1.0,C2,C2,C2
