model_type,variant,dataset,M-of-N count,RMSE (test),MAE (test),MAPE (test),rRMSE (test),rMAE (test),rMAPE (test),maxError (test),R2 (test),RMSE (train),MAE (train),MAPE (train),rRMSE (train),rMAE (train),rMAPE (train),maxError (train),R2 (train),rules,plain conditions count,complex conditions count,conditions_count,avg conditions per rule,avg rule quality,avg rule precision,avg rule coverage,training time total (s),training time growing (s),training time pruning (s),pvalue significance fdr,pvalue significance fwer,induction measure,pruning measure,voting measure
complex,no_discretization,auto-mpg,0,0.2174525504628248,0.1520128563972861,34083666595871.145,0.4991224075693012,0.3489176038865129,340836665958.7114,0.5759531932361485,0.4486087113935486,0.1240283849606855,0.0882933023956775,1672857344055.0469,0.3249739721023855,0.2313424076162527,16728573440.550468,0.5319148936170213,0.6224507720143335,17,1.2352941176470589,4.411764705882353,96.0,5.647058823529412,0.5724396808046358,0.862707184749791,0.1391718698652645,609.551133694,604.071976814,5.465704468,1.0,1.0,C2,C2,C2
