model_type,variant,dataset,M-of-N count,RMSE (test),MAE (test),MAPE (test),rRMSE (test),rMAE (test),rMAPE (test),maxError (test),R2 (test),RMSE (train),MAE (train),MAPE (train),rRMSE (train),rMAE (train),rMAPE (train),maxError (train),R2 (train),rules,plain conditions count,complex conditions count,conditions_count,avg conditions per rule,avg rule quality,avg rule precision,avg rule coverage,training time total (s),training time growing (s),training time pruning (s),pvalue significance fdr,pvalue significance fwer,induction measure,pruning measure,voting measure
exact_M-of-N,no_discretization,fruitfly,0.5333333333333333,0.3552878625387142,0.2839030613684659,91903791193325.64,1.0232290441114968,0.8176408167411818,919037911933.2563,0.8299289741092619,-0.4334579363545008,0.1945130694224394,0.1306468749135016,8262593747604.712,0.6868742763979894,0.4613467770383026,82625937476.04712,0.7926829268292683,0.0411496879761251,15,0.4666666666666667,1.6666666666666667,40.0,2.6666666666666665,0.3967434379611833,0.8475457875457876,0.1657817109144543,0.8104817867279053,0.4452227849999999,0.156520067,0.0,0.0,C2,C2,C2
