model_type,variant,dataset,M-of-N count,RMSE (test),MAE (test),MAPE (test),rRMSE (test),rMAE (test),rMAPE (test),maxError (test),R2 (test),RMSE (train),MAE (train),MAPE (train),rRMSE (train),rMAE (train),rMAPE (train),maxError (train),R2 (train),rules,plain conditions count,complex conditions count,conditions_count,avg conditions per rule,avg rule quality,avg rule precision,avg rule coverage,training time total (s),training time growing (s),training time pruning (s),pvalue significance fdr,pvalue significance fwer,induction measure,pruning measure,voting measure
plain,no_discretization,pwlinear,0,0.1802860914642891,0.1428092260325389,75617207717203.7,0.347370110798519,0.2751607529291853,756172077172.037,0.3789985296320433,0.5548613449227908,0.1183625749392866,0.0880529562618519,8401911968578.48,0.2579684308509262,0.1919093342663982,84019119685.7848,0.3430195676338043,0.6428491591282421,29,4.413793103448276,0.10344827586206896,131.0,4.517241379310345,0.4279894821277334,0.7794956958750064,0.0637931034482758,0.110974978,0.0924065359999999,0.0135928679999999,0.6551724137931034,0.2068965517241379,C2,C2,C2
