model_type,variant,dataset,M-of-N count,RMSE (test),MAE (test),MAPE (test),rRMSE (test),rMAE (test),rMAPE (test),maxError (test),R2 (test),RMSE (train),MAE (train),MAPE (train),rRMSE (train),rMAE (train),rMAPE (train),maxError (train),R2 (train),rules,plain conditions count,complex conditions count,conditions_count,avg conditions per rule,avg rule quality,avg rule precision,avg rule coverage,training time total (s),training time growing (s),training time pruning (s),pvalue significance fdr,pvalue significance fwer,induction measure,pruning measure,voting measure
exact_M-of-N,no_discretization,ozone,6,0.14288906916373031,0.1024807758693661,3353137984789.81,0.4865981460289203,0.3489906949040203,33531379847.8981,0.56055424797126,0.5618732146861177,0.14330966497078212,0.10287080116855167,3688451783268.753,0.49207283725906903,0.3532206080618717,36884517832.68753,0.56055424797126,0.5605910364680073,38,164,35,205.0,5.394736842105263,0.465506879036959,0.8443515157370768,0.0740829346092504,2790.86563038826,27.95276490699999,55.25129913800001,0.631578947368421,0.47368421052631576,C2,C2,C2
