model_type,variant,dataset,M-of-N count,RMSE (test),MAE (test),MAPE (test),rRMSE (test),rMAE (test),rMAPE (test),maxError (test),R2 (test),RMSE (train),MAE (train),MAPE (train),rRMSE (train),rMAE (train),rMAPE (train),maxError (train),R2 (train),rules,plain conditions count,complex conditions count,conditions_count,avg conditions per rule,avg rule quality,avg rule precision,avg rule coverage,training time total (s),training time growing (s),training time pruning (s),pvalue significance fdr,pvalue significance fwer,induction measure,pruning measure,voting measure
at_least_M-of-N,no_discretization,concrete,0.07692307692307693,0.2482464841166399,0.2228549030196948,204977585459208.75,0.598832825216993,0.5375819587682028,2049775854592.0876,0.4551416698177667,0.2136782171557463,0.136995441947769,0.1004188562814933,18965015519643.15,0.2946547781936961,0.2159845276850098,189650155196.4315,0.3916303821964199,0.4932665175579469,13,2.3846153846153846,1,45.0,3.4615384615384617,0.4549857760257594,0.7855705697810961,0.1133167907361455,2.982616186141968,0.964828903,0.168232054,0.3846153846153846,0.2307692307692307,C2,C2,C2
