model_type,variant,dataset,M-of-N count,RMSE (test),MAE (test),MAPE (test),rRMSE (test),rMAE (test),rMAPE (test),maxError (test),R2 (test),RMSE (train),MAE (train),MAPE (train),rRMSE (train),rMAE (train),rMAPE (train),maxError (train),R2 (train),rules,plain conditions count,complex conditions count,conditions_count,avg conditions per rule,avg rule quality,avg rule precision,avg rule coverage,training time total (s),training time growing (s),training time pruning (s),pvalue significance fdr,pvalue significance fwer,induction measure,pruning measure,voting measure
complex,no_discretization,pharynx,0,0.263503265672165,0.1905234188203964,35727129317540.15,1.0453321040391994,0.7558169943595685,357271293175.4015,0.7521367521367521,-0.0088904822847097,0.1279237151165183,0.0705167616021355,6332256797350.395,0.4071143568225552,0.2244180136475403,63322567973.50394,0.7521367521367521,0.7045111888548761,65,0.13846153846153847,1.2153846153846153,88.0,1.353846153846154,0.5312679025344108,0.6948266716671891,0.0445714285714285,2301.318751401,2300.795089825,0.225666425,0.9692307692307692,0.7846153846153846,C2,C2,C2
