model_type,variant,dataset,M-of-N count,RMSE (test),MAE (test),MAPE (test),rRMSE (test),rMAE (test),rMAPE (test),maxError (test),R2 (test),RMSE (train),MAE (train),MAPE (train),rRMSE (train),rMAE (train),rMAPE (train),maxError (train),R2 (train),rules,plain conditions count,complex conditions count,conditions_count,avg conditions per rule,avg rule quality,avg rule precision,avg rule coverage,training time total (s),training time growing (s),training time pruning (s),pvalue significance fdr,pvalue significance fwer,induction measure,pruning measure,voting measure
plain,no_discretization,pyrim,0,0.3878438483125551,0.3513234290313738,368812378657865.06,0.999574232968801,0.9054516363374184,3688123786578.6494,0.6551423912843718,-0.7153653187242563,0.1034968305201883,0.0594051483050853,42221246506598.46,0.1468553022349827,0.084292059619696,422212465065.9846,0.6187499999999999,0.5698672133817153,12,4,0.16666666666666666,50.0,4.166666666666667,0.5813300242959284,0.8353946208112873,0.1325757575757575,0.187804598,0.1439736269999999,0.036033754,0.9166666666666666,0.5,C2,C2,C2
