model_type,variant,dataset,M-of-N count,RMSE (test),MAE (test),MAPE (test),rRMSE (test),rMAE (test),rMAPE (test),maxError (test),R2 (test),RMSE (train),MAE (train),MAPE (train),rRMSE (train),rMAE (train),rMAPE (train),maxError (train),R2 (train),rules,plain conditions count,complex conditions count,conditions_count,avg conditions per rule,avg rule quality,avg rule precision,avg rule coverage,training time total (s),training time growing (s),training time pruning (s),pvalue significance fdr,pvalue significance fwer,induction measure,pruning measure,voting measure
complex,no_discretization,kidney,0,0.3104653057937781,0.2589373366513799,221563068638272.5,0.749803002671766,0.6253580960637101,2215630686382.725,0.5357142857142856,0.0411459861754641,0.2058425964509824,0.1284526685377054,23653359387450.637,0.5840898713005522,0.3644916257761417,236533593874.50632,0.7857142857142857,0.3268710542045522,19,0.6842105263157895,2,51.0,2.6842105263157894,0.5605353007965276,0.8348684210526315,0.1029411764705882,1.851894157,1.8117951300000008,0.03019635,0.5789473684210527,0.3684210526315789,C2,C2,C2
