model_type,variant,dataset,M-of-N count,RMSE (test),MAE (test),MAPE (test),rRMSE (test),rMAE (test),rMAPE (test),maxError (test),R2 (test),RMSE (train),MAE (train),MAPE (train),rRMSE (train),rMAE (train),rMAPE (train),maxError (train),R2 (train),rules,plain conditions count,complex conditions count,conditions_count,avg conditions per rule,avg rule quality,avg rule precision,avg rule coverage,training time total (s),training time growing (s),training time pruning (s),pvalue significance fdr,pvalue significance fwer,induction measure,pruning measure,voting measure
exact_M-of-N,no_discretization,lowbwt,0.5714285714285714,0.2847231429492048,0.2621731904753017,101706343618125.84,0.8002895996666958,0.736907001923096,1017063436181.2584,0.4290835528540512,0.1094183151161448,0.1222981798888474,0.0902919612142035,13496251216621.229,0.2323482481594773,0.1715412202378721,134962512166.21228,0.5094508607918093,0.4939127428116214,14,0.5,2.857142857142857,55.0,3.9285714285714284,0.5517582326679282,0.8463487698270727,0.2315126050420168,0.3291161060333252,0.127923458,0.028470612,0.7857142857142857,0.6428571428571429,C2,C2,C2
