model_type,variant,dataset,M-of-N count,RMSE (test),MAE (test),MAPE (test),rRMSE (test),rMAE (test),rMAPE (test),maxError (test),R2 (test),RMSE (train),MAE (train),MAPE (train),rRMSE (train),rMAE (train),rMAPE (train),maxError (train),R2 (train),rules,plain conditions count,complex conditions count,conditions_count,avg conditions per rule,avg rule quality,avg rule precision,avg rule coverage,training time total (s),training time growing (s),training time pruning (s),pvalue significance fdr,pvalue significance fwer,induction measure,pruning measure,voting measure
plain,no_discretization,auto93,0,0.3583188767375531,0.2475749659287424,36288713439023.77,0.8767615015172004,0.6057849947568917,362887134390.2377,0.7401041447392952,-0.1985866371406044,0.1248473679939737,0.0654685673042146,6470274772310.19,0.5676909522014421,0.2976908036538482,64702747723.10191,0.8146788990825689,0.5085965936102967,19,3,0.15789473684210525,60.0,3.1578947368421053,0.4976761416470426,0.7577324809022687,0.100250626566416,0.257270896,0.226954906,0.0237990879999999,0.7368421052631579,0.5789473684210527,C2,C2,C2
