model_type,variant,dataset,M-of-N count,RMSE (test),MAE (test),MAPE (test),rRMSE (test),rMAE (test),rMAPE (test),maxError (test),R2 (test),RMSE (train),MAE (train),MAPE (train),rRMSE (train),rMAE (train),rMAPE (train),maxError (train),R2 (train),rules,plain conditions count,complex conditions count,conditions_count,avg conditions per rule,avg rule quality,avg rule precision,avg rule coverage,training time total (s),training time growing (s),training time pruning (s),pvalue significance fdr,pvalue significance fwer,induction measure,pruning measure,voting measure
plain,no_discretization,pollution,0,0.2932328599696521,0.2584852940591137,311207364608416.2,0.607870252811419,0.5358387223860555,3112073646084.162,0.414611497945415,0.2958890304281842,0.1104885105073533,0.072571139335307,19870463785513.72,0.2347279344907255,0.1541741631016155,198704637855.1372,0.309481643679266,0.6503755564861458,18,2.888888888888889,0.3333333333333333,58.0,3.2222222222222223,0.431168295117407,0.7257716049382715,0.1039094650205761,1.585544515,1.27370225,0.306306347,0.0555555555555555,0.0555555555555555,C2,C2,C2
