model_type,variant,dataset,M-of-N count,RMSE (test),MAE (test),MAPE (test),rRMSE (test),rMAE (test),rMAPE (test),maxError (test),R2 (test),RMSE (train),MAE (train),MAPE (train),rRMSE (train),rMAE (train),rMAPE (train),maxError (train),R2 (train),rules,plain conditions count,complex conditions count,conditions_count,avg conditions per rule,avg rule quality,avg rule precision,avg rule coverage,training time total (s),training time growing (s),training time pruning (s),pvalue significance fdr,pvalue significance fwer,induction measure,pruning measure,voting measure
plain,no_discretization,fishcatch,0,0.090064470103343,0.0734016030351938,14575911538549.992,0.3626078992027616,0.2955216529244727,145759115385.4999,0.2041358656719782,0.9013207204139012,0.1013881141683923,0.0680867084297699,2727849851691.671,0.4186608475291999,0.2811497115858921,27278498516.91671,0.396969696969697,0.7678493082142823,18,2.2777777777777777,0.05555555555555555,42.0,2.3333333333333335,0.5285416370275454,0.7290855890044512,0.1842723004694836,1.439950066,1.273770573,0.1625453309999999,0.7222222222222222,0.6666666666666666,C2,C2,C2
