model_type,variant,dataset,M-of-N count,RMSE (test),MAE (test),MAPE (test),rRMSE (test),rMAE (test),rMAPE (test),maxError (test),R2 (test),RMSE (train),MAE (train),MAPE (train),rRMSE (train),rMAE (train),rMAPE (train),maxError (train),R2 (train),rules,plain conditions count,complex conditions count,conditions_count,avg conditions per rule,avg rule quality,avg rule precision,avg rule coverage,training time total (s),training time growing (s),training time pruning (s),pvalue significance fdr,pvalue significance fwer,induction measure,pruning measure,voting measure
complex,no_discretization,gascons,0,0.1922569405554258,0.1744525894433999,135746797278898.28,0.4150272141584312,0.3765927616982223,1357467972788.983,0.2835342033500179,0.7817625807240451,0.1682725054088373,0.1087214516845464,88018040210298.77,0.2852621335855682,0.1843088578178689,880180402102.9877,0.4690543431545088,0.7228673847903662,6,0.3333333333333333,1.8333333333333333,13.0,2.1666666666666665,0.7129722824802435,0.8345238095238096,0.2986111111111111,0.309210864,0.2949804499999999,0.005010302,0.6666666666666666,0.5,C2,C2,C2
