model_type,variant,dataset,M-of-N count,RMSE (test),MAE (test),MAPE (test),rRMSE (test),rMAE (test),rMAPE (test),maxError (test),R2 (test),RMSE (train),MAE (train),MAPE (train),rRMSE (train),rMAE (train),rMAPE (train),maxError (train),R2 (train),rules,plain conditions count,complex conditions count,conditions_count,avg conditions per rule,avg rule quality,avg rule precision,avg rule coverage,training time total (s),training time growing (s),training time pruning (s),pvalue significance fdr,pvalue significance fwer,induction measure,pruning measure,voting measure
at_least_M-of-N,no_discretization,pharynx,0.8333333333333334,0.2313354649199539,0.1890268279526065,40467614234896.17,0.7145214024594346,0.5838435289543219,404676142348.9617,0.4856512141280353,0.3853925467113697,0.1856770589695441,0.1321063368664752,8787091779151.5,0.6210500936598836,0.4418674732318227,87870917791.515,0.7676600441501104,0.3505842572676187,6,0.6666666666666666,0.5,12.0,2.0,0.4601339441570302,0.8195430427132099,0.4270833333333333,0.0901877880096435,0.037326567,0.003839859,0.8333333333333334,0.8333333333333334,C2,C2,C2
