model_type,variant,dataset,M-of-N count,RMSE (test),MAE (test),MAPE (test),rRMSE (test),rMAE (test),rMAPE (test),maxError (test),R2 (test),RMSE (train),MAE (train),MAPE (train),rRMSE (train),rMAE (train),rMAPE (train),maxError (train),R2 (train),rules,plain conditions count,complex conditions count,conditions_count,avg conditions per rule,avg rule quality,avg rule precision,avg rule coverage,training time total (s),training time growing (s),training time pruning (s),pvalue significance fdr,pvalue significance fwer,induction measure,pruning measure,voting measure
complex,no_discretization,machine,0,0.1939975353097574,0.1202911146358717,5608208553601.028,1.108538349470492,0.6873660196842103,56082085536.010284,0.5987762237762237,0.3513952207832834,0.1011235091495547,0.0441442279023386,1104550679684.3242,1.125716115932352,0.491417566429181,11045506796.843245,0.8115923448102887,0.5133134441058391,27,1.5185185185185186,4.37037037037037,159.0,5.888888888888889,0.5170743135814712,0.844639206362288,0.148542159180457,99.268749546,95.88046553700002,3.372252615,0.8888888888888888,0.8888888888888888,C2,C2,C2
