model_type,variant,dataset,M-of-N count,RMSE (test),MAE (test),MAPE (test),rRMSE (test),rMAE (test),rMAPE (test),maxError (test),R2 (test),RMSE (train),MAE (train),MAPE (train),rRMSE (train),rMAE (train),rMAPE (train),maxError (train),R2 (train),rules,plain conditions count,complex conditions count,conditions_count,avg conditions per rule,avg rule quality,avg rule precision,avg rule coverage,training time total (s),training time growing (s),training time pruning (s),pvalue significance fdr,pvalue significance fwer,induction measure,pruning measure,voting measure
exact_M-of-N,no_discretization,pwlinear,0.023809523809523808,0.2663750805859947,0.2101256176234419,140807059225273.9,0.5161473571302712,0.4071543853243148,1408070592252.739,0.6344847598106983,-0.010494731916296,0.1272918371421671,0.0898623822962049,10128182568104.293,0.2836015786543646,0.2002101160059654,101281825681.04292,0.4048034934497816,0.5824907761666074,42,3.4285714285714284,1.5714285714285714,211.0,5.023809523809524,0.4003447192373562,0.7836955714418766,0.0424603174603174,7.619481086730957,5.388082587,1.98638059,0.0238095238095238,0.0238095238095238,C2,C2,C2
