model_type,variant,dataset,M-of-N count,RMSE (test),MAE (test),MAPE (test),rRMSE (test),rMAE (test),rMAPE (test),maxError (test),R2 (test),RMSE (train),MAE (train),MAPE (train),rRMSE (train),rMAE (train),rMAPE (train),maxError (train),R2 (train),rules,plain conditions count,complex conditions count,conditions_count,avg conditions per rule,avg rule quality,avg rule precision,avg rule coverage,training time total (s),training time growing (s),training time pruning (s),pvalue significance fdr,pvalue significance fwer,induction measure,pruning measure,voting measure
complex,no_discretization,bodyfat,0,0.1522800898630827,0.1239472552523673,20514723220326.207,0.3118895849730318,0.2538602258113001,205147232203.2621,0.3639145729551729,0.6806554319400528,0.0569205424772595,0.0283212893677963,5095656429763.148,0.1407544604304767,0.0700335525658801,50956564297.631485,0.5983206163591503,0.894388745034724,33,0.5151515151515151,1.7878787878787878,76.0,2.303030303030303,0.7648278232519182,0.8694700803348134,0.0710185556000534,439.972944196,415.88605844000006,24.065460008,0.9393939393939394,0.9393939393939394,C2,C2,C2
