model_type,variant,dataset,M-of-N count,RMSE (test),MAE (test),MAPE (test),rRMSE (test),rMAE (test),rMAPE (test),maxError (test),R2 (test),RMSE (train),MAE (train),MAPE (train),rRMSE (train),rMAE (train),rMAPE (train),maxError (train),R2 (train),rules,plain conditions count,complex conditions count,conditions_count,avg conditions per rule,avg rule quality,avg rule precision,avg rule coverage,training time total (s),training time growing (s),training time pruning (s),pvalue significance fdr,pvalue significance fwer,induction measure,pruning measure,voting measure
plain,no_discretization,pharynx,0,0.2819397525769753,0.2076988013275972,39152692730764.24,0.7736285003102604,0.569915064188894,391526927307.6424,0.7049488033324603,0.1152598850181676,0.1540147855757422,0.1011751960425415,5761208356513.759,0.5311027937934214,0.3488913683184338,57612083565.13759,0.6937086092715232,0.5235642779874545,34,3.5,0.23529411764705882,127.0,3.735294117647059,0.4027957929606781,0.8146437835414315,0.0589915966386554,4.134803217,3.798493911,0.330276634,0.3235294117647059,0.1176470588235294,C2,C2,C2
