model_type,variant,dataset,M-of-N count,RMSE (test),MAE (test),MAPE (test),rRMSE (test),rMAE (test),rMAPE (test),maxError (test),R2 (test),RMSE (train),MAE (train),MAPE (train),rRMSE (train),rMAE (train),rMAPE (train),maxError (train),R2 (train),rules,plain conditions count,complex conditions count,conditions_count,avg conditions per rule,avg rule quality,avg rule precision,avg rule coverage,training time total (s),training time growing (s),training time pruning (s),pvalue significance fdr,pvalue significance fwer,induction measure,pruning measure,voting measure
plain,no_discretization,auto-price,0,0.3330459826680002,0.2887316163119151,30462252807219.9,0.8314302594311952,0.7208019767513905,304622528072.199,0.5351242453224901,-0.7894185006589807,0.1191633844232079,0.0815669692603958,3408363950459.5063,0.5349930751000093,0.3662011105376788,34083639504.595062,0.4257799452201216,0.6520347761326517,11,2.272727272727273,0.09090909090909091,26.0,2.3636363636363638,0.5547513130658651,0.7975671837740804,0.1296884933248569,0.126565336,0.115236586,0.006755217,0.2727272727272727,0.1818181818181818,C2,C2,C2
