dataset,RMSE (test),MAE (test),MAPE (test),rRMSE (test),rMAE (test),rMAPE (test),maxError (test),R2 (test),RMSE (train),MAE (train),MAPE (train),rRMSE (train),rMAE (train),rMAPE (train),maxError (train),R2 (train),rules,conditions_count,avg conditions per rule
kidney,0.5529590506852147,0.4620535714285714,60316066438000.48,1.3611299709174516,1.1373626373626373,603160664380.0048,1.0,-1.7708145204984649,3.7631435783241935e-18,1.0204255741040042e-18,9.523972024970704e-18,1.0662240138585216e-17,2.891205793294679e-18,9.523972024970704e-20,1.3877787807814457e-17,1.0,43,85,11.552941176470588
