model_type,variant,dataset,M-of-N count,RMSE (test),MAE (test),MAPE (test),rRMSE (test),rMAE (test),rMAPE (test),maxError (test),R2 (test),RMSE (train),MAE (train),MAPE (train),rRMSE (train),rMAE (train),rMAPE (train),maxError (train),R2 (train),rules,plain conditions count,complex conditions count,conditions_count,avg conditions per rule,avg rule quality,avg rule precision,avg rule coverage,training time total (s),training time growing (s),training time pruning (s),pvalue significance fdr,pvalue significance fwer,induction measure,pruning measure,voting measure
plain,no_discretization,gascons,0,0.1783700202086906,0.12550580784465962,44380497401671.87,0.3112452138790167,0.21900026674867534,443804974016.7187,0.43169885886319226,0.6422467200155515,0.1871248251611964,0.13478481419893648,49311663779635.4,0.3380345440735233,0.24348411909816498,493116637796.354,0.43169885886319226,0.630070412785131,6,3,8,14.0,2.3333333333333335,0.4678080424580206,0.6884920634920636,0.19135802469135801,0.249894776,0.218035716,0.006336214000000001,0.6666666666666666,0.3333333333333333,C2,C2,C2
