model_type,variant,dataset,M-of-N count,RMSE (test),MAE (test),MAPE (test),rRMSE (test),rMAE (test),rMAPE (test),maxError (test),R2 (test),RMSE (train),MAE (train),MAPE (train),rRMSE (train),rMAE (train),rMAPE (train),maxError (train),R2 (train),rules,plain conditions count,complex conditions count,conditions_count,avg conditions per rule,avg rule quality,avg rule precision,avg rule coverage,training time total (s),training time growing (s),training time pruning (s),pvalue significance fdr,pvalue significance fwer,induction measure,pruning measure,voting measure
complex,no_discretization,concrete,0,0.2451284541171029,0.2316497237882708,167880216735941.25,0.6039121982810779,0.5707052428003642,1678802167359.4126,0.3727689639986047,0.5376507643765169,0.1040194462369271,0.0709547144848778,1557966068012.8818,0.2292526747369712,0.1563799719122298,15579660680.12882,0.4658925979680695,0.7099381160850278,14,0.6428571428571429,2.5714285714285716,45.0,3.2142857142857144,0.5172726169983897,0.7925452232174921,0.1213517665130568,5.804193913,5.494732074,0.2954094049999999,0.7142857142857143,0.4285714285714285,C2,C2,C2
