model_type,variant,dataset,M-of-N count,RMSE (test),MAE (test),MAPE (test),rRMSE (test),rMAE (test),rMAPE (test),maxError (test),R2 (test),RMSE (train),MAE (train),MAPE (train),rRMSE (train),rMAE (train),rMAPE (train),maxError (train),R2 (train),rules,plain conditions count,complex conditions count,conditions_count,avg conditions per rule,avg rule quality,avg rule precision,avg rule coverage,training time total (s),training time growing (s),training time pruning (s),pvalue significance fdr,pvalue significance fwer,induction measure,pruning measure,voting measure
complex,no_discretization,fruitfly,0,0.21077811443095984,0.13693004615356186,7561717295868.561,0.7425794342779394,0.4824098388149769,75617172958.68561,0.7682926829268293,-0.027240270564750757,0.19277602370098346,0.12568148313419916,8348135894638.768,0.7036874084526641,0.4587732201301786,83481358946.38768,0.7682926829268293,0.0009571902888877437,12,6,20,34.0,2.8333333333333335,0.4160351142086956,0.7720304063654448,0.055333333333333325,2.255150331,2.23028408,0.011783337999999999,0.6666666666666666,0.08333333333333333,C2,C2,C2
