model_type,variant,dataset,M-of-N count,RMSE (test),MAE (test),MAPE (test),rRMSE (test),rMAE (test),rMAPE (test),maxError (test),R2 (test),RMSE (train),MAE (train),MAPE (train),rRMSE (train),rMAE (train),rMAPE (train),maxError (train),R2 (train),rules,plain conditions count,complex conditions count,conditions_count,avg conditions per rule,avg rule quality,avg rule precision,avg rule coverage,training time total (s),training time growing (s),training time pruning (s),pvalue significance fdr,pvalue significance fwer,induction measure,pruning measure,voting measure
complex,no_discretization,auto93,0,0.3284692368401424,0.2442798474387592,30689038218549.79,0.9827372289201008,0.7308535272964505,306890382185.49786,0.8018348623853211,-0.3437042767078659,0.1754439036928345,0.1117269126614824,3697474484163.1416,0.7662648434436006,0.4879759480778371,36974744841.63142,0.8018348623853211,0.0754117715981251,3,0.3333333333333333,2.3333333333333335,8.0,2.6666666666666665,0.6091357633200575,0.8416666666666667,0.2730923694779116,65.98064632,61.87510503199999,4.088587212999999,1.0,1.0,C2,C2,C2
