model_type,variant,dataset,M-of-N count,RMSE (test),MAE (test),MAPE (test),rRMSE (test),rMAE (test),rMAPE (test),maxError (test),R2 (test),RMSE (train),MAE (train),MAPE (train),rRMSE (train),rMAE (train),rMAPE (train),maxError (train),R2 (train),rules,plain conditions count,complex conditions count,conditions_count,avg conditions per rule,avg rule quality,avg rule precision,avg rule coverage,training time total (s),training time growing (s),training time pruning (s),pvalue significance fdr,pvalue significance fwer,induction measure,pruning measure,voting measure
plain,no_discretization,cpu,0,0.2154273019111493,0.1294658601457728,2570593826378.3745,1.2421138107501533,0.7464761034515356,25705938263.783745,0.7277255063532823,0.1717183520295675,0.0625658712812563,0.0205726253355753,574281599510.5001,0.8948367372774058,0.2942361475277951,5742815995.105001,0.7007358953393295,0.7698671752679461,22,2.3636363636363638,0.2727272727272727,58.0,2.6363636363636362,0.5757756738943077,0.7683136564529796,0.1158123791102514,0.973022123,0.874387736,0.093912022,0.7272727272727273,0.7272727272727273,C2,C2,C2
