dataset,RMSE (test),MAE (test),MAPE (test),rRMSE (test),rMAE (test),rMAPE (test),maxError (test),R2 (test),RMSE (train),MAE (train),MAPE (train),rRMSE (train),rMAE (train),rMAPE (train),maxError (train),R2 (train),rules,conditions_count,avg conditions per rule
breasttumor,0.29261013252307655,0.24620689655172415,108707577212391.8,0.5531743052913441,0.46544980443285533,1087075772123.918,0.5399999999999999,-0.16394136892061395,0.025215028561745668,0.005525291828793776,4731408168832.829,0.051553399684714694,0.011296738265712016,47314081688.32829,0.15000000000000002,0.9837521160189716,195,389,13.37789203084833
