model_type,variant,dataset,M-of-N count,RMSE (test),MAE (test),MAPE (test),rRMSE (test),rMAE (test),rMAPE (test),maxError (test),R2 (test),RMSE (train),MAE (train),MAPE (train),rRMSE (train),rMAE (train),rMAPE (train),maxError (train),R2 (train),rules,plain conditions count,complex conditions count,conditions_count,avg conditions per rule,avg rule quality,avg rule precision,avg rule coverage,training time total (s),training time growing (s),training time pruning (s),pvalue significance fdr,pvalue significance fwer,induction measure,pruning measure,voting measure
at_least_M-of-N,no_discretization,concrete,1,0.13803409576909412,0.09097471616986079,12021678021440.39,0.30575657092882813,0.20151627829584468,120216780214.4039,0.5633768746976294,0.4899075728254254,0.13244252415721042,0.0878795155960878,13305546548001.902,0.29046913283709175,0.19273482479871326,133055465480.01903,0.5633768746976294,0.5072839743092523,13,35,2,38.0,2.923076923076923,0.4395004996445638,0.7715210191222543,0.1389096340552651,0.5783467292785645,0.3452949800000001,0.073863341,0.6923076923076923,0.07692307692307693,C2,C2,C2
