model_type,variant,dataset,M-of-N count,RMSE (test),MAE (test),MAPE (test),rRMSE (test),rMAE (test),rMAPE (test),maxError (test),R2 (test),RMSE (train),MAE (train),MAPE (train),rRMSE (train),rMAE (train),rMAPE (train),maxError (train),R2 (train),rules,plain conditions count,complex conditions count,conditions_count,avg conditions per rule,avg rule quality,avg rule precision,avg rule coverage,training time total (s),training time growing (s),training time pruning (s),pvalue significance fdr,pvalue significance fwer,induction measure,pruning measure,voting measure
at_least_M-of-N,no_discretization,concrete,1.2727272727272727,0.3110876375968059,0.2716553951822339,147902759085846.3,0.844861824975358,0.7377704710835503,1479027590858.4631,0.5263330030476221,0.0662844545730545,0.1255873097860188,0.0876140615615295,18016179042131.668,0.2782608722673159,0.1941244321144587,180161790421.31668,0.4227068826575529,0.5688425542119044,11,1.3636363636363635,0.7272727272727273,37.0,3.3636363636363638,0.457567736571266,0.7726059472800935,0.1436950146627565,0.3892936706542969,0.220085889,0.079134012,0.7272727272727273,0.2727272727272727,C2,C2,C2
