model_type,variant,dataset,M-of-N count,RMSE (test),MAE (test),MAPE (test),rRMSE (test),rMAE (test),rMAPE (test),maxError (test),R2 (test),RMSE (train),MAE (train),MAPE (train),rRMSE (train),rMAE (train),rMAPE (train),maxError (train),R2 (train),rules,plain conditions count,complex conditions count,conditions_count,avg conditions per rule,avg rule quality,avg rule precision,avg rule coverage,training time total (s),training time growing (s),training time pruning (s),pvalue significance fdr,pvalue significance fwer,induction measure,pruning measure,voting measure
at_least_M-of-N,no_discretization,pyrim,2.0833333333333335,0.4619034355895438,0.3641476826438413,429450393038545.5,1.0314187826963652,0.8131326390219111,4294503930385.455,0.8277474416402838,-0.4898322224795617,0.153077627136757,0.0766489538130283,61252315827483.14,0.2188689931319402,0.1095919740817946,612523158274.8314,0.91125,0.1105165286739209,12,0.3333333333333333,0.25,32.0,2.6666666666666665,0.4708106020683397,0.7639550264550263,0.1156716417910447,0.8643360137939453,0.286471245,0.5357629620000001,0.25,0.25,C2,C2,C2
