model_type,variant,dataset,M-of-N count,RMSE (test),MAE (test),MAPE (test),rRMSE (test),rMAE (test),rMAPE (test),maxError (test),R2 (test),RMSE (train),MAE (train),MAPE (train),rRMSE (train),rMAE (train),rMAPE (train),maxError (train),R2 (train),rules,plain conditions count,complex conditions count,conditions_count,avg conditions per rule,avg rule quality,avg rule precision,avg rule coverage,training time total (s),training time growing (s),training time pruning (s),pvalue significance fdr,pvalue significance fwer,induction measure,pruning measure,voting measure
complex,no_discretization,kidney,0,0.4790474117122864,0.3311688311688311,180948199313993.56,0.9691074076018666,0.669950738916256,1809481993139.9355,0.8928571428571428,-0.9884115884115884,0.2138914440082351,0.1454831932773109,42576046897410.766,0.6557959893585824,0.4460547504025767,425760468974.10767,0.6785714285714285,0.1257465459893416,9,0.4444444444444444,1.3333333333333333,16.0,1.7777777777777777,0.6715443121693121,0.9629629629629632,0.0359477124183006,1.083708168,1.069211676,0.003253841,1.0,1.0,C2,C2,C2
