model_type,variant,dataset,M-of-N count,RMSE (test),MAE (test),MAPE (test),rRMSE (test),rMAE (test),rMAPE (test),maxError (test),R2 (test),RMSE (train),MAE (train),MAPE (train),rRMSE (train),rMAE (train),rMAPE (train),maxError (train),R2 (train),rules,plain conditions count,complex conditions count,conditions_count,avg conditions per rule,avg rule quality,avg rule precision,avg rule coverage,training time total (s),training time growing (s),training time pruning (s),pvalue significance fdr,pvalue significance fwer,induction measure,pruning measure,voting measure
plain,no_discretization,mbagrade,0,0.45656353298786,0.3648669650627876,669631431474914.0,0.729359053740773,0.5828740255226177,6696314314749.14,0.8921282798833822,-0.4009295729718782,0.1931083756288332,0.1386694937715345,13249391959664.4,0.3415516131856308,0.2452653290830676,132493919596.644,0.5830903790087466,0.3314355122013533,7,1.4285714285714286,0.2857142857142857,12.0,1.7142857142857142,0.387545511212822,0.6848639455782314,0.1584415584415584,0.033547042,0.0297513389999999,0.002009912,0.0,0.0,C2,C2,C2
