model_type,variant,dataset,M-of-N count,RMSE (test),MAE (test),MAPE (test),rRMSE (test),rMAE (test),rMAPE (test),maxError (test),R2 (test),RMSE (train),MAE (train),MAPE (train),rRMSE (train),rMAE (train),rMAPE (train),maxError (train),R2 (train),rules,plain conditions count,complex conditions count,conditions_count,avg conditions per rule,avg rule quality,avg rule precision,avg rule coverage,training time total (s),training time growing (s),training time pruning (s),pvalue significance fdr,pvalue significance fwer,induction measure,pruning measure,voting measure
exact_M-of-N,no_discretization,auto-mpg,0.5454545454545454,0.2381434769383768,0.1728496848730417,29944146458580.887,0.5466146306558382,0.3967447182284334,299441464585.80884,0.6255159745994306,0.3386851590359664,0.1213896220937185,0.0817473443131482,1672857344055.012,0.3180599963170333,0.2141909628081181,16728573440.55012,0.7154255319148936,0.6383449546288232,11,0.5454545454545454,2.727272727272727,42.0,3.8181818181818183,0.6765739709536335,0.8731674358121616,0.223209751142712,19.428189516067505,1.546377075,1.248421743,1.0,1.0,C2,C2,C2
