model_type,variant,dataset,M-of-N count,RMSE (test),MAE (test),MAPE (test),rRMSE (test),rMAE (test),rMAPE (test),maxError (test),R2 (test),RMSE (train),MAE (train),MAPE (train),rRMSE (train),rMAE (train),rMAPE (train),maxError (train),R2 (train),rules,plain conditions count,complex conditions count,conditions_count,avg conditions per rule,avg rule quality,avg rule precision,avg rule coverage,training time total (s),training time growing (s),training time pruning (s),pvalue significance fdr,pvalue significance fwer,induction measure,pruning measure,voting measure
plain,no_discretization,kidney,0,0.3872166982409333,0.3089133194380459,382001754107319.5,0.8260622895806579,0.6590150814678313,3820017541073.195,0.6785714285714286,-0.1206952840155377,0.1890199120522409,0.1322065993102039,26905442386787.484,0.5231016170748062,0.365874077160797,269054423867.87485,0.6071428571428571,0.4119405224433222,17,2.3529411764705883,0.17647058823529413,43.0,2.5294117647058822,0.4997075183218368,0.8359973936098504,0.1003460207612456,0.094639054,0.0862249029999999,0.006011268,0.3529411764705882,0.3529411764705882,C2,C2,C2
