model_type,variant,dataset,M-of-N count,RMSE (test),MAE (test),MAPE (test),rRMSE (test),rMAE (test),rMAPE (test),maxError (test),R2 (test),RMSE (train),MAE (train),MAPE (train),rRMSE (train),rMAE (train),rMAPE (train),maxError (train),R2 (train),rules,plain conditions count,complex conditions count,conditions_count,avg conditions per rule,avg rule quality,avg rule precision,avg rule coverage,training time total (s),training time growing (s),training time pruning (s),pvalue significance fdr,pvalue significance fwer,induction measure,pruning measure,voting measure
plain,no_discretization,bolts,0,0.4747981936256141,0.3339905758123063,103887512790157.95,1.2490551012814828,0.8786314651130459,1038875127901.5796,0.9077293530634616,-0.5811818032071896,0.1710852108078859,0.0982297879491526,11543056976691.64,0.500651258625901,0.2874524731802931,115430569766.91638,0.6308617726491528,0.7477384801902865,6,1.6666666666666667,0.16666666666666666,11.0,1.8333333333333333,0.6045674158188417,0.7554302422723476,0.3055555555555556,0.046299568,0.042599924,0.001490161,1.0,1.0,C2,C2,C2
