model_type,variant,dataset,M-of-N count,RMSE (test),MAE (test),MAPE (test),rRMSE (test),rMAE (test),rMAPE (test),maxError (test),R2 (test),RMSE (train),MAE (train),MAPE (train),rRMSE (train),rMAE (train),rMAPE (train),maxError (train),R2 (train),rules,plain conditions count,complex conditions count,conditions_count,avg conditions per rule,avg rule quality,avg rule precision,avg rule coverage,training time total (s),training time growing (s),training time pruning (s),pvalue significance fdr,pvalue significance fwer,induction measure,pruning measure,voting measure
plain,no_discretization,pyrim,0,0.3294011981838499,0.2825072033499459,398086038490785.44,0.7361108408394198,0.6313171176901854,3980860384907.855,0.6187499999999999,-0.3033312443952973,0.1234191816892689,0.075725058127185,50417641335638.49,0.1756250335451406,0.1077564742511248,504176413356.38495,0.7500626718587918,0.4404998140933134,9,2.888888888888889,0.1111111111111111,27.0,3.0,0.5632196293262519,0.8233272899939567,0.1990049751243781,0.073044117,0.0585350719999999,0.008053582,0.4444444444444444,0.4444444444444444,C2,C2,C2
