model_type,variant,dataset,M-of-N count,RMSE (test),MAE (test),MAPE (test),rRMSE (test),rMAE (test),rMAPE (test),maxError (test),R2 (test),RMSE (train),MAE (train),MAPE (train),rRMSE (train),rMAE (train),rMAPE (train),maxError (train),R2 (train),rules,plain conditions count,complex conditions count,conditions_count,avg conditions per rule,avg rule quality,avg rule precision,avg rule coverage,training time total (s),training time growing (s),training time pruning (s),pvalue significance fdr,pvalue significance fwer,induction measure,pruning measure,voting measure
exact_M-of-N,no_discretization,auto-mpg,0.42105263157894735,0.1543997430313381,0.1133851578401917,20272376485619.53,0.3768687591303146,0.2767577387117467,202723764856.1953,0.4293651496860176,0.5634267906769318,0.1236020788253807,0.0855195224160856,2749702126184.344,0.3349326464063363,0.2317378496739643,27497021261.84344,0.5838068386297995,0.6589812246227269,19,0.9473684210526315,2.9473684210526314,82.0,4.315789473684211,0.6449272965512819,0.8681093591090466,0.2319905910026463,116.4676160812378,6.30270311,11.005268759000002,0.9473684210526316,0.9473684210526316,C2,C2,C2
