model_type,variant,dataset,M-of-N count,RMSE (test),MAE (test),MAPE (test),rRMSE (test),rMAE (test),rMAPE (test),maxError (test),R2 (test),RMSE (train),MAE (train),MAPE (train),rRMSE (train),rMAE (train),rMAPE (train),maxError (train),R2 (train),rules,plain conditions count,complex conditions count,conditions_count,avg conditions per rule,avg rule quality,avg rule precision,avg rule coverage,training time total (s),training time growing (s),training time pruning (s),pvalue significance fdr,pvalue significance fwer,induction measure,pruning measure,voting measure
at_least_M-of-N,no_discretization,cpu,0.16666666666666666,0.1631959597178555,0.0546744929360367,5557441724924.128,1.5182420617960166,0.5086468747533456,55574417249.24128,0.7334423548650859,0.4326710238496958,0.0916368131031631,0.0314390820387292,761566677411.3005,1.3685938691738668,0.4695420265458132,7615666774.113006,0.98119378577269,0.4186646046955097,6,1.6666666666666667,1.3333333333333333,19.0,3.1666666666666665,0.7007680134154163,0.8990926243912708,0.3625886524822694,30.640198707580566,0.820661034,0.554118083,0.6666666666666666,0.6666666666666666,C2,C2,C2
