model_type,variant,dataset,M-of-N count,RMSE (test),MAE (test),MAPE (test),rRMSE (test),rMAE (test),rMAPE (test),maxError (test),R2 (test),RMSE (train),MAE (train),MAPE (train),rRMSE (train),rMAE (train),rMAPE (train),maxError (train),R2 (train),rules,plain conditions count,complex conditions count,conditions_count,avg conditions per rule,avg rule quality,avg rule precision,avg rule coverage,training time total (s),training time growing (s),training time pruning (s),pvalue significance fdr,pvalue significance fwer,induction measure,pruning measure,voting measure
plain,no_discretization,fruitfly,0,0.3445491490691953,0.2474132810019728,72541418363006.69,0.9694574687508594,0.6961464098329482,725414183630.0669,0.7651749972952504,-0.2050200271939968,0.1700546356395262,0.1159699437054256,6326151294061.167,0.5704328543249331,0.3890106597506456,63261512940.61167,0.7361111111111112,0.2435363830523214,33,2.0606060606060606,0.6666666666666666,90.0,2.727272727272727,0.2988794406445256,0.6922174645000734,0.0487012987012986,0.64561995,0.5768377849999998,0.064930032,0.0303030303030303,0.0303030303030303,C2,C2,C2
