model_type,variant,dataset,M-of-N count,RMSE (test),MAE (test),MAPE (test),rRMSE (test),rMAE (test),rMAPE (test),maxError (test),R2 (test),RMSE (train),MAE (train),MAPE (train),rRMSE (train),rMAE (train),rMAPE (train),maxError (train),R2 (train),rules,plain conditions count,complex conditions count,conditions_count,avg conditions per rule,avg rule quality,avg rule precision,avg rule coverage,training time total (s),training time growing (s),training time pruning (s),pvalue significance fdr,pvalue significance fwer,induction measure,pruning measure,voting measure
at_least_M-of-N,no_discretization,pwlinear,2.710526315789474,0.2039883261218208,0.1765182512926384,31171202661058.277,0.3858328132525466,0.3338746622489846,311712026610.5828,0.3658393009590852,0.366606298252139,0.118644136815337,0.0777760893461219,8709617485546.77,0.2588284247268133,0.1696726296572149,87096174855.46771,0.5965065502183406,0.6304672103490527,38,0.7894736842105263,1,171.0,4.5,0.395991495982449,0.7869799089226337,0.0387426900584795,21.76886296272278,6.222199515999999,15.318797972000004,0.3157894736842105,0.0526315789473684,C2,C2,C2
