model_type,variant,dataset,M-of-N count,RMSE (test),MAE (test),MAPE (test),rRMSE (test),rMAE (test),rMAPE (test),maxError (test),R2 (test),RMSE (train),MAE (train),MAPE (train),rRMSE (train),rMAE (train),rMAPE (train),maxError (train),R2 (train),rules,plain conditions count,complex conditions count,conditions_count,avg conditions per rule,avg rule quality,avg rule precision,avg rule coverage,training time total (s),training time growing (s),training time pruning (s),pvalue significance fdr,pvalue significance fwer,induction measure,pruning measure,voting measure
at_least_M-of-N,no_discretization,cholesterol,0.2711864406779661,0.2637480710420368,0.2139437861094767,60312259297568.016,0.6369369156007217,0.5166623387922024,603122592975.6802,0.7517119578376696,-0.581952548481462,0.1055267545676712,0.0737133297832093,4400434136326.614,0.3843248787042701,0.2684614593131702,44004341363.26614,0.6016294163593043,0.2010386870868278,59,1.7796610169491525,2.0847457627118646,244.0,4.135593220338983,0.3307612969780549,0.7786857443198203,0.0459247258225324,3.43578577041626,2.254741439999999,0.8675859099999998,0.0847457627118644,0.0338983050847457,C2,C2,C2
