model_type,variant,dataset,M-of-N count,RMSE (test),MAE (test),MAPE (test),rRMSE (test),rMAE (test),rMAPE (test),maxError (test),R2 (test),RMSE (train),MAE (train),MAPE (train),rRMSE (train),rMAE (train),rMAPE (train),maxError (train),R2 (train),rules,plain conditions count,complex conditions count,conditions_count,avg conditions per rule,avg rule quality,avg rule precision,avg rule coverage,training time total (s),training time growing (s),training time pruning (s),pvalue significance fdr,pvalue significance fwer,induction measure,pruning measure,voting measure
at_least_M-of-N,no_discretization,auto-price,0,0.2682392036588451,0.1856845330708629,33026310310678.715,0.7444882493507508,0.5153607342693135,330263103106.7872,0.5880820362081636,0.3523517492446515,0.1263256755005883,0.0639616048338092,2482994360576.2085,0.6150402583621474,0.3114090766295598,24829943605.762085,0.7277671985248113,0.5832856127351601,14,2.7857142857142856,0.7142857142857143,49.0,3.5,0.5219049486430072,0.8235207122933793,0.1418650793650794,1.424405813217163,0.550768022,0.159650728,0.8571428571428571,0.7857142857142857,C2,C2,C2
