model_type,variant,dataset,M-of-N count,RMSE (test),MAE (test),MAPE (test),rRMSE (test),rMAE (test),rMAPE (test),maxError (test),R2 (test),RMSE (train),MAE (train),MAPE (train),rRMSE (train),rMAE (train),rMAPE (train),maxError (train),R2 (train),rules,plain conditions count,complex conditions count,conditions_count,avg conditions per rule,avg rule quality,avg rule precision,avg rule coverage,training time total (s),training time growing (s),training time pruning (s),pvalue significance fdr,pvalue significance fwer,induction measure,pruning measure,voting measure
at_least_M-of-N,no_discretization,ozone,0,0.2109915063941848,0.1517192090988571,36313708478394.41,0.6631161629531523,0.4768318000249796,363137084783.9441,0.5191441441441442,0.3776372406646392,0.1325923449659052,0.0980946481655703,5400682718060.051,0.4454470433599303,0.3295512346962555,54006827180.60051,0.6367147821348658,0.6350714013991197,39,3.6923076923076925,1.7179487179487178,211.0,5.410256410256411,0.4708807105299469,0.850083459928559,0.0702754036087369,2684.764154434204,34.914187017,61.388310611,0.5641025641025641,0.4615384615384615,C2,C2,C2
