model_type,variant,dataset,M-of-N count,RMSE (test),MAE (test),MAPE (test),rRMSE (test),rMAE (test),rMAPE (test),maxError (test),R2 (test),RMSE (train),MAE (train),MAPE (train),rRMSE (train),rMAE (train),rMAPE (train),maxError (train),R2 (train),rules,plain conditions count,complex conditions count,conditions_count,avg conditions per rule,avg rule quality,avg rule precision,avg rule coverage,training time total (s),training time growing (s),training time pruning (s),pvalue significance fdr,pvalue significance fwer,induction measure,pruning measure,voting measure
at_least_M-of-N,no_discretization,gascons,0,0.1787751347376098,0.1707851414256313,281542138480332.0,0.2920752997464773,0.2790215845584359,2815421384803.32,0.2254831782390836,0.833359241049535,0.1725614641765231,0.1130393065064115,88007825361306.62,0.3157239165571877,0.2068202929629994,880078253613.0663,0.5310000924961051,0.663317472586099,3,0.6666666666666666,1.6666666666666667,7.0,2.3333333333333335,0.7113833491611269,0.8706552706552707,0.4444444444444444,0.0733869075775146,0.039065028,0.000864113,0.3333333333333333,0.3333333333333333,C2,C2,C2
