model_type,variant,dataset,M-of-N count,RMSE (test),MAE (test),MAPE (test),rRMSE (test),rMAE (test),rMAPE (test),maxError (test),R2 (test),RMSE (train),MAE (train),MAPE (train),rRMSE (train),rMAE (train),rMAPE (train),maxError (train),R2 (train),rules,plain conditions count,complex conditions count,conditions_count,avg conditions per rule,avg rule quality,avg rule precision,avg rule coverage,training time total (s),training time growing (s),training time pruning (s),pvalue significance fdr,pvalue significance fwer,induction measure,pruning measure,voting measure
complex,no_discretization,pwlinear,0,0.2097663415062107,0.1686133389202999,57693928554166.11,0.4041718176870327,0.3248793833575039,576939285541.6611,0.5109978445200967,0.3973814862898922,0.1157239794320432,0.0810563178473052,6642442579802.961,0.2522176743892402,0.1766603264279177,66424425798.02961,0.4100436681222708,0.6585952283249126,39,0,3.8205128205128207,149.0,3.8205128205128207,0.376759329296165,0.7504930709848744,0.038034188034188,1.776593847,1.5777129690000005,0.185908443,0.0512820512820512,0.0512820512820512,C2,C2,C2
