model_type,variant,dataset,M-of-N count,RMSE (test),MAE (test),MAPE (test),rRMSE (test),rMAE (test),rMAPE (test),maxError (test),R2 (test),RMSE (train),MAE (train),MAPE (train),rRMSE (train),rMAE (train),rMAPE (train),maxError (train),R2 (train),rules,plain conditions count,complex conditions count,conditions_count,avg conditions per rule,avg rule quality,avg rule precision,avg rule coverage,training time total (s),training time growing (s),training time pruning (s),pvalue significance fdr,pvalue significance fwer,induction measure,pruning measure,voting measure
exact_M-of-N,no_discretization,echomonths,0.8333333333333334,0.3480450495558715,0.2431762790834281,80131556975079.52,0.7449012950860423,0.5204565485261177,801315569750.7952,0.9269005847953216,-0.0440377109142349,0.2044888040129913,0.1448893998363154,63254058369320.4,0.538387617040126,0.3814715386926126,632540583693.204,0.5859015119437502,0.4363018680563474,30,1.0333333333333334,1.8333333333333333,111.0,3.7,0.4506959025042585,0.835363214033291,0.0997150997150997,0.7924833297729492,0.5272112970000001,0.0959341609999999,0.4,0.3,C2,C2,C2
