model_type,variant,dataset,M-of-N count,RMSE (test),MAE (test),MAPE (test),rRMSE (test),rMAE (test),rMAPE (test),maxError (test),R2 (test),RMSE (train),MAE (train),MAPE (train),rRMSE (train),rMAE (train),rMAPE (train),maxError (train),R2 (train),rules,plain conditions count,complex conditions count,conditions_count,avg conditions per rule,avg rule quality,avg rule precision,avg rule coverage,training time total (s),training time growing (s),training time pruning (s),pvalue significance fdr,pvalue significance fwer,induction measure,pruning measure,voting measure
complex,no_discretization,auto-price,0,0.2989182555001423,0.1651952718838935,26109159273349.266,0.997634783811092,0.551336515318397,261091592733.49265,0.861012759703387,-0.1150998525708784,0.1407698717294969,0.0784933353122099,2921304534082.284,0.6423725807015658,0.3581872012305902,29213045340.82284,0.7316788028592425,0.5085834242861562,14,0.8571428571428571,5.214285714285714,85.0,6.071428571428571,0.4898627568952496,0.7505555031001164,0.0879120879120879,969.93863646,950.863565975,19.060002555,0.4285714285714285,0.3571428571428571,C2,C2,C2
