model_type,variant,dataset,M-of-N count,RMSE (test),MAE (test),MAPE (test),rRMSE (test),rMAE (test),rMAPE (test),maxError (test),R2 (test),RMSE (train),MAE (train),MAPE (train),rRMSE (train),rMAE (train),rMAPE (train),maxError (train),R2 (train),rules,plain conditions count,complex conditions count,conditions_count,avg conditions per rule,avg rule quality,avg rule precision,avg rule coverage,training time total (s),training time growing (s),training time pruning (s),pvalue significance fdr,pvalue significance fwer,induction measure,pruning measure,voting measure
plain,no_discretization,veteran,0,0.3159609339098505,0.1806750180566857,5627020742060.855,1.3530106249636544,0.7736881141323105,56270207420.60854,0.9649298597194388,-0.3245752624832521,0.13614031981771,0.061891323931831,1924554155189.9556,1.093201335703747,0.4969848615116103,19245541551.89955,0.8807615230460923,0.2997645937966748,21,2.7142857142857144,0.3333333333333333,64.0,3.0476190476190474,0.4029946647225154,0.7566344149677483,0.0743321718931475,0.276899567,0.225166135,0.0486172719999999,0.6666666666666666,0.1904761904761904,C2,C2,C2
