model_type,variant,dataset,M-of-N count,RMSE (test),MAE (test),MAPE (test),rRMSE (test),rMAE (test),rMAPE (test),maxError (test),R2 (test),RMSE (train),MAE (train),MAPE (train),rRMSE (train),rMAE (train),rMAPE (train),maxError (train),R2 (train),rules,plain conditions count,complex conditions count,conditions_count,avg conditions per rule,avg rule quality,avg rule precision,avg rule coverage,training time total (s),training time growing (s),training time pruning (s),pvalue significance fdr,pvalue significance fwer,induction measure,pruning measure,voting measure
complex,no_discretization,cholesterol,0,0.1058736044943148,0.07236830603630136,3324780300741.4897,0.3858898609433266,0.2637691961696838,33247803007.414898,0.4018264840182648,0.2028007991503552,0.1043804974080948,0.07129890739778774,3664939341411.37,0.3788010208645856,0.2587466009403884,36649393414.1137,0.4018264840182648,0.21774157892032076,78,103,148,258.0,3.3076923076923075,0.3644092562919299,0.8075841446369172,0.025260218329525262,71.261783556,69.43404300000003,1.7978670820000004,0.16666666666666666,0.038461538461538464,C2,C2,C2
