model_type,variant,dataset,M-of-N count,RMSE (test),MAE (test),MAPE (test),rRMSE (test),rMAE (test),rMAPE (test),maxError (test),R2 (test),RMSE (train),MAE (train),MAPE (train),rRMSE (train),rMAE (train),rMAPE (train),maxError (train),R2 (train),rules,plain conditions count,complex conditions count,conditions_count,avg conditions per rule,avg rule quality,avg rule precision,avg rule coverage,training time total (s),training time growing (s),training time pruning (s),pvalue significance fdr,pvalue significance fwer,induction measure,pruning measure,voting measure
exact_M-of-N,no_discretization,bolts,11,0.17624714113283865,0.10584998831566496,736273796898.7056,0.525860677683005,0.3158198551797255,7362737968.987056,0.5410875396244819,0.7188564576794672,0.18468918943629364,0.11464142996804902,809901176588.5535,0.5691819086783199,0.35330615788605174,8099011765.885534,0.5410875396244819,0.6867687536930082,7,5,3,19.0,2.7142857142857144,0.5621751760144618,0.7937770562770563,0.2285714285714286,0.5488331317901611,0.292144268,0.080836748,0.42857142857142855,0.2857142857142857,C2,C2,C2
