model_type,variant,dataset,M-of-N count,RMSE (test),MAE (test),MAPE (test),rRMSE (test),rMAE (test),rMAPE (test),maxError (test),R2 (test),RMSE (train),MAE (train),MAPE (train),rRMSE (train),rMAE (train),rMAPE (train),maxError (train),R2 (train),rules,plain conditions count,complex conditions count,conditions_count,avg conditions per rule,avg rule quality,avg rule precision,avg rule coverage,training time total (s),training time growing (s),training time pruning (s),pvalue significance fdr,pvalue significance fwer,induction measure,pruning measure,voting measure
plain,no_discretization,echomonths,0,0.17105367498874968,0.1181120839343792,17869276440343.7,0.44010685127313726,0.30389254928949655,178692764403.43698,0.6842105263157894,0.639017441137554,0.17502056118168965,0.12205566367406472,15003018220978.305,0.4512534301866112,0.3146946652139247,150030182209.78305,0.6842105263157894,0.6060554462019219,27,47,64,126.99999999999999,4.703703703703703,0.47020037884086524,0.8412559140907215,0.098005698005698,7.157106796,5.767131678,1.357954005,0.5185185185185185,0.37037037037037035,C2,C2,C2
