model_type,variant,dataset,M-of-N count,RMSE (test),MAE (test),MAPE (test),rRMSE (test),rMAE (test),rMAPE (test),maxError (test),R2 (test),RMSE (train),MAE (train),MAPE (train),rRMSE (train),rMAE (train),rMAPE (train),maxError (train),R2 (train),rules,plain conditions count,complex conditions count,conditions_count,avg conditions per rule,avg rule quality,avg rule precision,avg rule coverage,training time total (s),training time growing (s),training time pruning (s),pvalue significance fdr,pvalue significance fwer,induction measure,pruning measure,voting measure
complex,no_discretization,elusage,0,0.3274392434319313,0.2799438453832109,397415516717962.5,0.6935616574016849,0.5929598277481446,3974155167179.625,0.5112008450146337,0.0696609285710379,0.1369793854877938,0.0845133215644795,13794336468404.645,0.4132959890262637,0.2549946964464863,137943364684.04642,0.5800912676169008,0.6902129297422575,6,0.3333333333333333,1.1666666666666667,9.0,1.5,0.7362649961862838,0.8572233322233322,0.2733333333333333,0.217794354,0.2120825949999999,0.003007392,0.6666666666666666,0.6666666666666666,C2,C2,C2
