model_type,variant,dataset,M-of-N count,RMSE (test),MAE (test),MAPE (test),rRMSE (test),rMAE (test),rMAPE (test),maxError (test),R2 (test),RMSE (train),MAE (train),MAPE (train),rRMSE (train),rMAE (train),rMAPE (train),maxError (train),R2 (train),rules,plain conditions count,complex conditions count,conditions_count,avg conditions per rule,avg rule quality,avg rule precision,avg rule coverage,training time total (s),training time growing (s),training time pruning (s),pvalue significance fdr,pvalue significance fwer,induction measure,pruning measure,voting measure
complex,no_discretization,echomonths,0,0.3467775810194922,0.25425042651868,12155464581297.355,0.64632380691805,0.4738717626871456,121554645812.97356,0.8097376523128781,0.0226369592826474,0.1590856571266883,0.1053336201063888,7745392714031.32,0.4088409431128647,0.2707013150248581,77453927140.3132,0.5789473684210527,0.6822529885448219,18,0.7222222222222222,1.7222222222222223,44.0,2.4444444444444446,0.5339093473227802,0.8484260775927441,0.0664767331433998,6.669142367,6.585301434000002,0.070670733,0.7777777777777778,0.6666666666666666,C2,C2,C2
