model_type,variant,dataset,M-of-N count,RMSE (test),MAE (test),MAPE (test),rRMSE (test),rMAE (test),rMAPE (test),maxError (test),R2 (test),RMSE (train),MAE (train),MAPE (train),rRMSE (train),rMAE (train),rMAPE (train),maxError (train),R2 (train),rules,plain conditions count,complex conditions count,conditions_count,avg conditions per rule,avg rule quality,avg rule precision,avg rule coverage,training time total (s),training time growing (s),training time pruning (s),pvalue significance fdr,pvalue significance fwer,induction measure,pruning measure,voting measure
exact_M-of-N,no_discretization,dee,0,0.1399146510071929,0.1082628216690186,29385075362015.297,0.267123891272384,0.2066944812153353,293850753620.1529,0.3360317245696037,0.681999660192217,0.1405372133726648,0.0997898896712089,3215388185510.0303,0.2888166619187218,0.2050772328297917,32153881855.100304,0.5430883773885434,0.6289639289429236,9,2.2222222222222223,0.8888888888888888,28.0,3.111111111111111,0.4655716191752138,0.7546856167183215,0.1968929415737926,220.657253742218,2.747083711,4.130906336,0.7777777777777778,0.7777777777777778,C2,C2,C2
