model_type,variant,dataset,M-of-N count,RMSE (test),MAE (test),MAPE (test),rRMSE (test),rMAE (test),rMAPE (test),maxError (test),R2 (test),RMSE (train),MAE (train),MAPE (train),rRMSE (train),rMAE (train),rMAPE (train),maxError (train),R2 (train),rules,plain conditions count,complex conditions count,conditions_count,avg conditions per rule,avg rule quality,avg rule precision,avg rule coverage,training time total (s),training time growing (s),training time pruning (s),pvalue significance fdr,pvalue significance fwer,induction measure,pruning measure,voting measure
plain,no_discretization,gascons,0,0.2295909630698405,0.228375528050038,567382630219905.5,0.459181926139681,0.4567510561000761,5673826302199.055,0.251968503937008,0.7891519587066526,0.1680317543535085,0.1271733375154834,45390610417593.67,0.3088201347574743,0.2337277699693868,453906104175.9367,0.4430923407301361,0.7201904456824397,6,1.3333333333333333,0.16666666666666666,9.0,1.5,0.4327340845220522,0.6726495726495726,0.2266666666666666,0.047317138,0.043797762,0.001857315,0.6666666666666666,0.5,C2,C2,C2
