model_type,variant,dataset,M-of-N count,RMSE (test),MAE (test),MAPE (test),rRMSE (test),rMAE (test),rMAPE (test),maxError (test),R2 (test),RMSE (train),MAE (train),MAPE (train),rRMSE (train),rMAE (train),rMAPE (train),maxError (train),R2 (train),rules,plain conditions count,complex conditions count,conditions_count,avg conditions per rule,avg rule quality,avg rule precision,avg rule coverage,training time total (s),training time growing (s),training time pruning (s),pvalue significance fdr,pvalue significance fwer,induction measure,pruning measure,voting measure
exact_M-of-N,no_discretization,fishcatch,0.1111111111111111,0.2220378580697779,0.153925922655651,18228991564133.844,0.6806470856338918,0.4718530054732909,182289915641.33844,0.6563636363636364,0.4827280691543543,0.1432611328652219,0.0755887099748231,2612897259925.8926,0.5951855349727198,0.3140370726133248,26128972599.258926,0.8165187001065668,0.5564386762805952,9,0.6666666666666666,1.2222222222222223,18.0,2.0,0.6893263649009561,0.85393114289879,0.2558685446009389,3.2563939094543457,0.611567984,0.203576935,0.8888888888888888,0.8888888888888888,C2,C2,C2
