model_type,variant,dataset,M-of-N count,RMSE (test),MAE (test),MAPE (test),rRMSE (test),rMAE (test),rMAPE (test),maxError (test),R2 (test),RMSE (train),MAE (train),MAPE (train),rRMSE (train),rMAE (train),rMAPE (train),maxError (train),R2 (train),rules,plain conditions count,complex conditions count,conditions_count,avg conditions per rule,avg rule quality,avg rule precision,avg rule coverage,training time total (s),training time growing (s),training time pruning (s),pvalue significance fdr,pvalue significance fwer,induction measure,pruning measure,voting measure
exact_M-of-N,no_discretization,concrete,0.3333333333333333,0.2901489659150311,0.241254225567898,173433251252391.16,0.6999121281051028,0.5819657426627707,1734332512523.9116,0.6138812797295661,-0.07417773972614,0.1162957436562061,0.0840378827099859,10323857797518.328,0.2501331143919011,0.1807517340556455,103238577975.18327,0.3884857281083696,0.6348300718391958,21,3.380952380952381,0.7619047619047619,94.0,4.476190476190476,0.4363109563633393,0.7669861884147599,0.0819252432155657,3.1267192363739014,0.973771462,0.1861034459999999,0.0476190476190476,0.0476190476190476,C2,C2,C2
