model_type,variant,dataset,M-of-N count,RMSE (test),MAE (test),MAPE (test),rRMSE (test),rMAE (test),rMAPE (test),maxError (test),R2 (test),RMSE (train),MAE (train),MAPE (train),rRMSE (train),rMAE (train),rMAPE (train),maxError (train),R2 (train),rules,plain conditions count,complex conditions count,conditions_count,avg conditions per rule,avg rule quality,avg rule precision,avg rule coverage,training time total (s),training time growing (s),training time pruning (s),pvalue significance fdr,pvalue significance fwer,induction measure,pruning measure,voting measure
complex,no_discretization,cloud,0,0.4226360170730821,0.3493853923396425,26386587812013.84,0.8031488430757574,0.6639483203264968,263865878120.1384,0.7958333876647707,-0.4760399976634422,0.121786984817373,0.0614548035944788,3401592169757.327,0.5747650434942516,0.2900315901069307,34015921697.573277,0.7567570601555754,0.5665240025781997,26,0.7692307692307693,4.346153846153846,133.0,5.115384615384615,0.5991393364146809,0.8506047588032882,0.1110229976209357,33.632937096,33.24343597199999,0.3762004490000001,0.9230769230769232,0.7307692307692307,C2,C2,C2
