model_type,variant,dataset,M-of-N count,RMSE (test),MAE (test),MAPE (test),rRMSE (test),rMAE (test),rMAPE (test),maxError (test),R2 (test),RMSE (train),MAE (train),MAPE (train),rRMSE (train),rMAE (train),rMAPE (train),maxError (train),R2 (train),rules,plain conditions count,complex conditions count,conditions_count,avg conditions per rule,avg rule quality,avg rule precision,avg rule coverage,training time total (s),training time growing (s),training time pruning (s),pvalue significance fdr,pvalue significance fwer,induction measure,pruning measure,voting measure
plain,no_discretization,concrete,0,0.2395231593213832,0.1844601874930968,13171894938652.738,0.5372593943557091,0.4137510915272669,131718949386.5274,0.5532172230285439,0.2742398989284155,0.1506925343874063,0.1058758543009669,1574900481795.7915,0.3264930512617836,0.2293924570729073,15749004817.957914,0.5534591194968552,0.3195636185072155,15,2.3333333333333335,0.5333333333333333,43.0,2.8666666666666667,0.3116783057509557,0.6479526499865482,0.0905797101449275,4.001226723,3.380749538,0.6142508959999999,0.0,0.0,C2,C2,C2
