model_type,variant,dataset,M-of-N count,RMSE (test),MAE (test),MAPE (test),rRMSE (test),rMAE (test),rMAPE (test),maxError (test),R2 (test),RMSE (train),MAE (train),MAPE (train),rRMSE (train),rMAE (train),rMAPE (train),maxError (train),R2 (train),rules,plain conditions count,complex conditions count,conditions_count,avg conditions per rule,avg rule quality,avg rule precision,avg rule coverage,training time total (s),training time growing (s),training time pruning (s),pvalue significance fdr,pvalue significance fwer,induction measure,pruning measure,voting measure
exact_M-of-N,no_discretization,diabetes,0,0.4424048179179741,0.3983838792514956,475379960666886.1,0.6221317751971511,0.5602273301974158,4753799606668.861,0.5940726355276695,-0.3980144494073987,0.136399420833933,0.0807296923804098,62549994824590.41,0.2797517356833889,0.165574541493854,625499948245.904,0.5277777777777779,0.5304644048761347,12,1,2.3333333333333335,40.0,3.3333333333333335,0.5540510281236087,0.8081349206349207,0.1271929824561403,0.1478974819183349,0.083408016,0.0270645149999999,0.4166666666666667,0.4166666666666667,C2,C2,C2
