model_type,variant,dataset,M-of-N count,RMSE (test),MAE (test),MAPE (test),rRMSE (test),rMAE (test),rMAPE (test),maxError (test),R2 (test),RMSE (train),MAE (train),MAPE (train),rRMSE (train),rMAE (train),rMAPE (train),maxError (train),R2 (train),rules,plain conditions count,complex conditions count,conditions_count,avg conditions per rule,avg rule quality,avg rule precision,avg rule coverage,training time total (s),training time growing (s),training time pruning (s),pvalue significance fdr,pvalue significance fwer,induction measure,pruning measure,voting measure
exact_M-of-N,no_discretization,veteran,0.6666666666666666,0.3357514591364379,0.2132005172489368,6228672510044.999,1.3234474991203282,0.8403826213890134,62286725100.44999,0.9178356713426854,-0.4398081799648656,0.1701163119497022,0.0801723876445213,1744060934410.8518,1.4062261115874577,0.6627260116441467,17440609344.108517,0.9819639278557114,-0.1250666851268054,18,0.8888888888888888,0.7777777777777778,42.0,2.3333333333333335,0.462233278497684,0.8857817232577871,0.2122854561878952,1.4652893543243408,0.4877777170000001,0.1045348599999999,0.9444444444444444,0.7222222222222222,C2,C2,C2
