model_type,variant,dataset,M-of-N count,RMSE (test),MAE (test),MAPE (test),rRMSE (test),rMAE (test),rMAPE (test),maxError (test),R2 (test),RMSE (train),MAE (train),MAPE (train),rRMSE (train),rMAE (train),rMAPE (train),maxError (train),R2 (train),rules,plain conditions count,complex conditions count,conditions_count,avg conditions per rule,avg rule quality,avg rule precision,avg rule coverage,training time total (s),training time growing (s),training time pruning (s),pvalue significance fdr,pvalue significance fwer,induction measure,pruning measure,voting measure
complex,no_discretization,cpu,0,0.3462856782753412,0.1989907232931712,2356868052135.9585,1.3769239074460955,0.7912400120818661,23568680521.359585,0.9762878168438268,-0.3320733889139327,0.0887110833762694,0.0283219898309086,467075555495.9488,1.3107645481784829,0.4184760098889433,4670755554.959488,0.659852820932134,0.5324837586720284,22,1.1818181818181819,3.3636363636363638,100.0,4.545454545454546,0.7063563602372634,0.9146980379528092,0.1150870406189554,64.856874143,63.032223233,1.7991147280000004,0.9545454545454546,0.9090909090909092,C2,C2,C2
