model_type,variant,dataset,M-of-N count,RMSE (test),MAE (test),MAPE (test),rRMSE (test),rMAE (test),rMAPE (test),maxError (test),R2 (test),RMSE (train),MAE (train),MAPE (train),rRMSE (train),rMAE (train),rMAPE (train),maxError (train),R2 (train),rules,plain conditions count,complex conditions count,conditions_count,avg conditions per rule,avg rule quality,avg rule precision,avg rule coverage,training time total (s),training time growing (s),training time pruning (s),pvalue significance fdr,pvalue significance fwer,induction measure,pruning measure,voting measure
exact_M-of-N,no_discretization,bolts,0.8888888888888888,0.1793949130617584,0.1711598118775182,175158288360305.75,0.6518015174577221,0.6218806498216496,1751582883603.0576,0.234682572883817,0.817699189227258,0.1134854993159407,0.0654049480336392,899890196208.771,0.3466266380546224,0.199770872804832,8998901962.08771,0.4159960985125578,0.8837748906776751,9,1.5555555555555556,0,22.0,2.4444444444444446,0.5358823824470293,0.7601851851851852,0.1574074074074073,0.1895442008972168,0.126231295,0.014702235,0.6666666666666666,0.6666666666666666,C2,C2,C2
