model_type,variant,dataset,M-of-N count,RMSE (test),MAE (test),MAPE (test),rRMSE (test),rMAE (test),rMAPE (test),maxError (test),R2 (test),RMSE (train),MAE (train),MAPE (train),rRMSE (train),rMAE (train),rMAPE (train),maxError (train),R2 (train),rules,plain conditions count,complex conditions count,conditions_count,avg conditions per rule,avg rule quality,avg rule precision,avg rule coverage,training time total (s),training time growing (s),training time pruning (s),pvalue significance fdr,pvalue significance fwer,induction measure,pruning measure,voting measure
complex,no_discretization,cpu,0,0.2225964053180388,0.1323927338958401,2482397610740.936,1.2703076607079788,0.7555355795151723,24823976107.40936,0.794766966475879,0.038540996137645,0.1124861986277182,0.0355439651956733,295267484891.7427,1.7329989770356136,0.547601893168721,2952674848.9174266,0.906521462030114,0.1825686973891338,31,0.8387096774193549,3.806451612903226,144.0,4.645161290322581,0.7126848774823091,0.9157548258737822,0.1856554564172958,86.762132904,84.59776822900001,2.14777572,0.935483870967742,0.935483870967742,C2,C2,C2
