model_type,variant,dataset,M-of-N count,RMSE (test),MAE (test),MAPE (test),rRMSE (test),rMAE (test),rMAPE (test),maxError (test),R2 (test),RMSE (train),MAE (train),MAPE (train),rRMSE (train),rMAE (train),rMAPE (train),maxError (train),R2 (train),rules,plain conditions count,complex conditions count,conditions_count,avg conditions per rule,avg rule quality,avg rule precision,avg rule coverage,training time total (s),training time growing (s),training time pruning (s),pvalue significance fdr,pvalue significance fwer,induction measure,pruning measure,voting measure
complex,no_discretization,pharynx,0,0.3574316242068555,0.2844476226981505,52717283891900.85,0.8843115547612969,0.7037438839792836,527172838919.0085,0.7775938189845475,-0.4723873112048777,0.1164570839804729,0.0565469912187642,112974102633.5298,0.3922516351021893,0.1904620054662244,1129741026.335298,0.6594922737306843,0.7454403129460425,66,0.24242424242424243,1.4545454545454546,112.0,1.696969696969697,0.5422052536881775,0.6970211398429319,0.037362258953168,3415.548143761,3414.856367179,0.387798905,0.9696969696969696,0.8333333333333334,C2,C2,C2
