model_type,variant,dataset,M-of-N count,RMSE (test),MAE (test),MAPE (test),rRMSE (test),rMAE (test),rMAPE (test),maxError (test),R2 (test),RMSE (train),MAE (train),MAPE (train),rRMSE (train),rMAE (train),rMAPE (train),maxError (train),R2 (train),rules,plain conditions count,complex conditions count,conditions_count,avg conditions per rule,avg rule quality,avg rule precision,avg rule coverage,training time total (s),training time growing (s),training time pruning (s),pvalue significance fdr,pvalue significance fwer,induction measure,pruning measure,voting measure
exact_M-of-N,no_discretization,veteran,0.6666666666666666,0.3591779915480759,0.2740655654995588,8416011604813.652,1.0052501042702782,0.767041535891121,84160116048.13652,0.7507972798601659,-0.4902630585893959,0.1499674108307196,0.0687748014005865,1598339909235.5537,1.223708758085403,0.5611907703366338,15983399092.355536,0.9198396793587176,0.1577339469438523,24,1.9166666666666667,0.9583333333333334,85.0,3.5416666666666665,0.4751396412438111,0.8594341681291118,0.1451612903225806,4.3362205028533936,1.4353059970000006,0.5727620560000001,0.8333333333333334,0.7083333333333334,C2,C2,C2
