model_type,variant,dataset,M-of-N count,RMSE (test),MAE (test),MAPE (test),rRMSE (test),rMAE (test),rMAPE (test),maxError (test),R2 (test),RMSE (train),MAE (train),MAPE (train),rRMSE (train),rMAE (train),rMAPE (train),maxError (train),R2 (train),rules,plain conditions count,complex conditions count,conditions_count,avg conditions per rule,avg rule quality,avg rule precision,avg rule coverage,training time total (s),training time growing (s),training time pruning (s),pvalue significance fdr,pvalue significance fwer,induction measure,pruning measure,voting measure
complex,no_discretization,diabetes,0,0.4254759002088695,0.4108050103995104,589143709352986.5,0.9076819204455886,0.8763840221856224,5891437093529.865,0.5232647287494046,-0.0356114830075589,0.1586093079622414,0.0913474019337539,60946148803447.18,0.3250911947138496,0.1872288354963364,609461488034.4718,0.5277777777777779,0.3634674020865873,14,0.42857142857142855,1.5714285714285714,28.0,2.0,0.6282815093041088,0.8579777365491651,0.2051282051282051,0.554548083,0.5355926019999999,0.0079787779999999,0.8571428571428571,0.5714285714285714,C2,C2,C2
