model_type,variant,dataset,M-of-N count,RMSE (test),MAE (test),MAPE (test),rRMSE (test),rMAE (test),rMAPE (test),maxError (test),R2 (test),RMSE (train),MAE (train),MAPE (train),rRMSE (train),rMAE (train),rMAPE (train),maxError (train),R2 (train),rules,plain conditions count,complex conditions count,conditions_count,avg conditions per rule,avg rule quality,avg rule precision,avg rule coverage,training time total (s),training time growing (s),training time pruning (s),pvalue significance fdr,pvalue significance fwer,induction measure,pruning measure,voting measure
at_least_M-of-N,no_discretization,echomonths,0.1724137931034483,0.3493998584023665,0.2931487552619619,43392699554445.3,0.7163323261869304,0.6010074839062445,433926995544.45294,0.7897887749845887,-0.5067034376425747,0.2210469996644999,0.1445150618182067,71349431353325.06,0.5826729014871739,0.3809371333065695,713494313533.2506,0.912280701754386,0.3916047718092605,29,1.793103448275862,2.310344827586207,124.0,4.275862068965517,0.5132141287018545,0.8738983801370371,0.1202475685234306,3.6446125507354736,1.618061082,0.2671656159999999,0.5862068965517241,0.1379310344827586,C2,C2,C2
