model_type,variant,dataset,M-of-N count,RMSE (test),MAE (test),MAPE (test),rRMSE (test),rMAE (test),rMAPE (test),maxError (test),R2 (test),RMSE (train),MAE (train),MAPE (train),rRMSE (train),rMAE (train),rMAPE (train),maxError (train),R2 (train),rules,plain conditions count,complex conditions count,conditions_count,avg conditions per rule,avg rule quality,avg rule precision,avg rule coverage,training time total (s),training time growing (s),training time pruning (s),pvalue significance fdr,pvalue significance fwer,induction measure,pruning measure,voting measure
plain,no_discretization,breasttumor,0,0.2382248155196885,0.1992089448035193,64337137533864.63,0.4446863223034186,0.3718566969665694,643371375338.6462,0.4888888888888888,0.184685248996181,0.1814457361799932,0.1252647218174407,47384476237742.73,0.3670456322286205,0.2533973516457559,473844762377.4273,0.6,0.2023599678893203,54,3.7037037037037037,0.12962962962962962,207.0,3.8333333333333335,0.3244789568856654,0.7826251206332506,0.0338070628768303,1.02215633,0.8776574309999998,0.139989945,0.1666666666666666,0.1296296296296296,C2,C2,C2
