model_type,variant,dataset,M-of-N count,RMSE (test),MAE (test),MAPE (test),rRMSE (test),rMAE (test),rMAPE (test),maxError (test),R2 (test),RMSE (train),MAE (train),MAPE (train),rRMSE (train),rMAE (train),rMAPE (train),maxError (train),R2 (train),rules,plain conditions count,complex conditions count,conditions_count,avg conditions per rule,avg rule quality,avg rule precision,avg rule coverage,training time total (s),training time growing (s),training time pruning (s),pvalue significance fdr,pvalue significance fwer,induction measure,pruning measure,voting measure
complex,no_discretization,fruitfly,0,0.3489357158681902,0.2553472377592091,62549994824592.14,0.9817999457441956,0.7184701730923502,625499948245.9214,0.7802390998593529,-0.235898345225092,0.1917841169416322,0.1293506664847035,10611159836315.16,0.6433224288757582,0.4338950809204034,106111598363.1516,0.7361111111111112,0.0378642123768346,15,0.3333333333333333,1.3333333333333333,25.0,1.6666666666666667,0.4294301008905413,0.8112726902726901,0.0726190476190476,1.661221757,1.6411539090000002,0.011109893,0.0,0.0,C2,C2,C2
