model_type,variant,dataset,M-of-N count,RMSE (test),MAE (test),MAPE (test),rRMSE (test),rMAE (test),rMAPE (test),maxError (test),R2 (test),RMSE (train),MAE (train),MAPE (train),rRMSE (train),rMAE (train),rMAPE (train),maxError (train),R2 (train),rules,plain conditions count,complex conditions count,conditions_count,avg conditions per rule,avg rule quality,avg rule precision,avg rule coverage,training time total (s),training time growing (s),training time pruning (s),pvalue significance fdr,pvalue significance fwer,induction measure,pruning measure,voting measure
plain,no_discretization,auto-price,0,0.2552180571460347,0.1840835851052934,26692078925833.2,0.8517860872684309,0.6143759514533991,266920789258.332,0.592275966373154,0.1871101948774901,0.1121999457342393,0.0749256530714846,2986526313381.2524,0.5119999600083215,0.3419068621215104,29865263133.812523,0.4373037611062863,0.6878123882702185,15,2.7333333333333334,0.06666666666666667,42.0,2.8,0.5494356805065271,0.8291098444039621,0.1095571095571095,1.68147579,1.431954431,0.243739417,0.2666666666666666,0.2,C2,C2,C2
