model_type,variant,dataset,M-of-N count,RMSE (test),MAE (test),MAPE (test),rRMSE (test),rMAE (test),rMAPE (test),maxError (test),R2 (test),RMSE (train),MAE (train),MAPE (train),rRMSE (train),rMAE (train),rMAPE (train),maxError (train),R2 (train),rules,plain conditions count,complex conditions count,conditions_count,avg conditions per rule,avg rule quality,avg rule precision,avg rule coverage,training time total (s),training time growing (s),training time pruning (s),pvalue significance fdr,pvalue significance fwer,induction measure,pruning measure,voting measure
at_least_M-of-N,no_discretization,auto-price,0,0.2501290020876771,0.1567665228028861,23743713136535.36,0.8348014493296986,0.5232057032568875,237437131365.3536,0.7845396713932308,0.2192050760877402,0.1572876131946804,0.0949991277784594,4183661552770.44,0.7177476881872102,0.4335077820679697,41836615527.70439,0.7056787759930709,0.3864931503063041,9,2.5555555555555554,1,32.0,3.5555555555555554,0.4972649145784987,0.8008010780069603,0.1732711732711732,3.3625247478485107,0.5276619439999999,0.177033127,0.8888888888888888,0.4444444444444444,C2,C2,C2
