model_type,variant,dataset,M-of-N count,RMSE (test),MAE (test),MAPE (test),rRMSE (test),rMAE (test),rMAPE (test),maxError (test),R2 (test),RMSE (train),MAE (train),MAPE (train),rRMSE (train),rMAE (train),rMAPE (train),maxError (train),R2 (train),rules,plain conditions count,complex conditions count,conditions_count,avg conditions per rule,avg rule quality,avg rule precision,avg rule coverage,training time total (s),training time growing (s),training time pruning (s),pvalue significance fdr,pvalue significance fwer,induction measure,pruning measure,voting measure
complex,no_discretization,diabetes,0,0.416205723859971,0.3898766245531816,355299116865717.1,1.248617171579913,1.1696298736595447,3552991168657.1714,0.6259259259259259,-0.3608042255851507,0.165947641322613,0.1098076275220181,27653681922450.73,0.2862031938090453,0.1893807796900162,276536819224.5073,0.5666666666666665,0.4508586360788055,14,0.14285714285714285,1.4285714285714286,22.0,1.5714285714285714,0.6522070489520555,0.8962010212010213,0.1842105263157894,0.513749902,0.4966482979999999,0.006406762,0.7857142857142857,0.7857142857142857,C2,C2,C2
