model_type,variant,dataset,M-of-N count,RMSE (test),MAE (test),MAPE (test),rRMSE (test),rMAE (test),rMAPE (test),maxError (test),R2 (test),RMSE (train),MAE (train),MAPE (train),rRMSE (train),rMAE (train),rMAPE (train),maxError (train),R2 (train),rules,plain conditions count,complex conditions count,conditions_count,avg conditions per rule,avg rule quality,avg rule precision,avg rule coverage,training time total (s),training time growing (s),training time pruning (s),pvalue significance fdr,pvalue significance fwer,induction measure,pruning measure,voting measure
plain,no_discretization,concrete,0,0.1669282943828545,0.10544560938673096,1270972318642.3618,0.36975953366535763,0.23357046507929682,12709723186.423618,0.7670537010159652,0.2540047904244215,0.1672751163756674,0.10742547112375206,1406707226458.515,0.3668629717536116,0.23560245201075403,14067072264.58515,0.7670537010159652,0.2140327119465254,30,19,79,117.0,3.9,0.38755170819972395,0.7131446331446333,0.07637540453074432,17.31484337,14.461813030000004,2.8183919729999998,0.16666666666666666,0.1,C2,C2,C2
