model_type,variant,dataset,M-of-N count,RMSE (test),MAE (test),MAPE (test),rRMSE (test),rMAE (test),rMAPE (test),maxError (test),R2 (test),RMSE (train),MAE (train),MAPE (train),rRMSE (train),rMAE (train),rMAPE (train),maxError (train),R2 (train),rules,plain conditions count,complex conditions count,conditions_count,avg conditions per rule,avg rule quality,avg rule precision,avg rule coverage,training time total (s),training time growing (s),training time pruning (s),pvalue significance fdr,pvalue significance fwer,induction measure,pruning measure,voting measure
complex,no_discretization,ele-1,0,0.1588499208932018,0.088047275372394,6323799079183.183,0.726633175307624,0.4027579675286162,63237990791.83183,0.7295589203423305,0.3015252634051701,0.1259537086339928,0.0765076596909446,988420893219.0004,0.5793363558399086,0.3519044356843137,9884208932.190004,0.8387779723942203,0.3105402811484692,21,0.8571428571428571,7.571428571428571,177.0,8.428571428571429,0.5692599831220353,0.8998688385710985,0.1488496522204387,585.271255532,579.052720864,6.203321997,0.9523809523809524,0.9523809523809524,C2,C2,C2
