model_type,variant,dataset,M-of-N count,RMSE (test),MAE (test),MAPE (test),rRMSE (test),rMAE (test),rMAPE (test),maxError (test),R2 (test),RMSE (train),MAE (train),MAPE (train),rRMSE (train),rMAE (train),rMAPE (train),maxError (train),R2 (train),rules,plain conditions count,complex conditions count,conditions_count,avg conditions per rule,avg rule quality,avg rule precision,avg rule coverage,training time total (s),training time growing (s),training time pruning (s),pvalue significance fdr,pvalue significance fwer,induction measure,pruning measure,voting measure
complex,no_discretization,cpu,0,0.2393255408275897,0.1355050177117963,1718000670774.398,1.379906617638485,0.7812967643032782,17180006707.74398,0.8634505314799673,-0.0222441937415207,0.105829469052786,0.026503823597292,404822403734.57166,1.5136062977415263,0.3790660075132983,4048224037.345717,0.9754701553556828,0.3415590861117836,34,1.4705882352941178,2.8529411764705883,147.0,4.323529411764706,0.6810453932082199,0.8946974293446387,0.0962140175219023,80.182941696,78.15238422700003,2.012470659,0.9117647058823528,0.8823529411764706,C2,C2,C2
