model_type,variant,dataset,M-of-N count,RMSE (test),MAE (test),MAPE (test),rRMSE (test),rMAE (test),rMAPE (test),maxError (test),R2 (test),RMSE (train),MAE (train),MAPE (train),rRMSE (train),rMAE (train),rMAPE (train),maxError (train),R2 (train),rules,plain conditions count,complex conditions count,conditions_count,avg conditions per rule,avg rule quality,avg rule precision,avg rule coverage,training time total (s),training time growing (s),training time pruning (s),pvalue significance fdr,pvalue significance fwer,induction measure,pruning measure,voting measure
at_least_M-of-N,no_discretization,ozone,0.043478260869565216,0.2001496380704897,0.1481614865159591,15586349493025.932,0.6081272890735087,0.4501684040433744,155863494930.2593,0.6686447299413859,0.4180911082815388,0.1398891581653405,0.103371198022688,3569832987184.0537,0.4377565897760224,0.3234805593296185,35698329871.84054,0.5151515151515151,0.6486410255035719,46,3.608695652173913,1.7608695652173914,249.0,5.413043478260869,0.4843071228553923,0.8694745223163168,0.0772946859903381,359.16114044189453,20.126671055,23.33931903300001,0.7391304347826086,0.5869565217391305,C2,C2,C2
