model_type,variant,dataset,M-of-N count,RMSE (test),MAE (test),MAPE (test),rRMSE (test),rMAE (test),rMAPE (test),maxError (test),R2 (test),RMSE (train),MAE (train),MAPE (train),rRMSE (train),rMAE (train),rMAPE (train),maxError (train),R2 (train),rules,plain conditions count,complex conditions count,conditions_count,avg conditions per rule,avg rule quality,avg rule precision,avg rule coverage,training time total (s),training time growing (s),training time pruning (s),pvalue significance fdr,pvalue significance fwer,induction measure,pruning measure,voting measure
exact_M-of-N,no_discretization,veteran,0.6153846153846154,0.4531941542414481,0.3236598327297265,12083815210868.94,1.1943811116134793,0.8529968605782348,120838152108.6894,0.909348674360404,-0.7813894107956847,0.1443357562618936,0.0708559456319091,2054235501886.94,1.1383097606278507,0.558808271769957,20542355018.8694,0.9468937875751504,0.2258524183192271,26,1.9230769230769231,1,92.0,3.5384615384615383,0.4846790977392652,0.8699897638339107,0.1513445903689806,3.9923996925354,1.3589067220000002,0.2844624169999999,0.7307692307692307,0.4615384615384615,C2,C2,C2
