model_type,variant,dataset,M-of-N count,RMSE (test),MAE (test),MAPE (test),rRMSE (test),rMAE (test),rMAPE (test),maxError (test),R2 (test),RMSE (train),MAE (train),MAPE (train),rRMSE (train),rMAE (train),rMAPE (train),maxError (train),R2 (train),rules,plain conditions count,complex conditions count,conditions_count,avg conditions per rule,avg rule quality,avg rule precision,avg rule coverage,training time total (s),training time growing (s),training time pruning (s),pvalue significance fdr,pvalue significance fwer,induction measure,pruning measure,voting measure
at_least_M-of-N,no_discretization,pollution,0.6363636363636364,0.4193295849940836,0.3904843291661817,462181999640803.75,0.7687729209969094,0.7158898133572895,4621819996408.037,0.6157501170822182,-0.1898464983616603,0.147309966307388,0.1055216154434958,17943170063311.27,0.31262241396919,0.2239388343694146,179431700633.1127,0.4638502836336118,0.4346877362806591,11,2.4545454545454546,0.09090909090909091,35.0,3.1818181818181817,0.4132352104506708,0.7287878787878787,0.1750841750841751,5.543541193008423,0.850766632,4.598226610999999,0.0,0.0,C2,C2,C2
