model_type,variant,dataset,M-of-N count,RMSE (test),MAE (test),MAPE (test),rRMSE (test),rMAE (test),rMAPE (test),maxError (test),R2 (test),RMSE (train),MAE (train),MAPE (train),rRMSE (train),rMAE (train),rMAPE (train),maxError (train),R2 (train),rules,plain conditions count,complex conditions count,conditions_count,avg conditions per rule,avg rule quality,avg rule precision,avg rule coverage,training time total (s),training time growing (s),training time pruning (s),pvalue significance fdr,pvalue significance fwer,induction measure,pruning measure,voting measure
complex,no_discretization,dee,0,0.2177852734661222,0.1678203809779763,34967020937141.63,0.5404909249187105,0.4164900201532981,349670209371.41626,0.6943216938616412,0.4758633483551971,0.1282465110460738,0.0881530289331966,2332493619918.1934,0.2514669309788163,0.1728512648141659,23324936199.18193,0.4348291547017736,0.6685352495650243,41,1.8780487804878048,5.7560975609756095,313.0,7.634146341463414,0.5307420256690699,0.8590348110655962,0.0626859012492563,2310.854670131,2290.105519129,20.729958262000004,1.0,1.0,C2,C2,C2
