model_type,variant,dataset,M-of-N count,RMSE (test),MAE (test),MAPE (test),rRMSE (test),rMAE (test),rMAPE (test),maxError (test),R2 (test),RMSE (train),MAE (train),MAPE (train),rRMSE (train),rMAE (train),rMAPE (train),maxError (train),R2 (train),rules,plain conditions count,complex conditions count,conditions_count,avg conditions per rule,avg rule quality,avg rule precision,avg rule coverage,training time total (s),training time growing (s),training time pruning (s),pvalue significance fdr,pvalue significance fwer,induction measure,pruning measure,voting measure
complex,no_discretization,dee,0,0.2049404267069058,0.1565876862807306,37081229676893.84,0.4194560666184206,0.3204914521922444,370812296768.9384,0.5081877062993496,0.1747722281154762,0.1380392167544851,0.097560303314207,4057520572547.858,0.2692714207811788,0.1903096967869872,40575205725.47858,0.5281103596064873,0.6212724936976934,18,1.3333333333333333,3.8333333333333335,93.0,5.166666666666667,0.5591133751967318,0.8358221263233367,0.1891252955082742,1159.368930242,1146.236245787,13.115904801000005,1.0,1.0,C2,C2,C2
