model_type,variant,dataset,M-of-N count,RMSE (test),MAE (test),MAPE (test),rRMSE (test),rMAE (test),rMAPE (test),maxError (test),R2 (test),RMSE (train),MAE (train),MAPE (train),rRMSE (train),rMAE (train),rMAPE (train),maxError (train),R2 (train),rules,plain conditions count,complex conditions count,conditions_count,avg conditions per rule,avg rule quality,avg rule precision,avg rule coverage,training time total (s),training time growing (s),training time pruning (s),pvalue significance fdr,pvalue significance fwer,induction measure,pruning measure,voting measure
complex,no_discretization,veteran,0,0.4062397276167263,0.2989893137173341,9135859536332.332,1.1369642298664695,0.8367969248188728,91358595363.32332,0.9278557114228456,-0.9063747866278916,0.163332770657336,0.0749337507389836,2685255640875.151,1.332767838216184,0.6114467573157526,26852556408.75151,0.9278557114228456,0.0009156214865392,27,1,2.4814814814814814,94.0,3.4814814814814814,0.4828002330899316,0.8535354117148186,0.1385902031063321,3.738110417,3.5558123509999997,0.1695264849999999,0.8888888888888888,0.8148148148148148,C2,C2,C2
