model_type,variant,dataset,M-of-N count,RMSE (test),MAE (test),MAPE (test),rRMSE (test),rMAE (test),rMAPE (test),maxError (test),R2 (test),RMSE (train),MAE (train),MAPE (train),rRMSE (train),rMAE (train),rMAPE (train),maxError (train),R2 (train),rules,plain conditions count,complex conditions count,conditions_count,avg conditions per rule,avg rule quality,avg rule precision,avg rule coverage,training time total (s),training time growing (s),training time pruning (s),pvalue significance fdr,pvalue significance fwer,induction measure,pruning measure,voting measure
plain,no_discretization,echomonths,0,0.2621083103542342,0.2028169078874813,6077732290649.21,0.8065845106069915,0.6241273928711384,60777322906.492096,0.4912303584917258,0.1665677689603942,0.1736350052839562,0.1170913943005543,17809828102980.324,0.4341851706931773,0.2927943414287203,178098281029.80325,0.631578947368421,0.6143404822501991,17,2.9411764705882355,0.7058823529411765,62.0,3.6470588235294117,0.4355346886361401,0.7962084076054665,0.094017094017094,3.671558049,2.940509351,0.726783928,0.5294117647058824,0.2352941176470588,C2,C2,C2
