model_type,variant,dataset,M-of-N count,RMSE (test),MAE (test),MAPE (test),rRMSE (test),rMAE (test),rMAPE (test),maxError (test),R2 (test),RMSE (train),MAE (train),MAPE (train),rRMSE (train),rMAE (train),rMAPE (train),maxError (train),R2 (train),rules,plain conditions count,complex conditions count,conditions_count,avg conditions per rule,avg rule quality,avg rule precision,avg rule coverage,training time total (s),training time growing (s),training time pruning (s),pvalue significance fdr,pvalue significance fwer,induction measure,pruning measure,voting measure
at_least_M-of-N,no_discretization,echomonths,0.4230769230769231,0.3448202783269337,0.2606044091258276,20216275679294.19,0.6426757875627438,0.4857143109155211,202162756792.94196,0.6764387443420539,0.0336388042376474,0.1495121060901756,0.103902085088716,19003265432123.24,0.3842374703334801,0.267022352777128,190032654321.2324,0.4971529123334255,0.719345415731168,26,2.1923076923076925,1.5,107.0,4.115384615384615,0.4979033638775951,0.8368789330327794,0.0953320184089414,0.7256026268005371,0.5190330809999999,0.082665575,0.4615384615384615,0.3076923076923077,C2,C2,C2
