model_type,variant,dataset,M-of-N count,RMSE (test),MAE (test),MAPE (test),rRMSE (test),rMAE (test),rMAPE (test),maxError (test),R2 (test),RMSE (train),MAE (train),MAPE (train),rRMSE (train),rMAE (train),rMAPE (train),maxError (train),R2 (train),rules,plain conditions count,complex conditions count,conditions_count,avg conditions per rule,avg rule quality,avg rule precision,avg rule coverage,training time total (s),training time growing (s),training time pruning (s),pvalue significance fdr,pvalue significance fwer,induction measure,pruning measure,voting measure
complex,no_discretization,diabetes,0,0.4368666696372948,0.4038284689918771,713770120945208.4,0.698986671419672,0.6461255503870035,7137701209452.084,0.6339552180502821,-0.2351801408430258,0.1303631367830656,0.0810789117681961,48115380634300.42,0.26411232906699,0.1642637692966052,481153806343.0042,0.4722222222222221,0.5815856838209414,15,0.4,1.4666666666666666,28.0,1.8666666666666667,0.6418806640562794,0.8837169312169312,0.1282051282051282,0.478277555,0.464585976,0.003703622,0.6666666666666666,0.5333333333333333,C2,C2,C2
