model_type,variant,dataset,M-of-N count,RMSE (test),MAE (test),MAPE (test),rRMSE (test),rMAE (test),rMAPE (test),maxError (test),R2 (test),RMSE (train),MAE (train),MAPE (train),rRMSE (train),rMAE (train),rMAPE (train),maxError (train),R2 (train),rules,plain conditions count,complex conditions count,conditions_count,avg conditions per rule,avg rule quality,avg rule precision,avg rule coverage,training time total (s),training time growing (s),training time pruning (s),pvalue significance fdr,pvalue significance fwer,induction measure,pruning measure,voting measure
plain,no_discretization,bodyfat,0,0.1300375667297766,0.1004355732166351,20785844434018.01,0.2650765783337753,0.2047340530954485,207858444340.1801,0.3609485571496574,0.777893162575813,0.0546420463752594,0.0322127722584331,2391291837541.98,0.1378053770235422,0.0812395128023022,23912918375.4198,0.3093511151348433,0.9008687364040036,37,2.054054054054054,0.6756756756756757,101.0,2.72972972972973,0.5645296881945989,0.7634013005661466,0.041616838077015,257.740630604,205.402144339,52.33186867999999,0.8648648648648649,0.7297297297297297,C2,C2,C2
