dataset,RMSE (test),MAE (test),MAPE (test),rRMSE (test),rMAE (test),rMAPE (test),maxError (test),R2 (test),RMSE (train),MAE (train),MAPE (train),rRMSE (train),rMAE (train),rMAPE (train),maxError (train),R2 (train),rules,conditions_count,avg conditions per rule
kidney,0.4989371599726311,0.3629251700680272,68932647357714.26,1.5875273271856443,1.1547619047619047,689326473577.1426,0.8976190476190476,-1.3700730940044403,3.735774898165383e-18,1.0056367976677143e-18,9.385943444898665e-18,1.0296030104501457e-17,2.7715981356548137e-18,9.385943444898665e-20,1.3877787807814457e-17,1.0,48,95,16.294736842105262
