model_type,variant,dataset,M-of-N count,RMSE (test),MAE (test),MAPE (test),rRMSE (test),rMAE (test),rMAPE (test),maxError (test),R2 (test),RMSE (train),MAE (train),MAPE (train),rRMSE (train),rMAE (train),rMAPE (train),maxError (train),R2 (train),rules,plain conditions count,complex conditions count,conditions_count,avg conditions per rule,avg rule quality,avg rule precision,avg rule coverage,training time total (s),training time growing (s),training time pruning (s),pvalue significance fdr,pvalue significance fwer,induction measure,pruning measure,voting measure
exact_M-of-N,no_discretization,diabetes,0,0.4334624372619968,0.4276857533277307,525404902925120.8,0.9247198661589268,0.9123962737658258,5254049029251.208,0.4710071210579859,-0.0748549550029118,0.0819745064132082,0.0494969015340793,31088029292269.33,0.1680178204440063,0.101450583582259,310880292922.6933,0.2692142381018892,0.8299718107323594,14,1.1428571428571428,2,44.0,3.142857142857143,0.6127486447174323,0.8505102040816327,0.1135531135531135,0.2540104389190674,0.132479508,0.052308998,0.5714285714285714,0.5714285714285714,C2,C2,C2
