model_type,variant,dataset,M-of-N count,RMSE (test),MAE (test),MAPE (test),rRMSE (test),rMAE (test),rMAPE (test),maxError (test),R2 (test),RMSE (train),MAE (train),MAPE (train),rRMSE (train),rMAE (train),rMAPE (train),maxError (train),R2 (train),rules,plain conditions count,complex conditions count,conditions_count,avg conditions per rule,avg rule quality,avg rule precision,avg rule coverage,training time total (s),training time growing (s),training time pruning (s),pvalue significance fdr,pvalue significance fwer,induction measure,pruning measure,voting measure
plain,no_discretization,dee,0,0.1408628259343091,0.1140269427475429,42497583684187.3,0.3534974717031844,0.2861524018132207,424975836841.873,0.3397089304592525,0.6996582527036619,0.1435228513873171,0.1080780192746746,4642862215086.255,0.2807990360446978,0.2114520672951927,46428622150.86255,0.4483867539560093,0.598813866656644,24,2.3333333333333335,0.16666666666666666,60.0,2.5,0.4460842280303603,0.7408478778348755,0.2430344478216818,1551.168317993,1201.408808982,349.7550941260001,0.8333333333333334,0.75,C2,C2,C2
