model_type,variant,dataset,M-of-N count,RMSE (test),MAE (test),MAPE (test),rRMSE (test),rMAE (test),rMAPE (test),maxError (test),R2 (test),RMSE (train),MAE (train),MAPE (train),rRMSE (train),rMAE (train),rMAPE (train),maxError (train),R2 (train),rules,plain conditions count,complex conditions count,conditions_count,avg conditions per rule,avg rule quality,avg rule precision,avg rule coverage,training time total (s),training time growing (s),training time pruning (s),pvalue significance fdr,pvalue significance fwer,induction measure,pruning measure,voting measure
complex,no_discretization,diabetes,0,0.14185537332769568,0.096603332859256,37848929218166.805,0.29146978015488484,0.1984905578844166,378489292181.668,0.41666666666666674,0.5269016857221924,0.1343311080428947,0.09382681324847239,42249967499348.96,0.2768902200404806,0.19340067497820934,422499674993.4896,0.41666666666666674,0.5388617035481811,15,21,3,28.0,1.8666666666666667,0.5646175367796035,0.8842328042328043,0.16589147286821707,0.918041988,0.9028200149999999,0.00578765,0.7333333333333333,0.4666666666666667,C2,C2,C2
