model_type,variant,dataset,M-of-N count,RMSE (test),MAE (test),MAPE (test),rRMSE (test),rMAE (test),rMAPE (test),maxError (test),R2 (test),RMSE (train),MAE (train),MAPE (train),rRMSE (train),rMAE (train),rMAPE (train),maxError (train),R2 (train),rules,plain conditions count,complex conditions count,conditions_count,avg conditions per rule,avg rule quality,avg rule precision,avg rule coverage,training time total (s),training time growing (s),training time pruning (s),pvalue significance fdr,pvalue significance fwer,induction measure,pruning measure,voting measure
complex,no_discretization,diabetes,0,0.3561258501887401,0.2947145755908038,603568870353290.0,0.7497386319762952,0.6204517380859028,6035688703532.9,0.5360768454505747,0.0003891927278584,0.1242364239832882,0.0860939403855048,28869228380580.3,0.2626926796273143,0.1820420064777843,288692283805.803,0.4166666666666667,0.6192578400842979,14,0.14285714285714285,1.5714285714285714,24.0,1.7142857142857142,0.5543175135741241,0.8647959183673469,0.1556776556776557,0.405540402,0.391070149,0.002750825,0.5,0.2857142857142857,C2,C2,C2
