model_type,variant,dataset,M-of-N count,RMSE (test),MAE (test),MAPE (test),rRMSE (test),rMAE (test),rMAPE (test),maxError (test),R2 (test),RMSE (train),MAE (train),MAPE (train),rRMSE (train),rMAE (train),rMAPE (train),maxError (train),R2 (train),rules,plain conditions count,complex conditions count,conditions_count,avg conditions per rule,avg rule quality,avg rule precision,avg rule coverage,training time total (s),training time growing (s),training time pruning (s),pvalue significance fdr,pvalue significance fwer,induction measure,pruning measure,voting measure
at_least_M-of-N,no_discretization,pwlinear,2.2954545454545454,0.3027725677233156,0.2588350324275227,91921931612946.7,0.8594479068214101,0.734727153469114,919219316129.467,0.6118407632612108,-0.3565002359046918,0.1190602579859218,0.0800073581454301,11486183561494.598,0.255616810726417,0.1717720595414743,114861835614.94598,0.4590801163815113,0.6437202114906688,44,1.1818181818181819,1.1136363636363635,202.0,4.590909090909091,0.3925578437999915,0.7859530559860474,0.0380050505050505,27.06116414070129,5.994904535,20.923637431000003,0.0227272727272727,0.0227272727272727,C2,C2,C2
