model_type,variant,dataset,M-of-N count,RMSE (test),MAE (test),MAPE (test),rRMSE (test),rMAE (test),rMAPE (test),maxError (test),R2 (test),RMSE (train),MAE (train),MAPE (train),rRMSE (train),rMAE (train),rMAPE (train),maxError (train),R2 (train),rules,plain conditions count,complex conditions count,conditions_count,avg conditions per rule,avg rule quality,avg rule precision,avg rule coverage,training time total (s),training time growing (s),training time pruning (s),pvalue significance fdr,pvalue significance fwer,induction measure,pruning measure,voting measure
plain,no_discretization,pyrim,0,0.4904173179377796,0.45615393279876,518694545360051.6,0.7434500142261112,0.6915083041002248,5186945453600.516,0.806213277808689,-1.8945880899170828,0.1699594267004333,0.1247820225247845,25449986259781.05,0.3425033114569358,0.2514615208744034,254499862597.8105,0.6325167037861914,0.5219153621119448,11,4.363636363636363,0,48.0,4.363636363636363,0.6064450217956023,0.8523882682973593,0.2198100407055631,0.164203225,0.118148523,0.039372509,0.6363636363636364,0.4545454545454545,C2,C2,C2
