model_type,variant,dataset,M-of-N count,RMSE (test),MAE (test),MAPE (test),rRMSE (test),rMAE (test),rMAPE (test),maxError (test),R2 (test),RMSE (train),MAE (train),MAPE (train),rRMSE (train),rMAE (train),rMAPE (train),maxError (train),R2 (train),rules,plain conditions count,complex conditions count,conditions_count,avg conditions per rule,avg rule quality,avg rule precision,avg rule coverage,training time total (s),training time growing (s),training time pruning (s),pvalue significance fdr,pvalue significance fwer,induction measure,pruning measure,voting measure
exact_M-of-N,no_discretization,veteran,0.7333333333333333,0.357704179360394,0.2376925750715698,8838609427165.207,1.3084612264870732,0.8694657100767803,88386094271.65207,0.9294454439044354,-0.4985965955832676,0.1653217137460097,0.0819851206190534,2732787741195.978,1.4279412925117985,0.7081340765881853,27327877411.95978,0.9524464384305464,-0.1329448417437968,15,1.0666666666666667,0.8,39.0,2.6,0.3929718565790045,0.8562573644989556,0.246070460704607,0.1670536994934082,0.098134382,0.0135167069999999,0.8,0.7333333333333333,C2,C2,C2
