model_type,variant,dataset,M-of-N count,RMSE (test),MAE (test),MAPE (test),rRMSE (test),rMAE (test),rMAPE (test),maxError (test),R2 (test),RMSE (train),MAE (train),MAPE (train),rRMSE (train),rMAE (train),rMAPE (train),maxError (train),R2 (train),rules,plain conditions count,complex conditions count,conditions_count,avg conditions per rule,avg rule quality,avg rule precision,avg rule coverage,training time total (s),training time growing (s),training time pruning (s),pvalue significance fdr,pvalue significance fwer,induction measure,pruning measure,voting measure
exact_M-of-N,no_discretization,cloud,0.3076923076923077,0.3158364624343101,0.238187623350591,36487194804881.375,0.8610350035832768,0.649348335351951,364871948048.8137,0.6425986843893029,-0.1496577700854495,0.1530522224953819,0.0723484060368368,4137723122203.831,0.7653268622073403,0.3617731103483038,41377231222.03831,0.8560509148033076,0.2411032316406239,13,1.1538461538461537,1.6923076923076923,41.0,3.1538461538461537,0.6070317268654738,0.8934878689686384,0.2038065027755749,0.6987168788909912,0.394116033,0.116032367,0.3846153846153846,0.3846153846153846,C2,C2,C2
