model_type,variant,dataset,M-of-N count,RMSE (test),MAE (test),MAPE (test),rRMSE (test),rMAE (test),rMAPE (test),maxError (test),R2 (test),RMSE (train),MAE (train),MAPE (train),rRMSE (train),rMAE (train),rMAPE (train),maxError (train),R2 (train),rules,plain conditions count,complex conditions count,conditions_count,avg conditions per rule,avg rule quality,avg rule precision,avg rule coverage,training time total (s),training time growing (s),training time pruning (s),pvalue significance fdr,pvalue significance fwer,induction measure,pruning measure,voting measure
plain,no_discretization,fishcatch,0,0.3183587756620633,0.2107269552665553,23023406493090.52,0.7453677126061315,0.4933712548204268,230234064930.90515,0.7987493987493988,0.1120252083046934,0.1420578467230896,0.0951553426948408,3107246972573.001,0.5896531877198062,0.3949704464967352,31072469725.73001,0.5018181818181817,0.5809677303422314,14,2.2142857142857144,0.14285714285714285,33.0,2.357142857142857,0.5750625585789654,0.7752245041009955,0.2168008048289738,1.027930175,0.930770905,0.0945847559999999,0.7142857142857143,0.7142857142857143,C2,C2,C2
