model_type,variant,dataset,M-of-N count,RMSE (test),MAE (test),MAPE (test),rRMSE (test),rMAE (test),rMAPE (test),maxError (test),R2 (test),RMSE (train),MAE (train),MAPE (train),rRMSE (train),rMAE (train),rMAPE (train),maxError (train),R2 (train),rules,plain conditions count,complex conditions count,conditions_count,avg conditions per rule,avg rule quality,avg rule precision,avg rule coverage,training time total (s),training time growing (s),training time pruning (s),pvalue significance fdr,pvalue significance fwer,induction measure,pruning measure,voting measure
exact_M-of-N,no_discretization,strike,0.4358974358974359,0.149176847398776,0.0631007831453816,539187371099.5053,2.0370932434573445,0.861676468190189,5391873710.995052,0.990208029179416,-0.1037994760521752,0.0779193715970643,0.0326165755981619,1128410786005.5796,1.8776902307664336,0.7859897238189608,11284107860.055796,0.990931752224486,-0.0718215032489109,39,2.2564102564102564,2.0256410256410255,184.0,4.717948717948718,0.4543999171389967,0.9280791915313518,0.1560361346838215,1183.9191205501556,22.882139858,82.854833007,0.7435897435897436,0.6153846153846154,C2,C2,C2
