model_type,variant,dataset,M-of-N count,RMSE (test),MAE (test),MAPE (test),rRMSE (test),rMAE (test),rMAPE (test),maxError (test),R2 (test),RMSE (train),MAE (train),MAPE (train),rRMSE (train),rMAE (train),rMAPE (train),maxError (train),R2 (train),rules,plain conditions count,complex conditions count,conditions_count,avg conditions per rule,avg rule quality,avg rule precision,avg rule coverage,training time total (s),training time growing (s),training time pruning (s),pvalue significance fdr,pvalue significance fwer,induction measure,pruning measure,voting measure
at_least_M-of-N,no_discretization,bodyfat,0.125,0.1743580187782193,0.1408834474435947,23892781180997.47,0.3425406567031979,0.2767771103623472,238927811809.9747,0.3647923352823708,0.637132389644382,0.0697455129141136,0.0403972681516769,9183003804783.553,0.1734948998745974,0.1004899053766106,91830038047.83553,0.4628612745718042,0.8431355821369666,24,2.8333333333333335,2.0833333333333335,121.0,5.041666666666667,0.5818631526328799,0.819322665935061,0.0791116005873715,23.86978578567505,5.561488125999999,7.457522478000001,0.8333333333333334,0.75,C2,C2,C2
