model_type,variant,dataset,M-of-N count,RMSE (test),MAE (test),MAPE (test),rRMSE (test),rMAE (test),rMAPE (test),maxError (test),R2 (test),RMSE (train),MAE (train),MAPE (train),rRMSE (train),rMAE (train),rMAPE (train),maxError (train),R2 (train),rules,plain conditions count,complex conditions count,conditions_count,avg conditions per rule,avg rule quality,avg rule precision,avg rule coverage,training time total (s),training time growing (s),training time pruning (s),pvalue significance fdr,pvalue significance fwer,induction measure,pruning measure,voting measure
complex,no_discretization,bodyfat,0,0.1665178829944679,0.1345720112017031,19505392999768.848,0.3271380656504489,0.264377775188736,195053929997.68848,0.3447756631023324,0.6690319162332811,0.0594663575233485,0.0260367718930825,7573070079661.464,0.1479250680559926,0.0647675663122693,75730700796.61464,0.5409208297154404,0.8859659438218368,52,0.4230769230769231,2.3653846153846154,145.0,2.7884615384615383,0.7438438241507082,0.8288921128021466,0.0567604201965435,1086.200843351,1040.4479374240002,45.73295755,0.9807692307692308,0.9807692307692308,C2,C2,C2
