model_type,variant,dataset,M-of-N count,RMSE (test),MAE (test),MAPE (test),rRMSE (test),rMAE (test),rMAPE (test),maxError (test),R2 (test),RMSE (train),MAE (train),MAPE (train),rRMSE (train),rMAE (train),rMAPE (train),maxError (train),R2 (train),rules,plain conditions count,complex conditions count,conditions_count,avg conditions per rule,avg rule quality,avg rule precision,avg rule coverage,training time total (s),training time growing (s),training time pruning (s),pvalue significance fdr,pvalue significance fwer,induction measure,pruning measure,voting measure
plain,no_discretization,mbagrade,0,0.3421409371957802,0.2857605164329412,435144779306024.0,0.6653554960971308,0.5557134780028213,4351447793060.24,0.5797293036371756,-0.0266254656699242,0.1908052481221815,0.1436285258002702,25299049571996.824,0.3442724887212429,0.2591508908442539,252990495719.96823,0.4438775510204081,0.3725791034577879,9,1.1111111111111112,0.3333333333333333,13.0,1.4444444444444444,0.3708358344573962,0.7025673400673401,0.2363636363636363,0.03949978,0.034048708,0.003438246,0.0,0.0,C2,C2,C2
