model_type,variant,dataset,M-of-N count,RMSE (test),MAE (test),MAPE (test),rRMSE (test),rMAE (test),rMAPE (test),maxError (test),R2 (test),RMSE (train),MAE (train),MAPE (train),rRMSE (train),rMAE (train),rMAPE (train),maxError (train),R2 (train),rules,plain conditions count,complex conditions count,conditions_count,avg conditions per rule,avg rule quality,avg rule precision,avg rule coverage,training time total (s),training time growing (s),training time pruning (s),pvalue significance fdr,pvalue significance fwer,induction measure,pruning measure,voting measure
complex,no_discretization,cloud,0,0.1270842271265608,0.05825503120159742,2476637598583.926,0.6348876166272348,0.2910305924848905,24766375985.839256,0.7628091802180291,0.4618152776390878,0.13274639966635318,0.060928683098734,2728887724365.5586,0.6461813926066471,0.2965879405647508,27288877243.655586,0.7628091802180291,0.4481612641224836,21,59,38,103.0,4.904761904761905,0.6748667475436615,0.8783016348642414,0.1653439153439153,35.432344873,35.03411036,0.38077938,0.8571428571428571,0.8571428571428571,C2,C2,C2
