model_type,variant,dataset,M-of-N count,RMSE (test),MAE (test),MAPE (test),rRMSE (test),rMAE (test),rMAPE (test),maxError (test),R2 (test),RMSE (train),MAE (train),MAPE (train),rRMSE (train),rMAE (train),rMAPE (train),maxError (train),R2 (train),rules,plain conditions count,complex conditions count,conditions_count,avg conditions per rule,avg rule quality,avg rule precision,avg rule coverage,training time total (s),training time growing (s),training time pruning (s),pvalue significance fdr,pvalue significance fwer,induction measure,pruning measure,voting measure
at_least_M-of-N,no_discretization,pwlinear,3.8974358974358974,0.2690730784840871,0.1929779561622904,150447760477661.2,0.5209125096740586,0.3735960209122674,1504477604776.6118,0.6681222707423582,-0.0283859010810787,0.1357998642587145,0.0910402105490987,7873373091183.312,0.2954383493294036,0.1980618292517998,78733730911.83313,0.6004366812227073,0.510412072572242,39,0.6153846153846154,0.6153846153846154,200.0,5.128205128205129,0.4036453196793387,0.8064639064639066,0.0417378917378917,52.615740060806274,10.815403230999998,41.626636647000005,0.0512820512820512,0.0256410256410256,C2,C2,C2
