model_type,variant,dataset,M-of-N count,RMSE (test),MAE (test),MAPE (test),rRMSE (test),rMAE (test),rMAPE (test),maxError (test),R2 (test),RMSE (train),MAE (train),MAPE (train),rRMSE (train),rMAE (train),rMAPE (train),maxError (train),R2 (train),rules,plain conditions count,complex conditions count,conditions_count,avg conditions per rule,avg rule quality,avg rule precision,avg rule coverage,training time total (s),training time growing (s),training time pruning (s),pvalue significance fdr,pvalue significance fwer,induction measure,pruning measure,voting measure
plain,no_discretization,ozone,0,0.2433653540585388,0.1830379259988099,12368092871640.514,0.6069984702971697,0.4565306410086597,123680928716.40514,0.5770348682992521,0.1476274415992504,0.1419781496890871,0.1032889628860213,1374232541293.9153,0.4857403134910891,0.3533755956271757,13742325412.939154,0.5300671057735717,0.5809981120106167,26,2.3461538461538463,0.5769230769230769,76.0,2.923076923076923,0.4466836337593654,0.8063714599653464,0.1028231028231028,29.607107548,26.541290449,3.061979561,0.5769230769230769,0.3846153846153846,C2,C2,C2
