model_type,variant,dataset,M-of-N count,RMSE (test),MAE (test),MAPE (test),rRMSE (test),rMAE (test),rMAPE (test),maxError (test),R2 (test),RMSE (train),MAE (train),MAPE (train),rRMSE (train),rMAE (train),rMAPE (train),maxError (train),R2 (train),rules,plain conditions count,complex conditions count,conditions_count,avg conditions per rule,avg rule quality,avg rule precision,avg rule coverage,training time total (s),training time growing (s),training time pruning (s),pvalue significance fdr,pvalue significance fwer,induction measure,pruning measure,voting measure
at_least_M-of-N,no_discretization,auto-price,0,0.2184210982004121,0.1274212664653191,19391760045362.875,0.7535944575058496,0.4396276777645982,193917600453.62875,0.6344510627300808,0.3456531415655361,0.1241603113559019,0.076629372889392,2454214697744.911,0.6056320866613625,0.3737845572046248,24542146977.449112,0.6370165007682544,0.5670044292630649,9,2.4444444444444446,0.4444444444444444,26.0,2.888888888888889,0.5019134599504027,0.7912148850334215,0.1833721833721834,8.219616413116455,0.867275543,0.3130801669999999,0.7777777777777778,0.6666666666666666,C2,C2,C2
