model_type,variant,dataset,M-of-N count,RMSE (test),MAE (test),MAPE (test),rRMSE (test),rMAE (test),rMAPE (test),maxError (test),R2 (test),RMSE (train),MAE (train),MAPE (train),rRMSE (train),rMAE (train),rMAPE (train),maxError (train),R2 (train),rules,plain conditions count,complex conditions count,conditions_count,avg conditions per rule,avg rule quality,avg rule precision,avg rule coverage,training time total (s),training time growing (s),training time pruning (s),pvalue significance fdr,pvalue significance fwer,induction measure,pruning measure,voting measure
complex,no_discretization,fruitfly,0,0.274240514603099,0.1999415087557585,86959748902479.7,0.8112417083142838,0.5914548817147092,869597489024.797,0.7682926829268293,-0.1008242619067707,0.1855999141216464,0.1212157734318411,7776558821275.199,0.6887340025034745,0.4498139193509972,77765588212.752,0.7682926829268293,0.0913221217128933,13,0.46153846153846156,1.4615384615384615,25.0,1.9230769230769231,0.3793462809107525,0.805970074816824,0.0966643975493533,1.14285785,1.123926712,0.0092457229999999,0.0,0.0,C2,C2,C2
