model_type,variant,dataset,M-of-N count,RMSE (test),MAE (test),MAPE (test),rRMSE (test),rMAE (test),rMAPE (test),maxError (test),R2 (test),RMSE (train),MAE (train),MAPE (train),rRMSE (train),rMAE (train),rMAPE (train),maxError (train),R2 (train),rules,plain conditions count,complex conditions count,conditions_count,avg conditions per rule,avg rule quality,avg rule precision,avg rule coverage,training time total (s),training time growing (s),training time pruning (s),pvalue significance fdr,pvalue significance fwer,induction measure,pruning measure,voting measure
plain,no_discretization,pwlinear,0,0.1901502072075117,0.1491792605889625,51458441046134.63,0.3681216352432861,0.2888038575338653,514584410461.3463,0.4066078390230667,0.486418673311599,0.0899797119868189,0.0598812206230397,6004352356633.377,0.1957546697681256,0.1302741285734786,60043523566.33377,0.3515283842794761,0.7850580295420736,48,4.604166666666667,0.20833333333333334,231.0,4.8125,0.4398114889967393,0.7805515801815143,0.040625,0.172045886,0.1399062839999999,0.026262148,0.5416666666666666,0.1458333333333333,C2,C2,C2
