model_type,variant,dataset,M-of-N count,RMSE (test),MAE (test),MAPE (test),rRMSE (test),rMAE (test),rMAPE (test),maxError (test),R2 (test),RMSE (train),MAE (train),MAPE (train),rRMSE (train),rMAE (train),rMAPE (train),maxError (train),R2 (train),rules,plain conditions count,complex conditions count,conditions_count,avg conditions per rule,avg rule quality,avg rule precision,avg rule coverage,training time total (s),training time growing (s),training time pruning (s),pvalue significance fdr,pvalue significance fwer,induction measure,pruning measure,voting measure
plain,no_discretization,pollution,0,0.3376596550235383,0.2757383250395745,364891829188649.75,0.6555116764135247,0.5353014167047846,3648918291886.4976,0.5487263625733894,-0.1341022819902317,0.1301709974551535,0.0888615178479125,18391180248838.426,0.2818254084402231,0.1923887352152624,183911802488.38425,0.405969797440009,0.5578557185976714,19,3.473684210526316,0.15789473684210525,69.0,3.6315789473684212,0.4237478668095247,0.7186957779063042,0.1042884990253411,1.595930666,1.276960485,0.313886214,0.1052631578947368,0.1052631578947368,C2,C2,C2
