model_type,variant,dataset,M-of-N count,RMSE (test),MAE (test),MAPE (test),rRMSE (test),rMAE (test),rMAPE (test),maxError (test),R2 (test),RMSE (train),MAE (train),MAPE (train),rRMSE (train),rMAE (train),rMAPE (train),maxError (train),R2 (train),rules,plain conditions count,complex conditions count,conditions_count,avg conditions per rule,avg rule quality,avg rule precision,avg rule coverage,training time total (s),training time growing (s),training time pruning (s),pvalue significance fdr,pvalue significance fwer,induction measure,pruning measure,voting measure
plain,no_discretization,cloud,0,0.08506179967733704,0.05346200954599365,2485735889917.0186,0.4249518959531111,0.2670856060442168,24857358899.170185,0.4234718190951651,0.7588889052563268,0.08806676366405272,0.055176968588808266,2738912693519.6167,0.42869037600891047,0.268589811039271,27389126935.196167,0.4234718190951651,0.757120559424796,23,15,35,60.0,2.608695652173913,0.5188186522522781,0.780977474220984,0.1328502415458937,5.749144815,4.801922343,0.9433653399999999,0.6521739130434783,0.5217391304347826,C2,C2,C2
