model_type,variant,dataset,M-of-N count,RMSE (test),MAE (test),MAPE (test),rRMSE (test),rMAE (test),rMAPE (test),maxError (test),R2 (test),RMSE (train),MAE (train),MAPE (train),rRMSE (train),rMAE (train),rMAPE (train),maxError (train),R2 (train),rules,plain conditions count,complex conditions count,conditions_count,avg conditions per rule,avg rule quality,avg rule precision,avg rule coverage,training time total (s),training time growing (s),training time pruning (s),pvalue significance fdr,pvalue significance fwer,induction measure,pruning measure,voting measure
complex,no_discretization,pollution,0,0.3436092763308604,0.3016539920198012,270302206632618.72,0.5961911902832637,0.5233952193502851,2703022066326.187,0.5918735047799488,0.2557342956762319,0.1304069199343978,0.0926172409029958,24358486009744.875,0.2759057738619847,0.19595303329883,243584860097.4488,0.4058798534843975,0.540441571848346,12,0.3333333333333333,3.5,46.0,3.8333333333333335,0.475116690231985,0.7837807345160285,0.1481481481481481,9.6415327,6.142056423,3.481734334,0.0833333333333333,0.0833333333333333,C2,C2,C2
