model_type,variant,dataset,M-of-N count,RMSE (test),MAE (test),MAPE (test),rRMSE (test),rMAE (test),rMAPE (test),maxError (test),R2 (test),RMSE (train),MAE (train),MAPE (train),rRMSE (train),rMAE (train),rMAPE (train),maxError (train),R2 (train),rules,plain conditions count,complex conditions count,conditions_count,avg conditions per rule,avg rule quality,avg rule precision,avg rule coverage,training time total (s),training time growing (s),training time pruning (s),pvalue significance fdr,pvalue significance fwer,induction measure,pruning measure,voting measure
complex,no_discretization,breasttumor,0,0.2729712126833354,0.2066293175567601,155296538874844.94,0.4609120912848167,0.3488937530798279,1552965388748.4497,0.5,-0.0527401098532973,0.202061749004945,0.1522142868099501,52571201875920.56,0.4079329889573517,0.3072982852329707,525712018759.2056,0.5,0.0378298075582062,11,0.36363636363636365,1.4545454545454546,20.0,1.8181818181818181,0.470207218293687,0.9252525252525252,0.0208701804032543,0.981968205,0.953479406,0.0188332389999999,0.6363636363636364,0.4545454545454545,C2,C2,C2
