model_type,variant,dataset,M-of-N count,RMSE (test),MAE (test),MAPE (test),rRMSE (test),rMAE (test),rMAPE (test),maxError (test),R2 (test),RMSE (train),MAE (train),MAPE (train),rRMSE (train),rMAE (train),rMAPE (train),maxError (train),R2 (train),rules,plain conditions count,complex conditions count,conditions_count,avg conditions per rule,avg rule quality,avg rule precision,avg rule coverage,training time total (s),training time growing (s),training time pruning (s),pvalue significance fdr,pvalue significance fwer,induction measure,pruning measure,voting measure
at_least_M-of-N,no_discretization,auto-mpg,0.1111111111111111,0.1916211405945089,0.1399116989195361,14692464736330.771,0.418328948925515,0.3054418409670495,146924647363.3077,0.5336294910762998,0.4457721519219669,0.1332151011485161,0.0947226537219966,1610381952877.2932,0.3425059944273691,0.2435390314472105,16103819528.772932,0.5564891044009519,0.5957901239737851,9,0.6666666666666666,2.4444444444444446,29.0,3.2222222222222223,0.6792797012594289,0.8872280363136837,0.2014856081708449,13.1411612033844,0.884954746,0.816902433,1.0,1.0,C2,C2,C2
