model_type,variant,dataset,M-of-N count,RMSE (test),MAE (test),MAPE (test),rRMSE (test),rMAE (test),rMAPE (test),maxError (test),R2 (test),RMSE (train),MAE (train),MAPE (train),rRMSE (train),rMAE (train),rMAPE (train),maxError (train),R2 (train),rules,plain conditions count,complex conditions count,conditions_count,avg conditions per rule,avg rule quality,avg rule precision,avg rule coverage,training time total (s),training time growing (s),training time pruning (s),pvalue significance fdr,pvalue significance fwer,induction measure,pruning measure,voting measure
exact_M-of-N,no_discretization,auto-price,0.17647058823529413,0.2082201295173467,0.1199418424686911,27284061357353.48,0.7528047988515753,0.4336410451901486,272840613573.5348,0.7255381942077056,0.4679382003852246,0.1228522497723828,0.0735030674222308,2885277827971.352,0.5479016637946803,0.3278120914290824,28852778279.71352,0.617734971770176,0.6246360914023468,17,2.5294117647058822,0.7058823529411765,58.0,3.411764705882353,0.5077983287992667,0.8108343079912153,0.1361579596873714,21.36084270477295,3.1862805040000004,2.586382681,0.7647058823529411,0.7058823529411765,C2,C2,C2
