model_type,variant,dataset,M-of-N count,RMSE (test),MAE (test),MAPE (test),rRMSE (test),rMAE (test),rMAPE (test),maxError (test),R2 (test),RMSE (train),MAE (train),MAPE (train),rRMSE (train),rMAE (train),rMAPE (train),maxError (train),R2 (train),rules,plain conditions count,complex conditions count,conditions_count,avg conditions per rule,avg rule quality,avg rule precision,avg rule coverage,training time total (s),training time growing (s),training time pruning (s),pvalue significance fdr,pvalue significance fwer,induction measure,pruning measure,voting measure
plain,no_discretization,pwlinear,0,0.1685597560654727,0.1369621527795746,100200175115514.14,0.3188216018061016,0.2590564554390721,1002001751155.1414,0.4449781659388647,0.5675151484153681,0.0879632271960356,0.0616560090772821,6413423050137.215,0.1918964066844098,0.1345058266912363,64134230501.37215,0.2751091703056768,0.796875304486423,46,4.6521739130434785,0.2826086956521739,227.0,4.934782608695652,0.4537038907291065,0.7974794529142357,0.0388888888888888,0.172159054,0.138184952,0.028982928,0.6521739130434783,0.1521739130434782,C2,C2,C2
