model_type,variant,dataset,M-of-N count,RMSE (test),MAE (test),MAPE (test),rRMSE (test),rMAE (test),rMAPE (test),maxError (test),R2 (test),RMSE (train),MAE (train),MAPE (train),rRMSE (train),rMAE (train),rMAPE (train),maxError (train),R2 (train),rules,plain conditions count,complex conditions count,conditions_count,avg conditions per rule,avg rule quality,avg rule precision,avg rule coverage,training time total (s),training time growing (s),training time pruning (s),pvalue significance fdr,pvalue significance fwer,induction measure,pruning measure,voting measure
exact_M-of-N,no_discretization,kidney,0.38461538461538464,0.3321877357984498,0.2769462705052674,120489995420832.14,0.817692888119261,0.6817138966283505,1204899954208.3213,0.6785714285714285,2.6013995944373924e-05,0.2184329261262924,0.1503624930935254,16984376039460.02,0.618893290691162,0.4260270637649887,169843760394.60022,0.7502524868406157,0.2372930843706933,13,0.8461538461538461,1.1538461538461537,31.0,2.3846153846153846,0.5121842441948167,0.8547287482632311,0.1481900452488688,0.2236261367797851,0.1466020409999999,0.020890902,0.6153846153846154,0.5384615384615384,C2,C2,C2
