model_type,variant,dataset,M-of-N count,RMSE (test),MAE (test),MAPE (test),rRMSE (test),rMAE (test),rMAPE (test),maxError (test),R2 (test),RMSE (train),MAE (train),MAPE (train),rRMSE (train),rMAE (train),rMAPE (train),maxError (train),R2 (train),rules,plain conditions count,complex conditions count,conditions_count,avg conditions per rule,avg rule quality,avg rule precision,avg rule coverage,training time total (s),training time growing (s),training time pruning (s),pvalue significance fdr,pvalue significance fwer,induction measure,pruning measure,voting measure
at_least_M-of-N,no_discretization,fishcatch,0.2222222222222222,0.21169631867474,0.0848037644155651,22869841857749.26,0.7496543582993356,0.300305229643581,228698418577.4926,0.827849286957334,0.3445042067728935,0.1465849764180572,0.0891715228533344,2655108673878.375,0.6007450961828098,0.3654491502629531,26551086738.78375,0.827849286957334,0.5460450377711417,9,0.7777777777777778,1.3333333333333333,21.0,2.3333333333333335,0.6971023854590714,0.8724882973897946,0.2222222222222222,1.937678337097168,0.5353888549999999,0.225772315,0.8888888888888888,0.8888888888888888,C2,C2,C2
