model_type,variant,dataset,M-of-N count,RMSE (test),MAE (test),MAPE (test),rRMSE (test),rMAE (test),rMAPE (test),maxError (test),R2 (test),RMSE (train),MAE (train),MAPE (train),rRMSE (train),rMAE (train),rMAPE (train),maxError (train),R2 (train),rules,plain conditions count,complex conditions count,conditions_count,avg conditions per rule,avg rule quality,avg rule precision,avg rule coverage,training time total (s),training time growing (s),training time pruning (s),pvalue significance fdr,pvalue significance fwer,induction measure,pruning measure,voting measure
at_least_M-of-N,no_discretization,auto-price,0,0.3949787014830185,0.3200786191462932,20040701553652.98,0.8273643041828367,0.6704706431497588,200407015536.52985,0.7771439850731461,-0.3378372058509453,0.1414039268190569,0.0727582148326527,6784302596579.785,0.6817742336559289,0.3508012632717076,67843025965.79785,0.8317522880619947,0.5020488378186017,15,2.4,1.2666666666666666,55.0,3.6666666666666665,0.5115677823513417,0.8379849986839234,0.1286713286713286,0.8480358123779297,0.4663137239999999,0.1745258489999999,0.6,0.4666666666666667,C2,C2,C2
