model_type,variant,dataset,M-of-N count,RMSE (test),MAE (test),MAPE (test),rRMSE (test),rMAE (test),rMAPE (test),maxError (test),R2 (test),RMSE (train),MAE (train),MAPE (train),rRMSE (train),rMAE (train),rMAPE (train),maxError (train),R2 (train),rules,plain conditions count,complex conditions count,conditions_count,avg conditions per rule,avg rule quality,avg rule precision,avg rule coverage,training time total (s),training time growing (s),training time pruning (s),pvalue significance fdr,pvalue significance fwer,induction measure,pruning measure,voting measure
plain,no_discretization,pollution,0,0.2958604679591352,0.2526009239963513,372337592128979.1,0.6834225926172414,0.5834952522245775,3723375921289.791,0.4960533212580991,0.1136618976421399,0.123939536833967,0.0861447370853518,18391180248838.477,0.2706473591894445,0.1881146742661522,183911802488.38477,0.3936071558170478,0.5743976169169516,21,3.5238095238095237,0.19047619047619047,78.0,3.7142857142857144,0.437754279047501,0.7412887377173093,0.1181657848324514,1.496700667,1.224629044,0.26717139,0.0,0.0,C2,C2,C2
