model_type,variant,dataset,M-of-N count,RMSE (test),MAE (test),MAPE (test),rRMSE (test),rMAE (test),rMAPE (test),maxError (test),R2 (test),RMSE (train),MAE (train),MAPE (train),rRMSE (train),rMAE (train),rMAPE (train),maxError (train),R2 (train),rules,plain conditions count,complex conditions count,conditions_count,avg conditions per rule,avg rule quality,avg rule precision,avg rule coverage,training time total (s),training time growing (s),training time pruning (s),pvalue significance fdr,pvalue significance fwer,induction measure,pruning measure,voting measure
at_least_M-of-N,no_discretization,mbagrade,0,0.22171706400987046,0.15294267867556263,36077966371088.48,0.3910267524360089,0.26973421833110184,360779663710.88477,0.8381924198250729,0.1331604644075658,0.2290042192558008,0.15819883620413513,40218060872688.77,0.4148356338165078,0.28657338584871483,402180608726.88776,0.8381924198250729,0.07158957351968598,9,18,3,21.0,2.3333333333333335,0.37516522043611356,0.7418430335097002,0.14389799635701275,0.1354982852935791,0.082095138,0.018433509,0.1111111111111111,0.1111111111111111,C2,C2,C2
