model_type,variant,dataset,M-of-N count,RMSE (test),MAE (test),MAPE (test),rRMSE (test),rMAE (test),rMAPE (test),maxError (test),R2 (test),RMSE (train),MAE (train),MAPE (train),rRMSE (train),rMAE (train),rMAPE (train),maxError (train),R2 (train),rules,plain conditions count,complex conditions count,conditions_count,avg conditions per rule,avg rule quality,avg rule precision,avg rule coverage,training time total (s),training time growing (s),training time pruning (s),pvalue significance fdr,pvalue significance fwer,induction measure,pruning measure,voting measure
at_least_M-of-N,no_discretization,pwlinear,4.533333333333333,0.2696377991058726,0.2106189844310581,94211103316049.84,0.500811470725652,0.3911929399566297,942111033160.4984,0.6554153116475292,-0.1455723843615795,0.126340404632647,0.0826606446900006,4873579843672.194,0.2935596159135397,0.1920670364870096,48735798436.72195,0.5139460448102424,0.6047940425808322,45,0.6444444444444445,0.2222222222222222,243.0,5.4,0.4087498539740899,0.7921200223161007,0.0349382716049382,217.6452875137329,32.113378037000004,185.292163879,0.3777777777777777,0.0444444444444444,C2,C2,C2
