model_type,variant,dataset,M-of-N count,RMSE (test),MAE (test),MAPE (test),rRMSE (test),rMAE (test),rMAPE (test),maxError (test),R2 (test),RMSE (train),MAE (train),MAPE (train),rRMSE (train),rMAE (train),rMAPE (train),maxError (train),R2 (train),rules,plain conditions count,complex conditions count,conditions_count,avg conditions per rule,avg rule quality,avg rule precision,avg rule coverage,training time total (s),training time growing (s),training time pruning (s),pvalue significance fdr,pvalue significance fwer,induction measure,pruning measure,voting measure
at_least_M-of-N,no_discretization,pollution,0.6666666666666666,0.2250480427079851,0.1741226730764825,165520622239543.9,0.5198495015973893,0.4022144948537377,1655206222395.439,0.4508146131014225,0.4871669333928534,0.1267815889854539,0.0931699747037713,18391180248838.453,0.2768535620616486,0.2034557192440005,183911802488.3845,0.3423732177915347,0.5546548833088769,12,1.5833333333333333,0.4166666666666667,32.0,2.6666666666666665,0.3885314520789273,0.699284511784512,0.1404320987654321,9.023956298828123,1.372523398,7.413917021,0.0,0.0,C2,C2,C2
