model_type,variant,dataset,M-of-N count,RMSE (test),MAE (test),MAPE (test),rRMSE (test),rMAE (test),rMAPE (test),maxError (test),R2 (test),RMSE (train),MAE (train),MAPE (train),rRMSE (train),rMAE (train),rMAPE (train),maxError (train),R2 (train),rules,plain conditions count,complex conditions count,conditions_count,avg conditions per rule,avg rule quality,avg rule precision,avg rule coverage,training time total (s),training time growing (s),training time pruning (s),pvalue significance fdr,pvalue significance fwer,induction measure,pruning measure,voting measure
complex,no_discretization,kidney,0,0.3178169473748335,0.2578175175229114,281474976710656.4,0.8114475252123412,0.6582574915478591,2814749767106.564,0.6785714285714285,0.0058034085053508,0.2432266993615782,0.1728984810475606,23653359387450.64,0.6760637015831313,0.4805820553497159,236533593874.5064,0.7857142857142858,0.0570273823662571,7,0.2857142857142857,1.2857142857142858,11.0,1.5714285714285714,0.6320898898783829,0.9620998196849592,0.1197478991596638,0.859029895,0.843288862,0.004859839,0.7142857142857143,0.7142857142857143,C2,C2,C2
