model_type,variant,dataset,M-of-N count,RMSE (test),MAE (test),MAPE (test),rRMSE (test),rMAE (test),rMAPE (test),maxError (test),R2 (test),RMSE (train),MAE (train),MAPE (train),rRMSE (train),rMAE (train),rMAPE (train),maxError (train),R2 (train),rules,plain conditions count,complex conditions count,conditions_count,avg conditions per rule,avg rule quality,avg rule precision,avg rule coverage,training time total (s),training time growing (s),training time pruning (s),pvalue significance fdr,pvalue significance fwer,induction measure,pruning measure,voting measure
complex,no_discretization,pwlinear,0,0.230330541827635,0.1787958981216433,77744359716569.5,0.4459088262340402,0.346140240170778,777443597165.695,0.5179416835508348,0.2464385427766049,0.121129993721035,0.0863113736391655,8574192840188.232,0.2635234254067168,0.1877740445139813,85741928401.88232,0.551528384279476,0.6104749267574164,37,0,3.810810810810811,141.0,3.810810810810811,0.3940627859497176,0.7637380804260601,0.0442942942942942,1.567756154,1.4223088979999996,0.131226305,0.1891891891891892,0.1351351351351351,C2,C2,C2
