model_type,variant,dataset,M-of-N count,RMSE (test),MAE (test),MAPE (test),rRMSE (test),rMAE (test),rMAPE (test),maxError (test),R2 (test),RMSE (train),MAE (train),MAPE (train),rRMSE (train),rMAE (train),rMAPE (train),maxError (train),R2 (train),rules,plain conditions count,complex conditions count,conditions_count,avg conditions per rule,avg rule quality,avg rule precision,avg rule coverage,training time total (s),training time growing (s),training time pruning (s),pvalue significance fdr,pvalue significance fwer,induction measure,pruning measure,voting measure
at_least_M-of-N,no_discretization,pyrim,2.3333333333333335,0.4050384218962954,0.3512645343166442,417387179750945.3,0.8773774352357255,0.7608946696096822,4173871797509.453,0.6487499999999999,-0.519944437623697,0.1279465384506063,0.0787316985024478,44699906749274.414,0.1828051302399706,0.1124888455212902,446999067492.74414,0.665,0.3999059592479375,9,0.1111111111111111,0.1111111111111111,23.0,2.5555555555555554,0.5036677988204349,0.7900519250253293,0.1807628524046434,0.9813175201416016,0.3980319969999999,0.531705281,0.4444444444444444,0.4444444444444444,C2,C2,C2
