model_type,variant,dataset,M-of-N count,RMSE (test),MAE (test),MAPE (test),rRMSE (test),rMAE (test),rMAPE (test),maxError (test),R2 (test),RMSE (train),MAE (train),MAPE (train),rRMSE (train),rMAE (train),rMAPE (train),maxError (train),R2 (train),rules,plain conditions count,complex conditions count,conditions_count,avg conditions per rule,avg rule quality,avg rule precision,avg rule coverage,training time total (s),training time growing (s),training time pruning (s),pvalue significance fdr,pvalue significance fwer,induction measure,pruning measure,voting measure
complex,no_discretization,ozone,0,0.2131191646713926,0.1468320731473573,17671537530697.82,0.6475334210476075,0.4461291634247071,176715375306.9782,0.8787878787878788,0.3402333094284676,0.1400805116901773,0.0947104900588272,3870081230801.299,0.4383553943408135,0.2963785163047784,38700812308.012985,0.6340485000113768,0.6476791244746062,43,1.186046511627907,4.046511627906977,225.0,5.232558139534884,0.528510354121087,0.90466305081442,0.0570824524312896,932.912540641,916.5909455640002,16.30423816,0.8372093023255814,0.7209302325581395,C2,C2,C2
