dataset,M-of-N count,BAcc (test),BAcc (train),Acc (test),Acc (train),rules,conditions_count,avg conditions per rule,avg rule quality,avg rule precision,avg rule coverage,training time total (s),training time growing (s),training time pruning (s),rules_per_example (train) ,rules_per_example (test) ,voting_conflicts (train) ,voting_conflicts (test) ,negative_voting_conflicts (train) ,negative_voting_conflicts (test) ,induction measure,pruning measure,voting measure,variant,model_type,M-of-N count (std),BAcc (test) (std),BAcc (train) (std),Acc (test) (std),Acc (train) (std),rules (std),conditions_count (std),avg conditions per rule (std),avg rule quality (std),avg rule precision (std),avg rule coverage (std),training time total (s) (std),training time growing (s) (std),training time pruning (s) (std),rules_per_example (train)  (std),rules_per_example (test)  (std),voting_conflicts (train)  (std),voting_conflicts (test)  (std),negative_voting_conflicts (train)  (std),negative_voting_conflicts (test)  (std)
iris,2.5555555555555554,0.9629629629629629,0.980246913580247,0.9629629629629629,0.980246913580247,5.555555555555555,7.444444444444445,1.3148148148148149,0.9128683549774554,0.9605195592325119,0.33117185969037816,0.07799990971883135,0.06433007311111108,0.0011955935555555332,1.8172839506172838,1.7925925925925925,9.88888888888889,1.4444444444444444,9.88888888888889,1.4444444444444444,C2,C2,C2,no_discretization,exact_M-of-N,0.8819171036881968,0.035136418446315376,0.007407407407407353,0.035136418446315376,0.0074074074074073955,1.0137937550497031,2.242270674512285,0.18004856431730748,0.05421489479380843,0.041357012582447186,0.03346005687746777,0.027526711526119813,0.013406454070390816,0.0005715733688053765,0.22455565024035729,0.22716720333623194,14.751647742239209,2.0069324297987157,14.751647742239209,2.0069324297987157
