model_type,variant,dataset,M-of-N count,RMSE (test),MAE (test),MAPE (test),rRMSE (test),rMAE (test),rMAPE (test),maxError (test),R2 (test),RMSE (train),MAE (train),MAPE (train),rRMSE (train),rMAE (train),rMAPE (train),maxError (train),R2 (train),rules,plain conditions count,complex conditions count,conditions_count,avg conditions per rule,avg rule quality,avg rule precision,avg rule coverage,training time total (s),training time growing (s),training time pruning (s),pvalue significance fdr,pvalue significance fwer,induction measure,pruning measure,voting measure
at_least_M-of-N,no_discretization,echomonths,0.3333333333333333,0.3126474547940783,0.2444186019968612,12155464581297.346,0.4864746111274654,0.380311569902452,121554645812.97343,0.5301449682840877,0.2812086874704583,0.1909531545201419,0.1348647908343954,12724311293756.336,0.4869853107054786,0.3439438967780432,127243112937.56335,0.6842105263157894,0.5539503050649173,12,0.9166666666666666,1,27.0,2.25,0.4968634121067496,0.7896367521367519,0.1659544159544159,0.2376933097839355,0.15233748,0.0342629839999999,0.6666666666666666,0.5833333333333334,C2,C2,C2
