model_type,variant,dataset,M-of-N count,RMSE (test),MAE (test),MAPE (test),rRMSE (test),rMAE (test),rMAPE (test),maxError (test),R2 (test),RMSE (train),MAE (train),MAPE (train),rRMSE (train),rMAE (train),rMAPE (train),maxError (train),R2 (train),rules,plain conditions count,complex conditions count,conditions_count,avg conditions per rule,avg rule quality,avg rule precision,avg rule coverage,training time total (s),training time growing (s),training time pruning (s),pvalue significance fdr,pvalue significance fwer,induction measure,pruning measure,voting measure
at_least_M-of-N,no_discretization,machine,0.36363636363636365,0.2126006569833418,0.1194106348448642,4750937807676.371,1.2404643783346765,0.6967270986890213,47509378076.76371,0.7701048951048951,0.1413247869711208,0.1238185089926514,0.0498338656989889,1099755735224.578,1.4135513756604663,0.5689192188339584,10997557352.24578,0.9597902097902098,0.2656249790351248,11,1.2727272727272727,1.5454545454545454,35.0,3.1818181818181817,0.6453488747847526,0.89899032901128,0.4869439071566731,3.520471811294556,0.554355633,0.2301758539999999,0.8181818181818182,0.8181818181818182,C2,C2,C2
