model_type,variant,dataset,M-of-N count,RMSE (test),MAE (test),MAPE (test),rRMSE (test),rMAE (test),rMAPE (test),maxError (test),R2 (test),RMSE (train),MAE (train),MAPE (train),rRMSE (train),rMAE (train),rMAPE (train),maxError (train),R2 (train),rules,plain conditions count,complex conditions count,conditions_count,avg conditions per rule,avg rule quality,avg rule precision,avg rule coverage,training time total (s),training time growing (s),training time pruning (s),pvalue significance fdr,pvalue significance fwer,induction measure,pruning measure,voting measure
exact_M-of-N,no_discretization,strike,0.4782608695652174,0.131729143859428,0.0393407961207685,1433532787290.7876,3.048609784089757,0.9104647039658972,14335327872.907875,0.9855700683888258,-0.0456580973264351,0.0797126445452072,0.0351329462554883,1262003716096.3923,1.8144497951202945,0.7997096006404657,12620037160.963924,0.9896552729688236,-0.0978702820773149,46,2.0217391304347827,1.4782608695652173,183.0,3.9782608695652173,0.455388502038159,0.9256760978358594,0.1488859662695343,10822.806312322617,63.440651273,270.34639283900003,0.6956521739130435,0.5652173913043478,C2,C2,C2
