model_type,variant,dataset,M-of-N count,RMSE (test),MAE (test),MAPE (test),rRMSE (test),rMAE (test),rMAPE (test),maxError (test),R2 (test),RMSE (train),MAE (train),MAPE (train),rRMSE (train),rMAE (train),rMAPE (train),maxError (train),R2 (train),rules,plain conditions count,complex conditions count,conditions_count,avg conditions per rule,avg rule quality,avg rule precision,avg rule coverage,training time total (s),training time growing (s),training time pruning (s),pvalue significance fdr,pvalue significance fwer,induction measure,pruning measure,voting measure
at_least_M-of-N,no_discretization,auto-price,0,0.1980569224302869,0.1194196240551,23928364493805.043,0.8126805455260094,0.4900106698253366,239283644938.0504,0.6039604652790551,0.4634190189047004,0.1393611838126433,0.0894149178853108,2459942439343.668,0.6672339332910863,0.428101037342816,24599424393.43668,0.6528826240897856,0.4943922735130945,6,1.3333333333333333,0.8333333333333334,13.0,2.1666666666666665,0.5418593857288179,0.8213596188249465,0.2808857808857809,0.9383316040039062,0.27170142,0.133767078,0.6666666666666666,0.6666666666666666,C2,C2,C2
