model_type,variant,dataset,M-of-N count,RMSE (test),MAE (test),MAPE (test),rRMSE (test),rMAE (test),rMAPE (test),maxError (test),R2 (test),RMSE (train),MAE (train),MAPE (train),rRMSE (train),rMAE (train),rMAPE (train),maxError (train),R2 (train),rules,plain conditions count,complex conditions count,conditions_count,avg conditions per rule,avg rule quality,avg rule precision,avg rule coverage,training time total (s),training time growing (s),training time pruning (s),pvalue significance fdr,pvalue significance fwer,induction measure,pruning measure,voting measure
exact_M-of-N,no_discretization,kidney,0.5238095238095238,0.3602580823938052,0.2765423244236329,261369621231324.72,0.8700572555925861,0.667875802381604,2613696212313.247,0.6304232046986459,-0.291081939938149,0.1961690764285635,0.1208599658453157,21614632717709.32,0.5566407176154767,0.3429469075551136,216146327177.0932,0.7986832743668062,0.3886514892504519,21,1,2.0952380952380953,76.0,3.619047619047619,0.5903173895450399,0.9103551038333648,0.1169467787114846,1.3143208026885986,0.8012611729999999,0.202528922,0.5714285714285714,0.4761904761904761,C2,C2,C2
