model_type,variant,dataset,M-of-N count,RMSE (test),MAE (test),MAPE (test),rRMSE (test),rMAE (test),rMAPE (test),maxError (test),R2 (test),RMSE (train),MAE (train),MAPE (train),rRMSE (train),rMAE (train),rMAPE (train),maxError (train),R2 (train),rules,plain conditions count,complex conditions count,conditions_count,avg conditions per rule,avg rule quality,avg rule precision,avg rule coverage,training time total (s),training time growing (s),training time pruning (s),pvalue significance fdr,pvalue significance fwer,induction measure,pruning measure,voting measure
complex,no_discretization,pwlinear,0,0.2413797508235645,0.1997898337021702,105706759812738.28,0.685178723932362,0.5671219016659448,1057067598127.3828,0.4694323144104804,0.1378387590841415,0.104461210686326,0.0726449052614291,11592234848714.676,0.2242733383243325,0.1559652172150083,115922348487.14676,0.4633187772925765,0.725736725313304,46,0.021739130434782608,3.4782608695652173,161.0,3.5,0.3779391710213975,0.7482502393196647,0.0361111111111111,1.988633455,1.816693711,0.1623888,0.1304347826086956,0.0434782608695652,C2,C2,C2
