model_type,variant,dataset,M-of-N count,RMSE (test),MAE (test),MAPE (test),rRMSE (test),rMAE (test),rMAPE (test),maxError (test),R2 (test),RMSE (train),MAE (train),MAPE (train),rRMSE (train),rMAE (train),rMAPE (train),maxError (train),R2 (train),rules,plain conditions count,complex conditions count,conditions_count,avg conditions per rule,avg rule quality,avg rule precision,avg rule coverage,training time total (s),training time growing (s),training time pruning (s),pvalue significance fdr,pvalue significance fwer,induction measure,pruning measure,voting measure
complex,no_discretization,pyrim,0,0.4271989298822954,0.3517603309760444,417387179750946.8,1.0615893407575043,0.8741244224754706,4173871797509.468,0.7089749274800454,-0.628395662912187,0.1313909018281177,0.0829180756093832,52072312269418.97,0.188238108090426,0.1187931695577189,520723122694.1897,0.7746791923615305,0.3490682088605538,7,0,2.142857142857143,15.0,2.142857142857143,0.5083198344240374,0.7963369963369963,0.2004264392324093,53.995079945,47.119903111,6.856201714,0.1428571428571428,0.1428571428571428,C2,C2,C2
