,dataset,M-of-N count,RMSE (test),MAE (test),MAPE (test),rRMSE (test),rMAE (test),rMAPE (test),maxError (test),R2 (test),RMSE (train),MAE (train),MAPE (train),rRMSE (train),rMAE (train),rMAPE (train),maxError (train),R2 (train),rules,plain conditions count,complex conditions count,conditions_count,avg conditions per rule,avg rule quality,avg rule precision,avg rule coverage,training time total (s),training time growing (s),training time pruning (s),pvalue significance fdr,pvalue significance fwer,induction measure,pruning measure,voting measure,variant,model_type,M-of-N count (std),RMSE (test) (std),MAE (test) (std),MAPE (test) (std),rRMSE (test) (std),rMAE (test) (std),rMAPE (test) (std),maxError (test) (std),R2 (test) (std),RMSE (train) (std),MAE (train) (std),MAPE (train) (std),rRMSE (train) (std),rMAE (train) (std),rMAPE (train) (std),maxError (train) (std),R2 (train) (std),rules (std),plain conditions count (std),complex conditions count (std),conditions_count (std),avg conditions per rule (std),avg rule quality (std),avg rule precision (std),avg rule coverage (std),training time total (s) (std),training time growing (s) (std),training time pruning (s) (std),pvalue significance fdr (std),pvalue significance fwer (std),p / P,avg rule support
0,breasttumor,0.0,0.26105330380531,0.2084184224107876,141307525253976.4,0.5751257876273073,0.4590226721861242,1413075252539.7642,0.5381944444444444,-0.1527681683792681,0.2000701629749552,0.1498550943479986,61369049381715.27,0.4054296448400206,0.3036759963064181,613690493817.1526,0.5111111111111111,0.0620841927620404,17.555555555555557,0.2740648591174907,1.7202628920786815,36.888888888888886,2.043372615039281,0.4754085951429045,0.9301148441357032,0.0324537796974098,1.804793631,1.7549835952222226,0.040997346111111,0.7468270423533582,0.5359829287022271,C2,C2,C2,no_discretization,complex,0.0,0.0296614948618209,0.029105308639079,47928048429333.07,0.1075704023185917,0.0926446890417883,479280484293.3308,0.0696282290294516,0.1754804800763076,0.0050270047343469,0.0052759895322187,8628536314928.584,0.0105721906689774,0.0110522132930786,86285363149.28581,0.0333333333333333,0.0342426987847163,6.105553028004734,6.996030620605119,8.202303199576187,15.325178991160628,0.2032500189624969,0.0084383028954335,0.0150050087417894,0.0101219925888744,0.7503890228475137,0.7347545200225882,0.0169376910379855,0.1171965974125207,0.1389208925947412,367.4043385431771,0.0327672459841875
