model_type,variant,dataset,M-of-N count,RMSE (test),MAE (test),MAPE (test),rRMSE (test),rMAE (test),rMAPE (test),maxError (test),R2 (test),RMSE (train),MAE (train),MAPE (train),rRMSE (train),rMAE (train),rMAPE (train),maxError (train),R2 (train),rules,plain conditions count,complex conditions count,conditions_count,avg conditions per rule,avg rule quality,avg rule precision,avg rule coverage,training time total (s),training time growing (s),training time pruning (s),pvalue significance fdr,pvalue significance fwer,induction measure,pruning measure,voting measure
at_least_M-of-N,no_discretization,kidney,0.23076923076923078,0.2951948117286472,0.2682557787368197,126803906219328.48,0.72663338271667,0.6603219168906331,1268039062193.285,0.5714285714285714,0.2103421564917897,0.1974586986820639,0.1336760283978223,22773043055465.51,0.5594663129325145,0.3787487471271632,227730430554.65512,0.778486876217532,0.3767331648818206,13,0.9230769230769231,1.3076923076923077,32.0,2.4615384615384617,0.5637578022284568,0.8868065388936532,0.1561085972850678,0.2201149463653564,0.144556814,0.017124878,0.5384615384615384,0.5384615384615384,C2,C2,C2
