dataset,M-of-N count,BAcc (test),BAcc (train),Acc (test),Acc (train),rules,conditions_count,avg conditions per rule,avg rule quality,avg rule precision,avg rule coverage,training time total (s),training time growing (s),training time pruning (s),rules_per_example (train) ,rules_per_example (test) ,voting_conflicts (train) ,voting_conflicts (test) ,negative_voting_conflicts (train) ,negative_voting_conflicts (test) ,induction measure,pruning measure,voting measure,variant,model_type,M-of-N count (std),BAcc (test) (std),BAcc (train) (std),Acc (test) (std),Acc (train) (std),rules (std),conditions_count (std),avg conditions per rule (std),avg rule quality (std),avg rule precision (std),avg rule coverage (std),training time total (s) (std),training time growing (s) (std),training time pruning (s) (std),rules_per_example (train)  (std),rules_per_example (test)  (std),voting_conflicts (train)  (std),voting_conflicts (test)  (std),negative_voting_conflicts (train)  (std),negative_voting_conflicts (test)  (std)
balance-scale,1.7777777777777777,0.9674694398832329,0.9622361622361623,0.9804289696762815,0.9806398530158508,19.77777777777778,50.888888888888886,2.5701893622946255,0.6751961693835847,0.9191866991527026,0.20602285038314427,0.8628154595692953,0.13614431977777774,0.007449036888888865,4.074063422030907,3.9980087614496216,118.33333333333333,15.777777777777779,105.44444444444444,13.666666666666666,C2,C2,C2,no_discretization,exact_M-of-N,0.4409585518440984,0.05054999572244771,0.003893620078961096,0.019255815526457103,0.0018769031251669613,0.8333333333333333,4.567396535348241,0.15252928322103176,0.010972021857226223,0.012490926742588004,0.006508185778599678,0.08103932389192559,0.03218181724973764,0.0019849058967342332,0.19816936888097467,0.4194667875193415,25.985572920372565,5.494947173944845,27.427682690628057,4.031128874149275
