model_type,variant,dataset,M-of-N count,RMSE (test),MAE (test),MAPE (test),rRMSE (test),rMAE (test),rMAPE (test),maxError (test),R2 (test),RMSE (train),MAE (train),MAPE (train),rRMSE (train),rMAE (train),rMAPE (train),maxError (train),R2 (train),rules,plain conditions count,complex conditions count,conditions_count,avg conditions per rule,avg rule quality,avg rule precision,avg rule coverage,training time total (s),training time growing (s),training time pruning (s),pvalue significance fdr,pvalue significance fwer,induction measure,pruning measure,voting measure
at_least_M-of-N,no_discretization,pollution,0.7142857142857143,0.5346776743216833,0.5053229302237703,183867797175776.9,0.6752667461145547,0.6381934148684528,1838677971757.7693,0.7061305417201931,-1.2555219248569056,0.1677363799674618,0.116005155007463,21834744834619.523,0.4140671420380564,0.2863655636597127,218347448346.1952,0.7381924863161387,0.3731218401459792,7,2,0.2857142857142857,21.0,3.0,0.4973582371810724,0.7920115081605764,0.201058201058201,0.8663616180419922,0.3139658879999999,0.403729822,0.5714285714285714,0.1428571428571428,C2,C2,C2
