model_type,variant,dataset,M-of-N count,RMSE (test),MAE (test),MAPE (test),rRMSE (test),rMAE (test),rMAPE (test),maxError (test),R2 (test),RMSE (train),MAE (train),MAPE (train),rRMSE (train),rMAE (train),rMAPE (train),maxError (train),R2 (train),rules,plain conditions count,complex conditions count,conditions_count,avg conditions per rule,avg rule quality,avg rule precision,avg rule coverage,training time total (s),training time growing (s),training time pruning (s),pvalue significance fdr,pvalue significance fwer,induction measure,pruning measure,voting measure
plain,no_discretization,lowbwt,0,0.1908725943965649,0.1518501950748354,83938295714155.45,0.3268808827800072,0.2600526595937118,839382957141.5546,0.3859330117041348,0.4418274192532119,0.1016270924628115,0.076631780487921,9381338932758.703,0.194164520323586,0.1464095108833726,93813389327.58704,0.4302733006306937,0.6303066275262342,14,3.7142857142857144,0.35714285714285715,57.0,4.071428571428571,0.4752783447023289,0.7947901794750534,0.142016806722689,0.660099151,0.5195218519999999,0.137728611,0.7857142857142857,0.6428571428571429,C2,C2,C2
