model_type,variant,dataset,M-of-N count,RMSE (test),MAE (test),MAPE (test),rRMSE (test),rMAE (test),rMAPE (test),maxError (test),R2 (test),RMSE (train),MAE (train),MAPE (train),rRMSE (train),rMAE (train),rMAPE (train),maxError (train),R2 (train),rules,plain conditions count,complex conditions count,conditions_count,avg conditions per rule,avg rule quality,avg rule precision,avg rule coverage,training time total (s),training time growing (s),training time pruning (s),pvalue significance fdr,pvalue significance fwer,induction measure,pruning measure,voting measure
complex,no_discretization,echomonths,0,0.3791699152448031,0.3394928058810448,139787842684914.9,0.7773662778495604,0.6960210930607801,1397878426849.1492,0.7430929191253015,-0.7743940513270071,0.2165561523488739,0.1380737242979849,39896244499307.61,0.5708351699662609,0.3639579712819216,398962444993.0761,0.7978146093605393,0.4160742822980057,29,0.8275862068965517,2.103448275862069,85.0,2.9310344827586206,0.4984874385190019,0.8484029272544289,0.0775125257883878,9.255891776,9.056297412,0.186744319,0.5517241379310345,0.2413793103448276,C2,C2,C2
