model_type,variant,dataset,M-of-N count,RMSE (test),MAE (test),MAPE (test),rRMSE (test),rMAE (test),rMAPE (test),maxError (test),R2 (test),RMSE (train),MAE (train),MAPE (train),rRMSE (train),rMAE (train),rMAPE (train),maxError (train),R2 (train),rules,plain conditions count,complex conditions count,conditions_count,avg conditions per rule,avg rule quality,avg rule precision,avg rule coverage,training time total (s),training time growing (s),training time pruning (s),pvalue significance fdr,pvalue significance fwer,induction measure,pruning measure,voting measure
at_least_M-of-N,no_discretization,cloud,0.2222222222222222,0.2908630366049389,0.2217384581056593,39322662601310.47,0.7929523204353435,0.6045045356638215,393226626013.1047,0.6605881851124237,0.0249629619259601,0.1410454214467617,0.0760384699404196,4459271016644.284,0.7052876989605238,0.3802250150814009,44592710166.44284,0.7932824991312206,0.3555022459253557,9,0.8888888888888888,0.7777777777777778,17.0,1.8888888888888888,0.674557833177197,0.9159131244889234,0.279495990836197,0.4239914417266845,0.19091173,0.035318323,0.6666666666666666,0.5555555555555556,C2,C2,C2
