model_type,variant,dataset,M-of-N count,RMSE (test),MAE (test),MAPE (test),rRMSE (test),rMAE (test),rMAPE (test),maxError (test),R2 (test),RMSE (train),MAE (train),MAPE (train),rRMSE (train),rMAE (train),rMAPE (train),maxError (train),R2 (train),rules,plain conditions count,complex conditions count,conditions_count,avg conditions per rule,avg rule quality,avg rule precision,avg rule coverage,training time total (s),training time growing (s),training time pruning (s),pvalue significance fdr,pvalue significance fwer,induction measure,pruning measure,voting measure
complex,no_discretization,dee,0,0.1501735488544308,0.1265726730642567,33603879533824.44,0.3245547642331998,0.2735486001236874,336038795338.2444,0.2932416682172043,0.6059602560147324,0.128140300382016,0.0890007238040876,3961674837482.034,0.2500251286712038,0.1736566665959704,39616748374.82034,0.5219559040582955,0.6667621509594204,22,1.4545454545454546,4.5,131.0,5.954545454545454,0.5085124740916449,0.8377118638948293,0.1115576496674057,1294.814535037,1282.988384452,11.811673543,0.9545454545454546,0.9545454545454546,C2,C2,C2
