model_type,variant,dataset,M-of-N count,RMSE (test),MAE (test),MAPE (test),rRMSE (test),rMAE (test),rMAPE (test),maxError (test),R2 (test),RMSE (train),MAE (train),MAPE (train),rRMSE (train),rMAE (train),rMAPE (train),maxError (train),R2 (train),rules,plain conditions count,complex conditions count,conditions_count,avg conditions per rule,avg rule quality,avg rule precision,avg rule coverage,training time total (s),training time growing (s),training time pruning (s),pvalue significance fdr,pvalue significance fwer,induction measure,pruning measure,voting measure
complex,no_discretization,bodyfat,0,0.116431692709723,0.0699060512044309,43133454566185.61,0.2807441451135345,0.1685599008903873,431334545661.8561,0.4535194331568023,0.72025723611489,0.0651064661805019,0.0343671595751881,7527603667810.949,0.1611557291134874,0.0850678125202511,75276036678.1095,0.4248598697900614,0.8640597491266606,46,0.9130434782608695,2.9130434782608696,176.0,3.8260869565217392,0.727775311867949,0.867366670455074,0.0532465045010534,1484.328059849,1430.290441774,54.018453219,0.9782608695652174,0.9782608695652174,C2,C2,C2
