model_type,variant,dataset,M-of-N count,RMSE (test),MAE (test),MAPE (test),rRMSE (test),rMAE (test),rMAPE (test),maxError (test),R2 (test),RMSE (train),MAE (train),MAPE (train),rRMSE (train),rMAE (train),rMAPE (train),maxError (train),R2 (train),rules,plain conditions count,complex conditions count,conditions_count,avg conditions per rule,avg rule quality,avg rule precision,avg rule coverage,training time total (s),training time growing (s),training time pruning (s),pvalue significance fdr,pvalue significance fwer,induction measure,pruning measure,voting measure
plain,no_discretization,auto-mpg,0,0.1536577012987242,0.1213278937001426,32850015307150.383,0.3937999244718414,0.3109438379698087,328500153071.50385,0.373087583319582,0.6778647762483221,0.1263062169927147,0.0891114595083651,1672857344055.0432,0.3237826558170891,0.2284348760522189,16728573440.550432,0.4680851063829787,0.6360815895043497,12,2.5833333333333335,0.3333333333333333,35.0,2.9166666666666665,0.5119550839744748,0.8220420445139087,0.1294227188081936,0.637864486,0.570256063,0.064048729,0.9166666666666666,0.9166666666666666,C2,C2,C2
