model_type,variant,dataset,M-of-N count,RMSE (test),MAE (test),MAPE (test),rRMSE (test),rMAE (test),rMAPE (test),maxError (test),R2 (test),RMSE (train),MAE (train),MAPE (train),rRMSE (train),rMAE (train),rMAPE (train),maxError (train),R2 (train),rules,plain conditions count,complex conditions count,conditions_count,avg conditions per rule,avg rule quality,avg rule precision,avg rule coverage,training time total (s),training time growing (s),training time pruning (s),pvalue significance fdr,pvalue significance fwer,induction measure,pruning measure,voting measure
exact_M-of-N,no_discretization,gascons,0.6666666666666666,0.1786027887604822,0.1704736276689405,281542138480332.0,0.2917937281341636,0.2785126464782373,2815421384803.32,0.2254831782390836,0.833680382140617,0.1498024530769949,0.1047101518128521,35192767310042.38,0.2740833095097126,0.1915810079116673,351927673100.4238,0.5240722928602419,0.7462705986028819,3,0.3333333333333333,1.6666666666666667,8.0,2.6666666666666665,0.7229218106995884,0.8659932659932661,0.4166666666666667,0.0785801410675048,0.034759764,0.000806235,0.6666666666666666,0.6666666666666666,C2,C2,C2
