model_type,variant,dataset,M-of-N count,RMSE (test),MAE (test),MAPE (test),rRMSE (test),rMAE (test),rMAPE (test),maxError (test),R2 (test),RMSE (train),MAE (train),MAPE (train),rRMSE (train),rMAE (train),rMAPE (train),maxError (train),R2 (train),rules,plain conditions count,complex conditions count,conditions_count,avg conditions per rule,avg rule quality,avg rule precision,avg rule coverage,training time total (s),training time growing (s),training time pruning (s),pvalue significance fdr,pvalue significance fwer,induction measure,pruning measure,voting measure
exact_M-of-N,no_discretization,pwlinear,4.288888888888889,0.3499511177431247,0.2945888870887201,40807725881196.06,0.602181276614145,0.5069162608980149,408077258811.96063,0.5910247747426687,-0.4762908589563852,0.1334193765676654,0.0913274881823575,9997073408646.584,0.2921328358938231,0.1999691409458861,99970734086.46584,0.5323990800590073,0.5368135071368982,45,0.3333333333333333,0.26666666666666666,220.0,4.888888888888889,0.3696393997043434,0.7759358542691877,0.0358024691358024,198.35952806472775,35.34241208299999,162.77206086000004,0.0,0.0,C2,C2,C2
