model_type,variant,dataset,M-of-N count,RMSE (test),MAE (test),MAPE (test),rRMSE (test),rMAE (test),rMAPE (test),maxError (test),R2 (test),RMSE (train),MAE (train),MAPE (train),rRMSE (train),rMAE (train),rMAPE (train),maxError (train),R2 (train),rules,plain conditions count,complex conditions count,conditions_count,avg conditions per rule,avg rule quality,avg rule precision,avg rule coverage,training time total (s),training time growing (s),training time pruning (s),pvalue significance fdr,pvalue significance fwer,induction measure,pruning measure,voting measure
exact_M-of-N,no_discretization,diabetes,0,0.426648388734931,0.3611101731316263,777162714003331.9,0.6826374219758898,0.5777762770106022,7771627140033.318,0.6902591511733395,-0.1780743395890454,0.149477302325125,0.094889966301681,48115380634300.48,0.3028371319833701,0.1922446070527564,481153806343.0048,0.5277777777777779,0.4498926664219029,13,0.8461538461538461,1.3846153846153846,29.0,2.230769230769231,0.5869603977845463,0.8824786324786326,0.126232741617357,0.2170751094818115,0.113109612,0.04185392,0.5384615384615384,0.5384615384615384,C2,C2,C2
