model_type,variant,dataset,M-of-N count,RMSE (test),MAE (test),MAPE (test),rRMSE (test),rMAE (test),rMAPE (test),maxError (test),R2 (test),RMSE (train),MAE (train),MAPE (train),rRMSE (train),rMAE (train),rMAPE (train),maxError (train),R2 (train),rules,plain conditions count,complex conditions count,conditions_count,avg conditions per rule,avg rule quality,avg rule precision,avg rule coverage,training time total (s),training time growing (s),training time pruning (s),pvalue significance fdr,pvalue significance fwer,induction measure,pruning measure,voting measure
complex,no_discretization,ele-1,0,0.13747297423976051,0.07616251505752708,1292816053666.6147,0.6395192190596272,0.3543052183206454,12928160536.666147,0.9167456198149364,0.16940529845770602,0.14007816258784464,0.07788027707236862,1423403533834.9233,0.6461828042865567,0.3592629636734267,14234035338.349234,0.9167456198149364,0.1490111912631802,45,361,34,427.0,9.488888888888889,0.5536745292851195,0.8982472291110711,0.10051627384960718,1809.163039107,1794.6060157229995,14.541401502000003,0.9777777777777777,0.9777777777777777,C2,C2,C2
