model_type,variant,dataset,M-of-N count,RMSE (test),MAE (test),MAPE (test),rRMSE (test),rMAE (test),rMAPE (test),maxError (test),R2 (test),RMSE (train),MAE (train),MAPE (train),rRMSE (train),rMAE (train),rMAPE (train),maxError (train),R2 (train),rules,plain conditions count,complex conditions count,conditions_count,avg conditions per rule,avg rule quality,avg rule precision,avg rule coverage,training time total (s),training time growing (s),training time pruning (s),pvalue significance fdr,pvalue significance fwer,induction measure,pruning measure,voting measure
at_least_M-of-N,no_discretization,veteran,0.13333333333333333,0.3263279953047017,0.186777964572698,8712134913731.942,1.3974045443109313,0.7998222041211239,87121349137.31943,0.9434619360949104,-0.4129231092359082,0.1583882784659147,0.0768439742487269,2875175714120.068,1.2718515558844048,0.6170540468979023,28751757141.20068,0.9188376753507014,0.0522002054173443,15,1.6666666666666667,1.0666666666666667,43.0,2.8666666666666667,0.455408357041734,0.8858473059355414,0.1842818428184282,0.914154291152954,0.386226613,0.086241661,0.6666666666666666,0.6,C2,C2,C2
