model_type,variant,dataset,M-of-N count,RMSE (test),MAE (test),MAPE (test),rRMSE (test),rMAE (test),rMAPE (test),maxError (test),R2 (test),RMSE (train),MAE (train),MAPE (train),rRMSE (train),rMAE (train),rMAPE (train),maxError (train),R2 (train),rules,plain conditions count,complex conditions count,conditions_count,avg conditions per rule,avg rule quality,avg rule precision,avg rule coverage,training time total (s),training time growing (s),training time pruning (s),pvalue significance fdr,pvalue significance fwer,induction measure,pruning measure,voting measure
plain,no_discretization,fishcatch,0,0.4097900054496382,0.291369787497361,24693698176731.71,0.9670128396755708,0.6875675879267333,246936981767.3171,0.7308045811452619,-0.1519569659747479,0.1046089838822167,0.0786972623491057,3104940826683.4697,0.4258885303840726,0.3203956310755079,31049408266.834698,0.4254545454545455,0.7793502310991824,15,2.1333333333333333,0.3333333333333333,37.0,2.466666666666667,0.5488181720668358,0.7920249841505758,0.2178403755868544,10.57032647,8.601611513,1.96566434,0.6,0.6,C2,C2,C2
