model_type,variant,dataset,M-of-N count,RMSE (test),MAE (test),MAPE (test),rRMSE (test),rMAE (test),rMAPE (test),maxError (test),R2 (test),RMSE (train),MAE (train),MAPE (train),rRMSE (train),rMAE (train),rMAPE (train),maxError (train),R2 (train),rules,plain conditions count,complex conditions count,conditions_count,avg conditions per rule,avg rule quality,avg rule precision,avg rule coverage,training time total (s),training time growing (s),training time pruning (s),pvalue significance fdr,pvalue significance fwer,induction measure,pruning measure,voting measure
exact_M-of-N,no_discretization,fishcatch,0.3333333333333333,0.2672106980619473,0.1732755357209676,6970823272822.828,0.6279177407052796,0.407179741299816,69708232728.22829,0.5757575757575757,0.4151619981141343,0.1197252999528607,0.065096775369793,2529922366903.9287,0.5050527128831385,0.274606144343785,25299223669.039288,0.5757575757575757,0.7001172807494412,12,1.1666666666666667,1.4166666666666667,35.0,2.9166666666666665,0.7396008829343476,0.84592128284657,0.153169014084507,1.5504679679870603,0.50905405,0.2060749479999999,1.0,1.0,C2,C2,C2
