model_type,variant,dataset,M-of-N count,RMSE (test),MAE (test),MAPE (test),rRMSE (test),rMAE (test),rMAPE (test),maxError (test),R2 (test),RMSE (train),MAE (train),MAPE (train),rRMSE (train),rMAE (train),rMAPE (train),maxError (train),R2 (train),rules,plain conditions count,complex conditions count,conditions_count,avg conditions per rule,avg rule quality,avg rule precision,avg rule coverage,training time total (s),training time growing (s),training time pruning (s),pvalue significance fdr,pvalue significance fwer,induction measure,pruning measure,voting measure
plain,no_discretization,cpu,0,0.2054311644539579,0.1078690290336894,1753533320629.182,1.172349488668385,0.6155843071178412,17535333206.29182,0.7992532711674893,0.1811070480054071,0.0597849767939906,0.0194714595415276,195873402836.5754,0.921066805439662,0.2999836413579603,1958734028.365754,0.588716271463614,0.7690930984584704,19,2.8421052631578947,0.21052631578947367,58.0,3.0526315789473686,0.6852232850803709,0.8507532210033433,0.0884658454647256,0.750612883,0.669879136,0.07638825,0.8947368421052632,0.7894736842105263,C2,C2,C2
