model_type,variant,dataset,M-of-N count,RMSE (test),MAE (test),MAPE (test),rRMSE (test),rMAE (test),rMAPE (test),maxError (test),R2 (test),RMSE (train),MAE (train),MAPE (train),rRMSE (train),rMAE (train),rMAPE (train),maxError (train),R2 (train),rules,plain conditions count,complex conditions count,conditions_count,avg conditions per rule,avg rule quality,avg rule precision,avg rule coverage,training time total (s),training time growing (s),training time pruning (s),pvalue significance fdr,pvalue significance fwer,induction measure,pruning measure,voting measure
at_least_M-of-N,no_discretization,lowbwt,1,0.2299028896997037,0.198062629036134,87738887508724.34,0.5244415515253897,0.4518093383105559,877388875087.2434,0.4041111889745387,0.4383326962091324,0.1154862909397962,0.0895693486462781,8800686838336.402,0.2193917872612016,0.1701568153537179,88006868383.36403,0.4041111889745387,0.5301822823721392,6,0.16666666666666666,0.5,10.0,1.6666666666666667,0.5052392719105105,0.766466871060571,0.2323529411764705,0.4764168262481689,0.02011396,0.0005805119999999,0.6666666666666666,0.6666666666666666,C2,C2,C2
