model_type,variant,dataset,M-of-N count,RMSE (test),MAE (test),MAPE (test),rRMSE (test),rMAE (test),rMAPE (test),maxError (test),R2 (test),RMSE (train),MAE (train),MAPE (train),rRMSE (train),rMAE (train),rMAPE (train),maxError (train),R2 (train),rules,plain conditions count,complex conditions count,conditions_count,avg conditions per rule,avg rule quality,avg rule precision,avg rule coverage,training time total (s),training time growing (s),training time pruning (s),pvalue significance fdr,pvalue significance fwer,induction measure,pruning measure,voting measure
plain,no_discretization,fishcatch,0,0.3492377100244084,0.258393936956564,24418266338136.89,0.8206728077809731,0.6071992561768383,244182663381.3689,0.7596719800332806,0.0009892415753095,0.1084073457095389,0.076379440258759,2751353953594.5107,0.4573087231238517,0.322201268456794,27513539535.945107,0.3061595317350234,0.7541348383321009,12,1.9166666666666667,0.16666666666666666,25.0,2.0833333333333335,0.5294920728654448,0.7641850954770163,0.2453051643192488,0.610176162,0.558273974,0.048864452,0.5833333333333334,0.5,C2,C2,C2
