model_type,variant,dataset,M-of-N count,RMSE (test),MAE (test),MAPE (test),rRMSE (test),rMAE (test),rMAPE (test),maxError (test),R2 (test),RMSE (train),MAE (train),MAPE (train),rRMSE (train),rMAE (train),rMAPE (train),maxError (train),R2 (train),rules,plain conditions count,complex conditions count,conditions_count,avg conditions per rule,avg rule quality,avg rule precision,avg rule coverage,training time total (s),training time growing (s),training time pruning (s),pvalue significance fdr,pvalue significance fwer,induction measure,pruning measure,voting measure
exact_M-of-N,no_discretization,veteran,0.2727272727272727,0.3018811403047435,0.1969904594010993,23578093369604.797,1.280606546134521,0.8356509836302964,235780933696.04797,0.9208416833667334,-0.466272333996941,0.1770074062158552,0.0998146973626063,920235164748.4526,1.423690678981857,0.8028209513857543,9202351647.484526,0.9208416833667334,-0.1827763347432482,11,0.9090909090909091,1,24.0,2.1818181818181817,0.2831154918876271,0.8206177593497497,0.2690317812269032,0.1949942111968994,0.090189348,0.008408339,0.9090909090909092,0.8181818181818182,C2,C2,C2
