model_type,variant,dataset,M-of-N count,RMSE (test),MAE (test),MAPE (test),rRMSE (test),rMAE (test),rMAPE (test),maxError (test),R2 (test),RMSE (train),MAE (train),MAPE (train),rRMSE (train),rMAE (train),rMAPE (train),maxError (train),R2 (train),rules,plain conditions count,complex conditions count,conditions_count,avg conditions per rule,avg rule quality,avg rule precision,avg rule coverage,training time total (s),training time growing (s),training time pruning (s),pvalue significance fdr,pvalue significance fwer,induction measure,pruning measure,voting measure
complex,no_discretization,ozone,0,0.2631465230770073,0.1751023793762018,14753807133073.334,0.7517349927901376,0.5002178419791795,147538071330.73334,0.8918918918918919,0.1112065943254376,0.1292417184912259,0.0748741156572765,1639311903675.129,0.4409305322881348,0.255446028238998,16393119036.75129,0.8918918918918919,0.6413992790797854,67,1.1492537313432836,5.402985074626866,439.0,6.552238805970149,0.5025439045472607,0.8968976377042737,0.0386451580481431,1798.094536964,1764.210672807,33.85035160600002,0.7313432835820896,0.582089552238806,C2,C2,C2
