model_type,variant,dataset,M-of-N count,RMSE (test),MAE (test),MAPE (test),rRMSE (test),rMAE (test),rMAPE (test),maxError (test),R2 (test),RMSE (train),MAE (train),MAPE (train),rRMSE (train),rMAE (train),rMAPE (train),maxError (train),R2 (train),rules,plain conditions count,complex conditions count,conditions_count,avg conditions per rule,avg rule quality,avg rule precision,avg rule coverage,training time total (s),training time growing (s),training time pruning (s),pvalue significance fdr,pvalue significance fwer,induction measure,pruning measure,voting measure
plain,no_discretization,diabetes,0,0.384512732318462,0.3521324750985953,529097981602586.8,0.8117491015611977,0.7433907807637014,5290979816025.868,0.4813398315277081,-0.1730519761476556,0.1663322770555502,0.1074763210383206,43883727240049.84,0.3399279723231332,0.2196459312049522,438837272400.4984,0.6388888888888888,0.2970288429525017,13,0.8461538461538461,0.6923076923076923,20.0,1.5384615384615385,0.3258415810202436,0.662387899456865,0.1597633136094674,0.439807699,0.350293866,0.0854820499999999,0.1538461538461538,0.0769230769230769,C2,C2,C2
