model_type,variant,dataset,M-of-N count,RMSE (test),MAE (test),MAPE (test),rRMSE (test),rMAE (test),rMAPE (test),maxError (test),R2 (test),RMSE (train),MAE (train),MAPE (train),rRMSE (train),rMAE (train),rMAPE (train),maxError (train),R2 (train),rules,plain conditions count,complex conditions count,conditions_count,avg conditions per rule,avg rule quality,avg rule precision,avg rule coverage,training time total (s),training time growing (s),training time pruning (s),pvalue significance fdr,pvalue significance fwer,induction measure,pruning measure,voting measure
plain,no_discretization,bolts,0,0.5116723813489291,0.3750778601070461,89617777422932.86,1.3124538009811344,0.9620850784706776,896177774229.3286,0.915242402074882,-0.5501404819658096,0.1708668341533321,0.0925814564970628,7476306593674.598,0.4995118150364118,0.2706524739146435,74763065936.74597,0.6308217507924895,0.7495016183381736,11,2.1818181818181817,0.09090909090909091,25.0,2.272727272727273,0.6276388021881751,0.7899891774891774,0.2651515151515151,0.089123352,0.0797656799999999,0.007090161,1.0,1.0,C2,C2,C2
