model_type,variant,dataset,M-of-N count,RMSE (test),MAE (test),MAPE (test),rRMSE (test),rMAE (test),rMAPE (test),maxError (test),R2 (test),RMSE (train),MAE (train),MAPE (train),rRMSE (train),rMAE (train),rMAPE (train),maxError (train),R2 (train),rules,plain conditions count,complex conditions count,conditions_count,avg conditions per rule,avg rule quality,avg rule precision,avg rule coverage,training time total (s),training time growing (s),training time pruning (s),pvalue significance fdr,pvalue significance fwer,induction measure,pruning measure,voting measure
plain,no_discretization,diabetes,0,0.4822817889460491,0.4525810596669979,1037443974477794.6,1.736214440205776,1.629291814801192,10374439744777.943,0.6944444444444445,-0.322123062446956,0.1286671857879532,0.0940762326889251,18856524142286.125,0.2749600134646671,0.2010396205407167,188565241422.86124,0.4166666666666667,0.5737465617322481,11,1.2727272727272727,0.45454545454545453,19.0,1.7272727272727273,0.3565756205210039,0.6912878787878788,0.1375291375291375,0.392952161,0.3298105829999999,0.061626579,0.0,0.0,C2,C2,C2
