model_type,variant,dataset,M-of-N count,RMSE (test),MAE (test),MAPE (test),rRMSE (test),rMAE (test),rMAPE (test),maxError (test),R2 (test),RMSE (train),MAE (train),MAPE (train),rRMSE (train),rMAE (train),rMAPE (train),maxError (train),R2 (train),rules,plain conditions count,complex conditions count,conditions_count,avg conditions per rule,avg rule quality,avg rule precision,avg rule coverage,training time total (s),training time growing (s),training time pruning (s),pvalue significance fdr,pvalue significance fwer,induction measure,pruning measure,voting measure
exact_M-of-N,no_discretization,pwlinear,4.304347826086956,0.2764156325320687,0.2212302454793808,101380157550633.4,0.5325897750583086,0.4262601416448044,1013801575506.334,0.606029831388825,-0.0463959828011706,0.1238764960542361,0.082163070702198,10841419419986.637,0.2699858914256807,0.1790724680821773,108414194199.86636,0.5074235807860263,0.6087983364749162,46,0.32608695652173914,0.1956521739130435,222.0,4.826086956521739,0.3822962060650834,0.7705818590257951,0.0367149758454106,99.93493103981018,20.932157225,78.809458187,0.108695652173913,0.0652173913043478,C2,C2,C2
