model_type,variant,dataset,M-of-N count,RMSE (test),MAE (test),MAPE (test),rRMSE (test),rMAE (test),rMAPE (test),maxError (test),R2 (test),RMSE (train),MAE (train),MAPE (train),rRMSE (train),rMAE (train),rMAPE (train),maxError (train),R2 (train),rules,plain conditions count,complex conditions count,conditions_count,avg conditions per rule,avg rule quality,avg rule precision,avg rule coverage,training time total (s),training time growing (s),training time pruning (s),pvalue significance fdr,pvalue significance fwer,induction measure,pruning measure,voting measure
complex,no_discretization,pwlinear,0,0.2422648929387998,0.2134929429510821,100200175115514.4,0.4582308555200461,0.4038102785312771,1002001751155.144,0.4449781659388647,0.1066038417644303,0.1202799295059004,0.0830969635693466,10200223970464.518,0.2623969925182174,0.1812803966344428,102002239704.64516,0.4167851926291506,0.620207181561617,39,0,3.58974358974359,140.0,3.58974358974359,0.3764234718459088,0.7583825006901933,0.0371794871794871,2.199451114,2.020716624,0.168657365,0.2564102564102564,0.1025641025641025,C2,C2,C2
