model_type,variant,dataset,M-of-N count,RMSE (test),MAE (test),MAPE (test),rRMSE (test),rMAE (test),rMAPE (test),maxError (test),R2 (test),RMSE (train),MAE (train),MAPE (train),rRMSE (train),rMAE (train),rMAPE (train),maxError (train),R2 (train),rules,plain conditions count,complex conditions count,conditions_count,avg conditions per rule,avg rule quality,avg rule precision,avg rule coverage,training time total (s),training time growing (s),training time pruning (s),pvalue significance fdr,pvalue significance fwer,induction measure,pruning measure,voting measure
at_least_M-of-N,no_discretization,auto93,0.08333333333333333,0.3454223074938435,0.2094326270341147,30035558705267.47,0.8452052086489985,0.5124554592740996,300355587052.6747,0.7541284403669725,-0.1138605368956584,0.112569170044993,0.0635945286797594,2256324421107.355,0.5118610056277095,0.2891694003733993,22563244211.07355,0.4844036697247706,0.6004985970935092,24,2.4166666666666665,1.5,96.0,4.0,0.5404327088638173,0.8030814884433307,0.0952380952380952,2.478845357894897,1.152413242,0.261651242,0.5833333333333334,0.5,C2,C2,C2
