model_type,variant,dataset,M-of-N count,RMSE (test),MAE (test),MAPE (test),rRMSE (test),rMAE (test),rMAPE (test),maxError (test),R2 (test),RMSE (train),MAE (train),MAPE (train),rRMSE (train),rMAE (train),rMAPE (train),maxError (train),R2 (train),rules,plain conditions count,complex conditions count,conditions_count,avg conditions per rule,avg rule quality,avg rule precision,avg rule coverage,training time total (s),training time growing (s),training time pruning (s),pvalue significance fdr,pvalue significance fwer,induction measure,pruning measure,voting measure
plain,no_discretization,kidney,0,0.3076451651761255,0.2316606159909633,110516655630320.69,0.639325108881636,0.4814197176062207,1105166556303.2068,0.6785714285714285,-0.0360056265416635,0.201711220288059,0.1321142317714963,45491006617736.15,0.5816508620843731,0.3809622325112403,454910066177.3615,0.9285714285714286,0.3366811661818313,18,2.5555555555555554,0.2222222222222222,50.0,2.7777777777777777,0.4491912542934095,0.8115991261824597,0.1175523349436393,0.107020378,0.098227322,0.006592941,0.4444444444444444,0.3333333333333333,C2,C2,C2
