model_type,variant,dataset,M-of-N count,RMSE (test),MAE (test),MAPE (test),rRMSE (test),rMAE (test),rMAPE (test),maxError (test),R2 (test),RMSE (train),MAE (train),MAPE (train),rRMSE (train),rMAE (train),rMAPE (train),maxError (train),R2 (train),rules,plain conditions count,complex conditions count,conditions_count,avg conditions per rule,avg rule quality,avg rule precision,avg rule coverage,training time total (s),training time growing (s),training time pruning (s),pvalue significance fdr,pvalue significance fwer,induction measure,pruning measure,voting measure
plain,no_discretization,auto93,0,0.3586012407627115,0.2713358812921677,46826418143913.945,0.8181374461456968,0.6190442746263617,468264181439.13947,0.6421031745752158,0.0576034140923753,0.1181045356394383,0.0648088436493828,2911522790868.366,0.5525626613769532,0.3032139869462182,29115227908.683662,0.7412844036697248,0.5275837777030417,13,2.4615384615384617,0,32.0,2.4615384615384617,0.4411966774592498,0.7325377142237607,0.1291208791208791,0.101465189,0.0918231319999999,0.003994264,0.4615384615384615,0.3846153846153846,C2,C2,C2
