model_type,variant,dataset,M-of-N count,RMSE (test),MAE (test),MAPE (test),rRMSE (test),rMAE (test),rMAPE (test),maxError (test),R2 (test),RMSE (train),MAE (train),MAPE (train),rRMSE (train),rMAE (train),rMAPE (train),maxError (train),R2 (train),rules,plain conditions count,complex conditions count,conditions_count,avg conditions per rule,avg rule quality,avg rule precision,avg rule coverage,training time total (s),training time growing (s),training time pruning (s),pvalue significance fdr,pvalue significance fwer,induction measure,pruning measure,voting measure
plain,no_discretization,auto93,0,0.318866573694263,0.2743598603064413,38154596220866.92,0.6901561587500264,0.593825640331438,381545962208.6692,0.5509829619921363,-0.3629669977870067,0.097567148864647,0.0643305140860888,4596939303719.411,0.4514576492320282,0.2976668171731004,45969393037.19412,0.4899082568807339,0.702362539620462,11,2.5454545454545454,0,28.0,2.5454545454545454,0.5095790259013654,0.7964459453589888,0.1785323110624315,0.144927148,0.1241922229999999,0.01420776,0.3636363636363636,0.3636363636363636,C2,C2,C2
