model_type,variant,dataset,M-of-N count,RMSE (test),MAE (test),MAPE (test),rRMSE (test),rMAE (test),rMAPE (test),maxError (test),R2 (test),RMSE (train),MAE (train),MAPE (train),rRMSE (train),rMAE (train),rMAPE (train),maxError (train),R2 (train),rules,plain conditions count,complex conditions count,conditions_count,avg conditions per rule,avg rule quality,avg rule precision,avg rule coverage,training time total (s),training time growing (s),training time pruning (s),pvalue significance fdr,pvalue significance fwer,induction measure,pruning measure,voting measure
complex,no_discretization,concrete,0,0.2413219233381024,0.2089349760159999,137047129444417.22,0.6553898513390686,0.5674323367579323,1370471294444.172,0.3906074747093446,0.4381212085503249,0.0763239143601062,0.0554138339788237,1557966068012.776,0.1691091163660186,0.1227791391096452,15579660680.127762,0.3105950653120466,0.8407550581408628,14,0.35714285714285715,2.857142857142857,45.0,3.2142857142857144,0.5217680245358418,0.7619526307026308,0.1059907834101382,7.365504816,7.0255946300000005,0.3237064109999999,1.0,0.8571428571428571,C2,C2,C2
