model_type,variant,dataset,M-of-N count,RMSE (test),MAE (test),MAPE (test),rRMSE (test),rMAE (test),rMAPE (test),maxError (test),R2 (test),RMSE (train),MAE (train),MAPE (train),rRMSE (train),rMAE (train),rMAPE (train),maxError (train),R2 (train),rules,plain conditions count,complex conditions count,conditions_count,avg conditions per rule,avg rule quality,avg rule precision,avg rule coverage,training time total (s),training time growing (s),training time pruning (s),pvalue significance fdr,pvalue significance fwer,induction measure,pruning measure,voting measure
at_least_M-of-N,no_discretization,bodyfat,0.03333333333333333,0.1598337740964523,0.126649306212288,25104023215491.0,0.3088624588726087,0.2447368608566535,251040232154.91,0.3437693243008513,0.611411088925679,0.0593951837947275,0.0371166754332729,3363213384667.566,0.1477684746808145,0.0923420749559911,33632133846.67566,0.3436131046129089,0.8875114239859219,30,3.066666666666667,1.9333333333333333,151.0,5.033333333333333,0.6097867693455796,0.8348182568394378,0.0615271659324522,24.898812294006348,6.353328066,5.6557817550000005,0.8666666666666667,0.7666666666666667,C2,C2,C2
