model_type,variant,dataset,M-of-N count,RMSE (test),MAE (test),MAPE (test),rRMSE (test),rMAE (test),rMAPE (test),maxError (test),R2 (test),RMSE (train),MAE (train),MAPE (train),rRMSE (train),rMAE (train),rMAPE (train),maxError (train),R2 (train),rules,plain conditions count,complex conditions count,conditions_count,avg conditions per rule,avg rule quality,avg rule precision,avg rule coverage,training time total (s),training time growing (s),training time pruning (s),pvalue significance fdr,pvalue significance fwer,induction measure,pruning measure,voting measure
complex,no_discretization,concrete,0,0.241365655524452,0.2046975073217324,210087392095433.84,0.4540542034618404,0.3850745187240509,2100873920954.3384,0.4664877197756069,0.2139934947167235,0.0981884360697096,0.0637739191171751,2342806117312.5376,0.2199098363522818,0.1428326254900814,23428061173.125378,0.3902740748010913,0.7442993903971654,21,0.7142857142857143,2.5714285714285716,69.0,3.2857142857142856,0.4430668539719815,0.7108815212969016,0.0972862263184843,11.589182703,10.949924477,0.6241891540000001,0.7619047619047619,0.3809523809523809,C2,C2,C2
