model_type,variant,dataset,M-of-N count,RMSE (test),MAE (test),MAPE (test),rRMSE (test),rMAE (test),rMAPE (test),maxError (test),R2 (test),RMSE (train),MAE (train),MAPE (train),rRMSE (train),rMAE (train),rMAPE (train),maxError (train),R2 (train),rules,plain conditions count,complex conditions count,conditions_count,avg conditions per rule,avg rule quality,avg rule precision,avg rule coverage,training time total (s),training time growing (s),training time pruning (s),pvalue significance fdr,pvalue significance fwer,induction measure,pruning measure,voting measure
complex,no_discretization,dee,0,0.1428495366000164,0.1132266627752183,23234814682143.176,0.2727271505047141,0.2161714054859588,232348146821.43176,0.3442218606195323,0.6685188256605613,0.1405456872625358,0.0964472257285925,4587236048743.2295,0.2888340765274739,0.1982077566344544,45872360487.4323,0.526070932342511,0.6289191833055459,24,1.8333333333333333,6.041666666666667,189.0,7.875,0.5303488247146769,0.8441628023960238,0.0710486322188449,1370.771056133,1360.5611556160002,10.192410869999998,0.9583333333333334,0.9166666666666666,C2,C2,C2
