model_type,variant,dataset,M-of-N count,RMSE (test),MAE (test),MAPE (test),rRMSE (test),rMAE (test),rMAPE (test),maxError (test),R2 (test),RMSE (train),MAE (train),MAPE (train),rRMSE (train),rMAE (train),rMAPE (train),maxError (train),R2 (train),rules,plain conditions count,complex conditions count,conditions_count,avg conditions per rule,avg rule quality,avg rule precision,avg rule coverage,training time total (s),training time growing (s),training time pruning (s),pvalue significance fdr,pvalue significance fwer,induction measure,pruning measure,voting measure
plain,no_discretization,cholesterol,0,0.2818471937691207,0.2561292018872664,58294015795290.695,1.3550565204278249,1.2314103271633856,582940157952.907,0.5534736253035377,-1.5589650701643096,0.1315958175240283,0.0900280864667543,4875313972960.392,0.3183521584567551,0.2177929070062538,48753139729.60391,0.5120274914089347,0.3962784887084024,71,4.76056338028169,0.323943661971831,361.0,5.084507042253521,0.3511447877256955,0.764371875018105,0.0248671516277149,5.3887263,4.601818632999999,0.7791602370000001,0.0140845070422535,0.0140845070422535,C2,C2,C2
