model_type,variant,dataset,M-of-N count,RMSE (test),MAE (test),MAPE (test),rRMSE (test),rMAE (test),rMAPE (test),maxError (test),R2 (test),RMSE (train),MAE (train),MAPE (train),rRMSE (train),rMAE (train),rMAPE (train),maxError (train),R2 (train),rules,plain conditions count,complex conditions count,conditions_count,avg conditions per rule,avg rule quality,avg rule precision,avg rule coverage,training time total (s),training time growing (s),training time pruning (s),pvalue significance fdr,pvalue significance fwer,induction measure,pruning measure,voting measure
complex,no_discretization,bodyfat,0,0.1411738543045857,0.1077105933389626,47093383857238.09,0.3292621906799028,0.2512152558058124,470933838572.3809,0.2926315789473682,0.6373155978327814,0.0682880983057412,0.0269567732389534,3675555457534.152,0.1673256266291683,0.0660519048855846,36755554575.34152,0.8147368421052632,0.852264852885937,38,0.7631578947368421,2.5526315789473686,126.0,3.3157894736842106,0.6789283337679312,0.8392085676711716,0.0416183630883375,1253.798552156,1204.756317262,49.026201910000005,1.0,0.9473684210526316,C2,C2,C2
