model_type,variant,dataset,M-of-N count,RMSE (test),MAE (test),MAPE (test),rRMSE (test),rMAE (test),rMAPE (test),maxError (test),R2 (test),RMSE (train),MAE (train),MAPE (train),rRMSE (train),rMAE (train),rMAPE (train),maxError (train),R2 (train),rules,plain conditions count,complex conditions count,conditions_count,avg conditions per rule,avg rule quality,avg rule precision,avg rule coverage,training time total (s),training time growing (s),training time pruning (s),pvalue significance fdr,pvalue significance fwer,induction measure,pruning measure,voting measure
plain,no_discretization,fruitfly,0,0.3044249876285638,0.2041426137120508,76045772319577.98,1.027928529654891,0.6893127216251067,760457723195.7798,0.7827671708688603,-0.0142324483661144,0.1796332112994509,0.1207901292309353,8826741429951.791,0.6814338754953148,0.4582141870536598,88267414299.51791,0.7606960269422309,0.0730046313361896,26,1.8076923076923077,0.6538461538461539,64.0,2.4615384615384617,0.3134479225804539,0.7420614683111574,0.0824175824175824,0.63533697,0.5601592229999999,0.071075097,0.0769230769230769,0.0769230769230769,C2,C2,C2
