model_type,variant,dataset,M-of-N count,RMSE (test),MAE (test),MAPE (test),rRMSE (test),rMAE (test),rMAPE (test),maxError (test),R2 (test),RMSE (train),MAE (train),MAPE (train),rRMSE (train),rMAE (train),rMAPE (train),maxError (train),R2 (train),rules,plain conditions count,complex conditions count,conditions_count,avg conditions per rule,avg rule quality,avg rule precision,avg rule coverage,training time total (s),training time growing (s),training time pruning (s),pvalue significance fdr,pvalue significance fwer,induction measure,pruning measure,voting measure
plain,no_discretization,lowbwt,0,0.2535694867179039,0.2072245321922043,122419242627966.8,0.3999478346892384,0.3268492751928207,1224192426279.668,0.5164681149264191,0.1981679021035293,0.1042127501376312,0.0766428495431549,9474162207159.348,0.1996028969933438,0.1467971508518375,94741622071.59348,0.410184536323289,0.6130218233939748,17,4,0.11764705882352941,70.0,4.117647058823529,0.5003619900475996,0.8058141404602053,0.1370242214532872,0.400809413,0.3356833059999999,0.062231105,1.0,0.4705882352941176,C2,C2,C2
