model_type,variant,dataset,M-of-N count,RMSE (test),MAE (test),MAPE (test),rRMSE (test),rMAE (test),rMAPE (test),maxError (test),R2 (test),RMSE (train),MAE (train),MAPE (train),rRMSE (train),rMAE (train),rMAPE (train),maxError (train),R2 (train),rules,plain conditions count,complex conditions count,conditions_count,avg conditions per rule,avg rule quality,avg rule precision,avg rule coverage,training time total (s),training time growing (s),training time pruning (s),pvalue significance fdr,pvalue significance fwer,induction measure,pruning measure,voting measure
complex,no_discretization,pwlinear,0,0.2555682601217269,0.2192470051132889,81220909895996.22,0.4952072909298504,0.4248286363687015,812209098959.9622,0.4956266847018504,0.0698334916828535,0.1207803915409919,0.0786787949649322,8576724181188.608,0.2690943149265825,0.1752934906089609,85767241811.88608,0.4554585152838427,0.6241125447900088,41,0.024390243902439025,3.6341463414634148,150.0,3.658536585365854,0.3893528846798616,0.7561829092316898,0.0359078590785907,1.827459623,1.6745621719999997,0.142199561,0.0,0.0,C2,C2,C2
