dataset,M-of-N count,BAcc (test),BAcc (train),Acc (test),Acc (train),rules,conditions_count,avg conditions per rule,avg rule quality,avg rule precision,avg rule coverage,training time total (s),training time growing (s),training time pruning (s),rules_per_example (train) ,rules_per_example (test) ,voting_conflicts (train) ,voting_conflicts (test) ,negative_voting_conflicts (train) ,negative_voting_conflicts (test) ,induction measure,pruning measure,voting measure,variant,model_type,M-of-N count (std),BAcc (test) (std),BAcc (train) (std),Acc (test) (std),Acc (train) (std),rules (std),conditions_count (std),avg conditions per rule (std),avg rule quality (std),avg rule precision (std),avg rule coverage (std),training time total (s) (std),training time growing (s) (std),training time pruning (s) (std),rules_per_example (train)  (std),rules_per_example (test)  (std),voting_conflicts (train)  (std),voting_conflicts (test)  (std),negative_voting_conflicts (train)  (std),negative_voting_conflicts (test)  (std)
wine,0.8888888888888888,0.954673721340388,0.9907653949174353,0.9506172839506173,0.9909808488612837,11.222222222222221,21.77777777777778,1.9381075714409046,0.887560134165348,0.9992248523393304,0.26716414037519104,1689927991.1830566,0.03291823133333333,0.0017887396666666554,2.9976578674948247,2.9843863471314456,0.4444444444444444,1.7777777777777777,0.1111111111111111,1.1111111111111112,C2,C2,C2,no_discretization,at_least_M-of-N,1.6158932858054427,0.05189232844086696,0.004062233082176105,0.05856069741052554,0.004533165957351521,1.2018504251546631,2.9059326290271157,0.12012013042330597,0.009621411473959438,0.0018197731480759237,0.011891530118847977,1.9095762618156449,0.005916113708818463,0.0011004285252414145,0.33881694136714574,0.33627108690059165,1.0137937550497031,1.2018504251546631,0.3333333333333333,1.0540925533894598
