model_type,variant,dataset,M-of-N count,RMSE (test),MAE (test),MAPE (test),rRMSE (test),rMAE (test),rMAPE (test),maxError (test),R2 (test),RMSE (train),MAE (train),MAPE (train),rRMSE (train),rMAE (train),rMAPE (train),maxError (train),R2 (train),rules,plain conditions count,complex conditions count,conditions_count,avg conditions per rule,avg rule quality,avg rule precision,avg rule coverage,training time total (s),training time growing (s),training time pruning (s),pvalue significance fdr,pvalue significance fwer,induction measure,pruning measure,voting measure
exact_M-of-N,no_discretization,echomonths,0.7894736842105263,0.3071352743610738,0.2443932613104525,90433048420443.12,0.5354993842389546,0.4261068391318713,904330484204.4312,0.7055309856138653,0.0349899199290325,0.1960121020495079,0.1352396344702729,21589282783682.98,0.5150420076311082,0.3553560832242575,215892827836.8298,0.6793425447118702,0.4981422942981998,19,1.368421052631579,1.631578947368421,72.0,3.789473684210526,0.5097913915939296,0.8391929586331862,0.1241565452091767,0.7510333061218262,0.467187123,0.1018830579999999,0.7368421052631579,0.4210526315789473,C2,C2,C2
