model_type,variant,dataset,M-of-N count,RMSE (test),MAE (test),MAPE (test),rRMSE (test),rMAE (test),rMAPE (test),maxError (test),R2 (test),RMSE (train),MAE (train),MAPE (train),rRMSE (train),rMAE (train),rMAPE (train),maxError (train),R2 (train),rules,plain conditions count,complex conditions count,conditions_count,avg conditions per rule,avg rule quality,avg rule precision,avg rule coverage,training time total (s),training time growing (s),training time pruning (s),pvalue significance fdr,pvalue significance fwer,induction measure,pruning measure,voting measure
plain,no_discretization,pollution,0,0.5589012481315646,0.532425630657101,195825369433429.1,0.7058597082886646,0.672422546196502,1958253694334.291,0.6999641122728669,-1.464524337914512,0.1482449167318813,0.0966976670302979,24800568582497.32,0.3659513160159243,0.2387038914083518,248005685824.9732,0.5837790954829442,0.5103472155651043,21,3.238095238095238,0.23809523809523808,73.0,3.4761904761904763,0.4571224845060474,0.7249701434575386,0.1084656084656084,1.47267241,1.1595777480000002,0.307867834,0.3333333333333333,0.0476190476190476,C2,C2,C2
