model_type,variant,dataset,M-of-N count,RMSE (test),MAE (test),MAPE (test),rRMSE (test),rMAE (test),rMAPE (test),maxError (test),R2 (test),RMSE (train),MAE (train),MAPE (train),rRMSE (train),rMAE (train),rMAPE (train),maxError (train),R2 (train),rules,plain conditions count,complex conditions count,conditions_count,avg conditions per rule,avg rule quality,avg rule precision,avg rule coverage,training time total (s),training time growing (s),training time pruning (s),pvalue significance fdr,pvalue significance fwer,induction measure,pruning measure,voting measure
complex,no_discretization,pwlinear,0,0.2377155367079755,0.1816249278360418,92415236655729.16,0.4415206916383188,0.3373408607088257,924152366557.2916,0.587911075924139,0.1096185088035115,0.1210333848538501,0.0791849762418426,7759250258580.807,0.281228432612053,0.1839911094100717,77592502585.80806,0.4236068610288789,0.6372985316517146,49,0.02040816326530612,3.836734693877551,189.0,3.857142857142857,0.3626830467007742,0.7382815030774215,0.0315192743764172,2.274714184,2.068534538,0.194522713,0.1020408163265306,0.0408163265306122,C2,C2,C2
