model_type,variant,dataset,M-of-N count,RMSE (test),MAE (test),MAPE (test),rRMSE (test),rMAE (test),rMAPE (test),maxError (test),R2 (test),RMSE (train),MAE (train),MAPE (train),rRMSE (train),rMAE (train),rMAPE (train),maxError (train),R2 (train),rules,plain conditions count,complex conditions count,conditions_count,avg conditions per rule,avg rule quality,avg rule precision,avg rule coverage,training time total (s),training time growing (s),training time pruning (s),pvalue significance fdr,pvalue significance fwer,induction measure,pruning measure,voting measure
plain,no_discretization,pwlinear,0,0.09507305873475351,0.06359890669806974,5882033653850.514,0.2062711318755978,0.13798460515782202,58820336538.505135,0.38515283842794756,0.7669572380048391,0.09685729078348382,0.06442664860729418,6470237019235.548,0.21179179762064979,0.1408777347873076,64702370192.35548,0.38515283842794756,0.7530644131310981,47,17,213,247.0,5.25531914893617,0.4560782293527987,0.8155322219152009,0.037659574468085114,0.1990935,0.16008043399999994,0.032360045999999996,0.6808510638297872,0.19148936170212766,C2,C2,C2
