model_type,variant,dataset,M-of-N count,RMSE (test),MAE (test),MAPE (test),rRMSE (test),rMAE (test),rMAPE (test),maxError (test),R2 (test),RMSE (train),MAE (train),MAPE (train),rRMSE (train),rMAE (train),rMAPE (train),maxError (train),R2 (train),rules,plain conditions count,complex conditions count,conditions_count,avg conditions per rule,avg rule quality,avg rule precision,avg rule coverage,training time total (s),training time growing (s),training time pruning (s),pvalue significance fdr,pvalue significance fwer,induction measure,pruning measure,voting measure
exact_M-of-N,no_discretization,concrete,0.2,0.3453311176639556,0.2981961220067951,324785346645706.1,0.9490568478456964,0.8195180136270662,3247853466457.061,0.7211683398138482,-0.3657083883903163,0.1428658729475415,0.0956959200613737,17179825007223.738,0.2726363895913658,0.1826201709748896,171798250072.2374,0.4303440496333898,0.5525990505403683,15,2.7333333333333334,1.2,62.0,4.133333333333334,0.4896491697311739,0.8008520037467407,0.1125448028673834,1.3599894046783447,0.5664183730000001,0.1006769229999999,0.6,0.2666666666666666,C2,C2,C2
