model_type,variant,dataset,M-of-N count,RMSE (test),MAE (test),MAPE (test),rRMSE (test),rMAE (test),rMAPE (test),maxError (test),R2 (test),RMSE (train),MAE (train),MAPE (train),rRMSE (train),rMAE (train),rMAPE (train),maxError (train),R2 (train),rules,plain conditions count,complex conditions count,conditions_count,avg conditions per rule,avg rule quality,avg rule precision,avg rule coverage,training time total (s),training time growing (s),training time pruning (s),pvalue significance fdr,pvalue significance fwer,induction measure,pruning measure,voting measure
complex,no_discretization,veteran,0,0.3191185772124683,0.2135890436334352,9317699762488.57,1.2578848771675937,0.8419140943220847,93176997624.8857,0.8577154308617234,-0.3006875795572776,0.1610057659186539,0.0760036322832257,1842825597931.8423,1.330915945426158,0.6282659850030367,18428255979.318424,0.9208416833667334,-0.0077880528325742,21,1.2380952380952381,2.7142857142857144,83.0,3.9523809523809526,0.4867011112088511,0.8467855725277172,0.1056910569105691,2.388101497,2.269596016,0.107475616,0.9523809523809524,0.8095238095238095,C2,C2,C2
