dataset,RMSE (test),MAE (test),MAPE (test),rRMSE (test),rMAE (test),rMAPE (test),maxError (test),R2 (test),RMSE (train),MAE (train),MAPE (train),rRMSE (train),rMAE (train),rMAPE (train),maxError (train),R2 (train),rules,conditions_count,avg conditions per rule
breasttumor,0.3100405870413693,0.23517241379310347,108707577212392.56,0.7295472585425201,0.5533771929824561,1087075772123.9257,0.6999999999999998,-0.49669602401817636,0.03728113824016764,0.009649805447470818,4731408168832.837,0.07527696831963453,0.01948460087994972,47314081688.32837,0.20000000000000007,0.9681077367375316,198,395,15.118987341772153
