model_type,variant,dataset,M-of-N count,RMSE (test),MAE (test),MAPE (test),rRMSE (test),rMAE (test),rMAPE (test),maxError (test),R2 (test),RMSE (train),MAE (train),MAPE (train),rRMSE (train),rMAE (train),rMAPE (train),maxError (train),R2 (train),rules,plain conditions count,complex conditions count,conditions_count,avg conditions per rule,avg rule quality,avg rule precision,avg rule coverage,training time total (s),training time growing (s),training time pruning (s),pvalue significance fdr,pvalue significance fwer,induction measure,pruning measure,voting measure
plain,no_discretization,mbagrade,0,0.3285105667245439,0.2828016995955203,411580442574250.2,0.8472499694143022,0.7293638488454619,4115804425742.502,0.5483353005976124,0.0050344316587773,0.2071628096593669,0.1600104278185989,22261137009391.477,0.3725484525367801,0.287752600824372,222611370093.91476,0.5342565597667639,0.3027049712385162,7,1.5714285714285714,0.14285714285714285,12.0,1.7142857142857142,0.335760653917602,0.6655328798185941,0.2753246753246753,0.033757244,0.0298921209999999,0.002596947,0.2857142857142857,0.2857142857142857,C2,C2,C2
