model_type,variant,dataset,M-of-N count,RMSE (test),MAE (test),MAPE (test),rRMSE (test),rMAE (test),rMAPE (test),maxError (test),R2 (test),RMSE (train),MAE (train),MAPE (train),rRMSE (train),rMAE (train),rMAPE (train),maxError (train),R2 (train),rules,plain conditions count,complex conditions count,conditions_count,avg conditions per rule,avg rule quality,avg rule precision,avg rule coverage,training time total (s),training time growing (s),training time pruning (s),pvalue significance fdr,pvalue significance fwer,induction measure,pruning measure,voting measure
complex,no_discretization,auto93,0,0.1389809125596625,0.1048864706440879,41287130314461.14,0.5062876100387704,0.3820864287748916,412871303144.6114,0.3358024691358025,0.7655112941840094,0.131714942731767,0.0732110012534698,5325385273995.355,0.4573323486155047,0.2541986387674061,53253852739.95355,0.8741907172056831,0.623737765066144,22,0.6818181818181818,3.0454545454545454,82.0,3.727272727272727,0.5896369667987034,0.8169599623546994,0.1358225108225108,552.01640132,529.9015220009999,22.094959509,0.8181818181818182,0.5,C2,C2,C2
