model_type,variant,dataset,M-of-N count,RMSE (test),MAE (test),MAPE (test),rRMSE (test),rMAE (test),rMAPE (test),maxError (test),R2 (test),RMSE (train),MAE (train),MAPE (train),rRMSE (train),rMAE (train),rMAPE (train),maxError (train),R2 (train),rules,plain conditions count,complex conditions count,conditions_count,avg conditions per rule,avg rule quality,avg rule precision,avg rule coverage,training time total (s),training time growing (s),training time pruning (s),pvalue significance fdr,pvalue significance fwer,induction measure,pruning measure,voting measure
complex,no_discretization,veteran,0,0.16216900364596887,0.08010420627189405,1988020799467.0046,1.2794379619622123,0.631984905332804,19880207994.670048,0.9208416833667334,-0.04082798051002512,0.1578755605531181,0.07506792928800345,2191176209631.4622,1.3061656718011394,0.6210660595323466,21911762096.31462,0.9208416833667334,-0.00407583580116988,18,38,16,56.0,3.111111111111111,0.5001152705458095,0.869759644957721,0.14922952149229524,3.221470726,3.101569453,0.102000548,0.8333333333333334,0.8333333333333334,C2,C2,C2
