model_type,variant,dataset,M-of-N count,RMSE (test),MAE (test),MAPE (test),rRMSE (test),rMAE (test),rMAPE (test),maxError (test),R2 (test),RMSE (train),MAE (train),MAPE (train),rRMSE (train),rMAE (train),rMAPE (train),maxError (train),R2 (train),rules,plain conditions count,complex conditions count,conditions_count,avg conditions per rule,avg rule quality,avg rule precision,avg rule coverage,training time total (s),training time growing (s),training time pruning (s),pvalue significance fdr,pvalue significance fwer,induction measure,pruning measure,voting measure
at_least_M-of-N,no_discretization,veteran,0.058823529411764705,0.2764910419007262,0.1298543031282521,8630514745826.869,2.0972614937712177,0.9849810246263287,86305147458.26869,0.9488977955911824,-0.1761106310211746,0.1212926353245705,0.065754904484061,2509040817313.524,1.023888554344219,0.5550682769243879,25090408173.13524,0.6112224448897796,0.2947614629732045,17,1.7647058823529411,1.4705882352941178,56.0,3.2941176470588234,0.4676997565516873,0.8489131469134014,0.1574952561669829,1.1146917343139648,0.6203458009999999,0.122467521,0.7058823529411765,0.5882352941176471,C2,C2,C2
