model_type,variant,dataset,M-of-N count,RMSE (test),MAE (test),MAPE (test),rRMSE (test),rMAE (test),rMAPE (test),maxError (test),R2 (test),RMSE (train),MAE (train),MAPE (train),rRMSE (train),rMAE (train),rMAPE (train),maxError (train),R2 (train),rules,plain conditions count,complex conditions count,conditions_count,avg conditions per rule,avg rule quality,avg rule precision,avg rule coverage,training time total (s),training time growing (s),training time pruning (s),pvalue significance fdr,pvalue significance fwer,induction measure,pruning measure,voting measure
at_least_M-of-N,no_discretization,pwlinear,3.261904761904762,0.2988020560639403,0.2490500470434878,127814943394222.78,0.5737054574190672,0.4781806826949992,1278149433942.2278,0.5676123721897062,-0.0426368932835614,0.1342987651114374,0.0901016719496641,12152043775246.348,0.2965075039043091,0.1989282762595155,121520437752.46349,0.5288209606986899,0.5123240920458023,42,1.0952380952380953,0.4523809523809524,202.0,4.809523809523809,0.3930888287238804,0.7905652804270316,0.0394179894179894,174.1803412437439,25.822505249,148.13489116699998,0.238095238095238,0.0952380952380952,C2,C2,C2
