model_type,variant,dataset,M-of-N count,RMSE (test),MAE (test),MAPE (test),rRMSE (test),rMAE (test),rMAPE (test),maxError (test),R2 (test),RMSE (train),MAE (train),MAPE (train),rRMSE (train),rMAE (train),rMAPE (train),maxError (train),R2 (train),rules,plain conditions count,complex conditions count,conditions_count,avg conditions per rule,avg rule quality,avg rule precision,avg rule coverage,training time total (s),training time growing (s),training time pruning (s),pvalue significance fdr,pvalue significance fwer,induction measure,pruning measure,voting measure
exact_M-of-N,no_discretization,cpu,0.15384615384615385,0.1560659914090923,0.0521983491826218,5288076064757.063,1.672975188243073,0.5595488309869336,52880760647.57063,0.6951797183607116,0.4659096645229377,0.1129205063067337,0.0329019223104557,683436392005.4314,1.347454530964692,0.3926111008946842,6834363920.054314,0.9813084112149532,0.3705000493854562,13,1.3846153846153846,1.3846153846153846,38.0,2.923076923076923,0.7333139233201448,0.8974393652683701,0.2876432078559738,11.2450270652771,1.315200291,0.6377099589999999,0.7692307692307693,0.7692307692307693,C2,C2,C2
