model_type,variant,dataset,M-of-N count,RMSE (test),MAE (test),MAPE (test),rRMSE (test),rMAE (test),rMAPE (test),maxError (test),R2 (test),RMSE (train),MAE (train),MAPE (train),rRMSE (train),rMAE (train),rMAPE (train),maxError (train),R2 (train),rules,plain conditions count,complex conditions count,conditions_count,avg conditions per rule,avg rule quality,avg rule precision,avg rule coverage,training time total (s),training time growing (s),training time pruning (s),pvalue significance fdr,pvalue significance fwer,induction measure,pruning measure,voting measure
complex,no_discretization,machine,0,0.2753871671030113,0.1692130336411199,4511446550487.98,1.0385895726262373,0.6381666006476673,45114465504.87979,0.7788461538461539,-0.0404010832375985,0.1013019141896454,0.0367404597765706,649138839312.8405,1.2584303869113054,0.456411030154601,6491388393.128405,0.8976816912003711,0.4589346772239355,21,0.9523809523809523,5.142857142857143,128.0,6.095238095238095,0.5226835900185707,0.8584703744091181,0.1061296859169199,74.656330396,72.02923214699999,2.612765404,0.8095238095238095,0.8095238095238095,C2,C2,C2
