model_type,variant,dataset,M-of-N count,RMSE (test),MAE (test),MAPE (test),rRMSE (test),rMAE (test),rMAPE (test),maxError (test),R2 (test),RMSE (train),MAE (train),MAPE (train),rRMSE (train),rMAE (train),rMAPE (train),maxError (train),R2 (train),rules,plain conditions count,complex conditions count,conditions_count,avg conditions per rule,avg rule quality,avg rule precision,avg rule coverage,training time total (s),training time growing (s),training time pruning (s),pvalue significance fdr,pvalue significance fwer,induction measure,pruning measure,voting measure
exact_M-of-N,no_discretization,fishcatch,0.25,0.1873726241079964,0.1117111739282861,16299986133635.451,0.5420178999196771,0.3231499594907331,162999861336.35452,0.6242424242424243,0.5533147628421026,0.1143526470929508,0.0646297475641414,2351078963784.636,0.4957869990170125,0.2802085426672033,23510789637.846363,0.6242424242424243,0.6956430243205913,12,1,0.9166666666666666,26.0,2.1666666666666665,0.6507912357298206,0.7769220807630884,0.1519953051643192,0.5866355895996094,0.287009056,0.1072618459999999,0.9166666666666666,0.9166666666666666,C2,C2,C2
