model_type,variant,dataset,M-of-N count,RMSE (test),MAE (test),MAPE (test),rRMSE (test),rMAE (test),rMAPE (test),maxError (test),R2 (test),RMSE (train),MAE (train),MAPE (train),rRMSE (train),rMAE (train),rMAPE (train),maxError (train),R2 (train),rules,plain conditions count,complex conditions count,conditions_count,avg conditions per rule,avg rule quality,avg rule precision,avg rule coverage,training time total (s),training time growing (s),training time pruning (s),pvalue significance fdr,pvalue significance fwer,induction measure,pruning measure,voting measure
exact_M-of-N,no_discretization,pyrim,30,0.10866905493224785,0.07180494502134173,36065346053561.36,0.15643040537963745,0.10336407788725324,360653460535.6136,0.6566654723076991,0.5402494263407387,0.10873924491038237,0.06996154177401315,39964302383676.086,0.15552567704802095,0.10006337786044256,399643023836.76086,0.6566654723076991,0.5337757831491123,12,5,2,37.0,3.0833333333333335,0.46528450429968404,0.7814263668430335,0.17905405405405406,2.0714290142059326,0.9681563510000001,0.9543724499999999,0.3333333333333333,0.16666666666666666,C2,C2,C2
