model_type,variant,dataset,M-of-N count,RMSE (test),MAE (test),MAPE (test),rRMSE (test),rMAE (test),rMAPE (test),maxError (test),R2 (test),RMSE (train),MAE (train),MAPE (train),rRMSE (train),rMAE (train),rMAPE (train),maxError (train),R2 (train),rules,plain conditions count,complex conditions count,conditions_count,avg conditions per rule,avg rule quality,avg rule precision,avg rule coverage,training time total (s),training time growing (s),training time pruning (s),pvalue significance fdr,pvalue significance fwer,induction measure,pruning measure,voting measure
complex,no_discretization,dee,0,0.1576904121194838,0.1271112286633717,42343308308233.16,0.3391917674823184,0.2734160037866436,423433083082.33154,0.3780706841140431,0.7017020012094997,0.1245181615332427,0.0848646638245,5388758410534.496,0.247639501891966,0.1687773319084679,53887584105.34496,0.718056273787319,0.6770431562440236,31,1.903225806451613,6.096774193548387,248.0,8.0,0.5037248969290471,0.8376566184639891,0.0656963021243115,1769.235164837,1754.2557678060002,14.958887449999995,0.935483870967742,0.8387096774193549,C2,C2,C2
