model_type,variant,dataset,M-of-N count,RMSE (test),MAE (test),MAPE (test),rRMSE (test),rMAE (test),rMAPE (test),maxError (test),R2 (test),RMSE (train),MAE (train),MAPE (train),rRMSE (train),rMAE (train),rMAPE (train),maxError (train),R2 (train),rules,plain conditions count,complex conditions count,conditions_count,avg conditions per rule,avg rule quality,avg rule precision,avg rule coverage,training time total (s),training time growing (s),training time pruning (s),pvalue significance fdr,pvalue significance fwer,induction measure,pruning measure,voting measure
complex,no_discretization,bolts,0,0.2072728003439093,0.1923121313771071,77558333012202.67,0.5210899677055244,0.4834784021946178,775583330122.0267,0.2818188267879234,0.6863473713706817,0.0957548650328706,0.0595334557513534,8617592556912.746,0.2978094408829437,0.1851563903834423,86175925569.12746,0.2705908001092179,0.9189007993345876,9,0.4444444444444444,2.5555555555555554,27.0,3.0,0.5787833904967719,0.7719135802469137,0.1728395061728395,0.654786823,0.61692543,0.026860928,0.7777777777777778,0.7777777777777778,C2,C2,C2
