model_type,variant,dataset,M-of-N count,RMSE (test),MAE (test),MAPE (test),rRMSE (test),rMAE (test),rMAPE (test),maxError (test),R2 (test),RMSE (train),MAE (train),MAPE (train),rRMSE (train),rMAE (train),rMAPE (train),maxError (train),R2 (train),rules,plain conditions count,complex conditions count,conditions_count,avg conditions per rule,avg rule quality,avg rule precision,avg rule coverage,training time total (s),training time growing (s),training time pruning (s),pvalue significance fdr,pvalue significance fwer,induction measure,pruning measure,voting measure
at_least_M-of-N,no_discretization,auto-mpg,0.1111111111111111,0.1524208971985627,0.110497241455631,12304917014673.738,0.3720386657709176,0.2697087278587908,123049170146.73738,0.4265867111210971,0.574545655937305,0.1234819251038885,0.0856679587143108,2749702126184.3423,0.3346070579995928,0.2321400772308127,27497021261.843426,0.5872578755055833,0.6596439118458772,18,1.2222222222222223,3.8333333333333335,93.0,5.166666666666667,0.6404893157885713,0.867754043800939,0.2271880819366852,119.10828375816344,7.361703797,13.477824041,1.0,1.0,C2,C2,C2
