model_type,variant,dataset,M-of-N count,RMSE (test),MAE (test),MAPE (test),rRMSE (test),rMAE (test),rMAPE (test),maxError (test),R2 (test),RMSE (train),MAE (train),MAPE (train),rRMSE (train),rMAE (train),rMAPE (train),maxError (train),R2 (train),rules,plain conditions count,complex conditions count,conditions_count,avg conditions per rule,avg rule quality,avg rule precision,avg rule coverage,training time total (s),training time growing (s),training time pruning (s),pvalue significance fdr,pvalue significance fwer,induction measure,pruning measure,voting measure
plain,no_discretization,auto-price,0,0.2508374176200943,0.1883462545084362,26776696294742.17,0.6961902189105657,0.5227482462596882,267766962947.4217,0.4814871904692749,0.4336572611144027,0.0946558027201606,0.0674130238605283,2789239197370.3184,0.4608495393338542,0.3282129578793337,27892391973.703182,0.3343261994134594,0.7660356312764827,7,1.7142857142857142,0,12.0,1.7142857142857142,0.6433428034841989,0.7723833440328285,0.2132936507936507,0.212740289,0.198020215,0.009951655,0.2857142857142857,0.1428571428571428,C2,C2,C2
