model_type,variant,dataset,M-of-N count,RMSE (test),MAE (test),MAPE (test),rRMSE (test),rMAE (test),rMAPE (test),maxError (test),R2 (test),RMSE (train),MAE (train),MAPE (train),rRMSE (train),rMAE (train),rMAPE (train),maxError (train),R2 (train),rules,plain conditions count,complex conditions count,conditions_count,avg conditions per rule,avg rule quality,avg rule precision,avg rule coverage,training time total (s),training time growing (s),training time pruning (s),pvalue significance fdr,pvalue significance fwer,induction measure,pruning measure,voting measure
plain,no_discretization,auto93,0,0.08969612816801065,0.059612889517782895,3680534583742.478,0.42425784923418247,0.2819657527031297,36805345837.42478,0.5064220183486239,0.7291752548945727,0.09188389627327334,0.060647461225861524,4076290990596.3765,0.4135264857583785,0.27294588636412637,40762909905.96377,0.5064220183486239,0.7283160562897957,17,24,25,49.0,2.8823529411764706,0.503927128104792,0.74440532798907,0.1277672359266287,0.179340518,0.160200206,0.011341215,0.5882352941176471,0.35294117647058826,C2,C2,C2
