model_type,variant,dataset,M-of-N count,RMSE (test),MAE (test),MAPE (test),rRMSE (test),rMAE (test),rMAPE (test),maxError (test),R2 (test),RMSE (train),MAE (train),MAPE (train),rRMSE (train),rMAE (train),rMAPE (train),maxError (train),R2 (train),rules,plain conditions count,complex conditions count,conditions_count,avg conditions per rule,avg rule quality,avg rule precision,avg rule coverage,training time total (s),training time growing (s),training time pruning (s),pvalue significance fdr,pvalue significance fwer,induction measure,pruning measure,voting measure
at_least_M-of-N,no_discretization,diabetes,0,0.3608766288369582,0.2957678724575591,594224950833607.5,0.7597402712357016,0.6226692051738087,5942249508336.075,0.5277777777777779,-0.0264586501732229,0.1185810126863945,0.0784528019765645,35284612465153.61,0.2507345509212317,0.16588514152876,352846124651.5361,0.3055555555555554,0.6531326720866153,12,0.25,2.3333333333333335,31.0,2.5833333333333335,0.5199258345683303,0.7897544283413849,0.1517094017094017,0.1541657447814941,0.081072738,0.0277201689999999,0.5,0.3333333333333333,C2,C2,C2
