model_type,variant,dataset,M-of-N count,RMSE (test),MAE (test),MAPE (test),rRMSE (test),rMAE (test),rMAPE (test),maxError (test),R2 (test),RMSE (train),MAE (train),MAPE (train),rRMSE (train),rMAE (train),rMAPE (train),maxError (train),R2 (train),rules,plain conditions count,complex conditions count,conditions_count,avg conditions per rule,avg rule quality,avg rule precision,avg rule coverage,training time total (s),training time growing (s),training time pruning (s),pvalue significance fdr,pvalue significance fwer,induction measure,pruning measure,voting measure
exact_M-of-N,no_discretization,fishcatch,0.5555555555555556,0.323716489109689,0.2243958719832118,13643758051670.184,0.7579116313624182,0.5253740452750331,136437580516.70184,0.8351515151515152,0.0818859606659805,0.1323092614548282,0.0830709409494537,2656047236448.8657,0.5491887958415195,0.3448105561758288,26560472364.48866,0.6303030303030304,0.6365057838878332,9,1,0.8888888888888888,22.0,2.4444444444444446,0.6743839782033473,0.8255007137253514,0.2543035993740219,0.5753495693206787,0.2249550669999999,0.047834575,0.7777777777777778,0.7777777777777778,C2,C2,C2
