model_type,variant,dataset,M-of-N count,RMSE (test),MAE (test),MAPE (test),rRMSE (test),rMAE (test),rMAPE (test),maxError (test),R2 (test),RMSE (train),MAE (train),MAPE (train),rRMSE (train),rMAE (train),rMAPE (train),maxError (train),R2 (train),rules,plain conditions count,complex conditions count,conditions_count,avg conditions per rule,avg rule quality,avg rule precision,avg rule coverage,training time total (s),training time growing (s),training time pruning (s),pvalue significance fdr,pvalue significance fwer,induction measure,pruning measure,voting measure
complex,no_discretization,pharynx,0,0.10613009403169804,0.04949993468032162,5000100183212.023,0.35865858807138207,0.16728126780672883,50001001832.12023,0.6644591611479028,0.7841272655394333,0.10153747841039969,0.047542072028974876,3633838619186.555,0.3359073152652038,0.15727916457458763,36338386191.865555,0.6644591611479028,0.8059296644825849,73,24,79,103.0,1.4109589041095891,0.5520493983690713,0.7016509753415471,0.03140147523709166,3069.50486559,3068.808664898,0.25602359300000005,0.9863013698630136,0.9041095890410958,C2,C2,C2
