model_type,variant,dataset,M-of-N count,RMSE (test),MAE (test),MAPE (test),rRMSE (test),rMAE (test),rMAPE (test),maxError (test),R2 (test),RMSE (train),MAE (train),MAPE (train),rRMSE (train),rMAE (train),rMAPE (train),maxError (train),R2 (train),rules,plain conditions count,complex conditions count,conditions_count,avg conditions per rule,avg rule quality,avg rule precision,avg rule coverage,training time total (s),training time growing (s),training time pruning (s),pvalue significance fdr,pvalue significance fwer,induction measure,pruning measure,voting measure
at_least_M-of-N,no_discretization,bodyfat,0.20588235294117646,0.1420050429896925,0.1117811411346396,47406311867058.24,0.3312007862412036,0.2607090639268271,474063118670.5824,0.3229966309401662,0.6330322746528856,0.0841078457395691,0.0541741962746891,5220959456724.726,0.2060885914525404,0.1327424772939065,52209594567.24725,0.5035874336622982,0.77588712301675,34,3.0588235294117645,2.323529411764706,190.0,5.588235294117647,0.5680720688418588,0.8218632697004127,0.0713915522155999,15.663524866104126,5.3050871200000005,3.691054161,0.8235294117647058,0.7058823529411765,C2,C2,C2
