model_type,variant,dataset,M-of-N count,RMSE (test),MAE (test),MAPE (test),rRMSE (test),rMAE (test),rMAPE (test),maxError (test),R2 (test),RMSE (train),MAE (train),MAPE (train),rRMSE (train),rMAE (train),rMAPE (train),maxError (train),R2 (train),rules,plain conditions count,complex conditions count,conditions_count,avg conditions per rule,avg rule quality,avg rule precision,avg rule coverage,training time total (s),training time growing (s),training time pruning (s),pvalue significance fdr,pvalue significance fwer,induction measure,pruning measure,voting measure
plain,no_discretization,cholesterol,0,0.3410071213008877,0.2816311063342059,53492007431231.484,0.6682312048588309,0.551879071596802,534920074312.3148,0.766442140316355,-0.9804414325626152,0.0995915500103527,0.0608903255244675,3750278754125.924,0.3596774291261564,0.2199069674186078,37502787541.25925,0.8835616438356164,0.3082687395177869,70,4.542857142857143,0.2857142857142857,338.0,4.828571428571428,0.3448354251878187,0.7555572797186911,0.0229722658294086,7.941968833,6.535375341000001,1.3987468110000003,0.0,0.0,C2,C2,C2
