model_type,variant,dataset,M-of-N count,RMSE (test),MAE (test),MAPE (test),rRMSE (test),rMAE (test),rMAPE (test),maxError (test),R2 (test),RMSE (train),MAE (train),MAPE (train),rRMSE (train),rMAE (train),rMAPE (train),maxError (train),R2 (train),rules,plain conditions count,complex conditions count,conditions_count,avg conditions per rule,avg rule quality,avg rule precision,avg rule coverage,training time total (s),training time growing (s),training time pruning (s),pvalue significance fdr,pvalue significance fwer,induction measure,pruning measure,voting measure
plain,no_discretization,auto93,0,0.4314182996543494,0.3169118564846424,46243323423659.84,1.0151018815396458,0.7456749564344527,462433234236.59845,0.8917431192660551,-0.4865954415067897,0.1121611544069437,0.0738219296396417,4954641795392.596,0.4916918173656882,0.3236204097388486,49546417953.92596,0.4477064220183487,0.6097554652267374,15,2.466666666666667,0.06666666666666667,38.0,2.533333333333333,0.4651886822219045,0.7357218506131549,0.1444444444444444,0.142493195,0.126989445,0.009164215,0.6,0.4,C2,C2,C2
