model_type,variant,dataset,M-of-N count,RMSE (test),MAE (test),MAPE (test),rRMSE (test),rMAE (test),rMAPE (test),maxError (test),R2 (test),RMSE (train),MAE (train),MAPE (train),rRMSE (train),rMAE (train),rMAPE (train),maxError (train),R2 (train),rules,plain conditions count,complex conditions count,conditions_count,avg conditions per rule,avg rule quality,avg rule precision,avg rule coverage,training time total (s),training time growing (s),training time pruning (s),pvalue significance fdr,pvalue significance fwer,induction measure,pruning measure,voting measure
complex,no_discretization,fishcatch,0,0.4051772249514977,0.2794199555600529,21249237559362.8,0.9561277084888974,0.659368654908192,212492375593.628,0.8818181818181818,-0.1261690369347989,0.1545220838915903,0.0771201076095604,2477018584265.4014,0.6290968593535988,0.3139746518317988,24770185842.65401,0.8157640159971081,0.5185550644893657,30,0.7333333333333333,2.3333333333333335,92.0,3.066666666666667,0.7098494576472975,0.8665818499173147,0.136150234741784,124.781271258,123.126645915,1.6409674900000002,0.9666666666666668,0.9666666666666668,C2,C2,C2
