model_type,variant,dataset,M-of-N count,RMSE (test),MAE (test),MAPE (test),rRMSE (test),rMAE (test),rMAPE (test),maxError (test),R2 (test),RMSE (train),MAE (train),MAPE (train),rRMSE (train),rMAE (train),rMAPE (train),maxError (train),R2 (train),rules,plain conditions count,complex conditions count,conditions_count,avg conditions per rule,avg rule quality,avg rule precision,avg rule coverage,training time total (s),training time growing (s),training time pruning (s),pvalue significance fdr,pvalue significance fwer,induction measure,pruning measure,voting measure
complex,no_discretization,cpu,0,0.2355739285547574,0.1295890693796459,2633110763022.283,1.6818011479923138,0.925157749785902,26331107630.22283,0.7407074004067553,-0.106499373011131,0.091829837214505,0.0331395787407943,586617473706.0009,1.2769206828973598,0.4608155126941882,5866174737.060009,0.6262325077356694,0.5094442101528149,33,1.2121212121212122,2.909090909090909,136.0,4.121212121212121,0.7020663602060491,0.8892759814126355,0.1289490651192779,64.212877539,62.537046231,1.661055252,0.9090909090909092,0.9090909090909092,C2,C2,C2
