model_type,variant,dataset,M-of-N count,RMSE (test),MAE (test),MAPE (test),rRMSE (test),rMAE (test),rMAPE (test),maxError (test),R2 (test),RMSE (train),MAE (train),MAPE (train),rRMSE (train),rMAE (train),rMAPE (train),maxError (train),R2 (train),rules,plain conditions count,complex conditions count,conditions_count,avg conditions per rule,avg rule quality,avg rule precision,avg rule coverage,training time total (s),training time growing (s),training time pruning (s),pvalue significance fdr,pvalue significance fwer,induction measure,pruning measure,voting measure
plain,no_discretization,cholesterol,0,0.2106657005251752,0.1622402211908661,35956979192162.41,0.6515600714631283,0.5017867163462705,359569791921.6241,0.591324200913242,-0.0282476008971956,0.096182598452621,0.064386535286867,2759558595202.921,0.3472051040587662,0.2324259693947881,27595585952.02921,0.591324200913242,0.3277348492553131,63,4.825396825396825,0.3492063492063492,326.0,5.174603174603175,0.3511625587790843,0.7900403298494109,0.0276027077497665,5.528180997,4.790617466999998,0.7257060870000002,0.0793650793650793,0.0476190476190476,C2,C2,C2
