model_type,variant,dataset,M-of-N count,RMSE (test),MAE (test),MAPE (test),rRMSE (test),rMAE (test),rMAPE (test),maxError (test),R2 (test),RMSE (train),MAE (train),MAPE (train),rRMSE (train),rMAE (train),rMAPE (train),maxError (train),R2 (train),rules,plain conditions count,complex conditions count,conditions_count,avg conditions per rule,avg rule quality,avg rule precision,avg rule coverage,training time total (s),training time growing (s),training time pruning (s),pvalue significance fdr,pvalue significance fwer,induction measure,pruning measure,voting measure
exact_M-of-N,no_discretization,bolts,0.4444444444444444,0.127544864593355,0.098863532822111,107103501293849.3,0.453155306035689,0.3512531422931719,1071035012938.4928,0.2316464930270486,0.9061795007132732,0.2092716931548097,0.1172170780456647,8175273646911.387,0.6294330441903109,0.3525574871265395,81752736469.11386,0.6280175566934895,0.5855782552862043,9,1.6666666666666667,0.2222222222222222,21.0,2.3333333333333335,0.5412713536463536,0.7317615935262993,0.1975308641975308,0.2136528491973877,0.137308773,0.0192188729999999,0.4444444444444444,0.4444444444444444,C2,C2,C2
