model_type,variant,dataset,M-of-N count,RMSE (test),MAE (test),MAPE (test),rRMSE (test),rMAE (test),rMAPE (test),maxError (test),R2 (test),RMSE (train),MAE (train),MAPE (train),rRMSE (train),rMAE (train),rMAPE (train),maxError (train),R2 (train),rules,plain conditions count,complex conditions count,conditions_count,avg conditions per rule,avg rule quality,avg rule precision,avg rule coverage,training time total (s),training time growing (s),training time pruning (s),pvalue significance fdr,pvalue significance fwer,induction measure,pruning measure,voting measure
plain,no_discretization,machine,0,0.1452399914486005,0.0791201493957319,4874025570747.819,0.8474340496310822,0.4616435731034145,48740255707.4782,0.5683201591144478,0.5992512731226041,0.0764161933758379,0.0368285201306561,1088878053040.1208,0.8723915038870543,0.4204460683444178,10888780530.401209,0.5534270563743824,0.720283841015481,19,2.789473684210526,0.5263157894736842,63.0,3.3157894736842106,0.555798516367117,0.8434351015398098,0.1206606942889138,5.07367929,3.840043116,1.2296658829999998,0.7368421052631579,0.631578947368421,C2,C2,C2
