model_type,variant,dataset,M-of-N count,RMSE (test),MAE (test),MAPE (test),rRMSE (test),rMAE (test),rMAPE (test),maxError (test),R2 (test),RMSE (train),MAE (train),MAPE (train),rRMSE (train),rMAE (train),rMAPE (train),maxError (train),R2 (train),rules,plain conditions count,complex conditions count,conditions_count,avg conditions per rule,avg rule quality,avg rule precision,avg rule coverage,training time total (s),training time growing (s),training time pruning (s),pvalue significance fdr,pvalue significance fwer,induction measure,pruning measure,voting measure
complex,no_discretization,cpu,0,0.2195891698961768,0.0716079988370494,4513457747736.623,2.04287847951404,0.6661823980410321,45134577477.36624,0.9844644317252658,-0.027159753260465,0.0997653044913677,0.0273759160661849,511745491370.9198,1.489992716458151,0.408858728522346,5117454913.709198,0.9746524938675388,0.3109577111285982,31,1.1612903225806452,3.6451612903225805,149.0,4.806451612903226,0.6558396349286055,0.8927126265044664,0.133321894303363,85.520171418,83.08942612399998,2.413004969,0.935483870967742,0.9032258064516128,C2,C2,C2
