model_type,variant,dataset,M-of-N count,RMSE (test),MAE (test),MAPE (test),rRMSE (test),rMAE (test),rMAPE (test),maxError (test),R2 (test),RMSE (train),MAE (train),MAPE (train),rRMSE (train),rMAE (train),rMAPE (train),maxError (train),R2 (train),rules,plain conditions count,complex conditions count,conditions_count,avg conditions per rule,avg rule quality,avg rule precision,avg rule coverage,training time total (s),training time growing (s),training time pruning (s),pvalue significance fdr,pvalue significance fwer,induction measure,pruning measure,voting measure
at_least_M-of-N,no_discretization,pwlinear,0.23255813953488372,0.2770707646134036,0.2535136103308947,61593965080767.17,0.8256598584471626,0.7554604756380341,615939650807.6716,0.5400726436271293,-0.5059873105538941,0.1400852253414506,0.0926301467200235,11351111712002.016,0.2854918267642479,0.188779007465499,113511117120.02016,0.6029822926374651,0.5470967094446096,43,3.2790697674418605,1.3953488372093024,211.0,4.906976744186046,0.3922509270126466,0.7865245219896382,0.0372093023255813,11.7370502948761,7.940131100999999,3.540204402999999,0.1860465116279069,0.0697674418604651,C2,C2,C2
