model_type,variant,dataset,M-of-N count,RMSE (test),MAE (test),MAPE (test),rRMSE (test),rMAE (test),rMAPE (test),maxError (test),R2 (test),RMSE (train),MAE (train),MAPE (train),rRMSE (train),rMAE (train),rMAPE (train),maxError (train),R2 (train),rules,plain conditions count,complex conditions count,conditions_count,avg conditions per rule,avg rule quality,avg rule precision,avg rule coverage,training time total (s),training time growing (s),training time pruning (s),pvalue significance fdr,pvalue significance fwer,induction measure,pruning measure,voting measure
plain,no_discretization,cloud,0,0.1240007880075029,0.1011397261712441,101486598811811.06,0.557958257214184,0.4550918284988048,1014865988118.1106,0.292750288427013,0.864103157226796,0.1193278279438919,0.0766949917997511,4450996417142.991,0.5001021696381021,0.3214282239132576,44509964171.42991,0.6973677845550854,0.5891740295212597,15,1.7333333333333334,0.26666666666666666,30.0,2.0,0.4757791405890023,0.7049145980724929,0.1704467353951889,0.358344345,0.3204528299999999,0.0350375079999999,0.6,0.3333333333333333,C2,C2,C2
