model_type,variant,dataset,M-of-N count,RMSE (test),MAE (test),MAPE (test),rRMSE (test),rMAE (test),rMAPE (test),maxError (test),R2 (test),RMSE (train),MAE (train),MAPE (train),rRMSE (train),rMAE (train),rMAPE (train),maxError (train),R2 (train),rules,plain conditions count,complex conditions count,conditions_count,avg conditions per rule,avg rule quality,avg rule precision,avg rule coverage,training time total (s),training time growing (s),training time pruning (s),pvalue significance fdr,pvalue significance fwer,induction measure,pruning measure,voting measure
at_least_M-of-N,no_discretization,auto93,0,0.2204923009272862,0.1620639465534572,40667603581451.98,0.8032219533779712,0.5903758053018799,406676035814.5198,0.5456790123456791,0.4098009979636561,0.1255503595635064,0.0824224310143939,5754319210032.827,0.4359280702541835,0.2861819864369954,57543192100.32827,0.5382716049382716,0.6581335693021124,17,2.235294117647059,0.8823529411764706,53.0,3.1176470588235294,0.543486987657191,0.7839219603925486,0.134453781512605,2.3061635494232178,1.1377196640000002,0.331585787,0.4705882352941176,0.4705882352941176,C2,C2,C2
