model_type,variant,dataset,M-of-N count,RMSE (test),MAE (test),MAPE (test),rRMSE (test),rMAE (test),rMAPE (test),maxError (test),R2 (test),RMSE (train),MAE (train),MAPE (train),rRMSE (train),rMAE (train),rMAPE (train),maxError (train),R2 (train),rules,plain conditions count,complex conditions count,conditions_count,avg conditions per rule,avg rule quality,avg rule precision,avg rule coverage,training time total (s),training time growing (s),training time pruning (s),pvalue significance fdr,pvalue significance fwer,induction measure,pruning measure,voting measure
at_least_M-of-N,no_discretization,servo,0,0.184856421015208,0.1177892976737144,16661157250695.404,1.1980246844185924,0.7633734624875702,166611572506.95404,0.4592071013049481,0.3671846762807859,0.1505852410196289,0.0864659137480332,1765420635836.012,0.8051342889895982,0.4623074048690077,17654206358.36012,0.4878789357226288,0.5722325886904771,3,1,0.3333333333333333,4.0,1.3333333333333333,0.4476682127094025,0.6238555325511848,0.4128035320088299,0.0118813514709472,0.003982171,0.0005948889999999,0.3333333333333333,0.3333333333333333,C2,C2,C2
