model_type,variant,dataset,M-of-N count,RMSE (test),MAE (test),MAPE (test),rRMSE (test),rMAE (test),rMAPE (test),maxError (test),R2 (test),RMSE (train),MAE (train),MAPE (train),rRMSE (train),rMAE (train),rMAPE (train),maxError (train),R2 (train),rules,plain conditions count,complex conditions count,conditions_count,avg conditions per rule,avg rule quality,avg rule precision,avg rule coverage,training time total (s),training time growing (s),training time pruning (s),pvalue significance fdr,pvalue significance fwer,induction measure,pruning measure,voting measure
complex,no_discretization,pyrim,0,0.4720588537919641,0.4304824116839575,403916591579793.0,1.410666146740188,1.2864221485341605,4039165915797.93,0.7174999999999999,-1.4615605854828178,0.1450676914290442,0.0812747027818299,62521563008760.94,0.2078469040337982,0.1164469854249597,625215630087.6094,0.91625,0.2205685734624087,11,0.09090909090909091,2.909090909090909,33.0,3.0,0.4015144949962025,0.6903305028305028,0.1225895316804407,128.992425432,111.470951273,17.49722996,0.1818181818181818,0.0909090909090909,C2,C2,C2
