model_type,variant,dataset,M-of-N count,RMSE (test),MAE (test),MAPE (test),rRMSE (test),rMAE (test),rMAPE (test),maxError (test),R2 (test),RMSE (train),MAE (train),MAPE (train),rRMSE (train),rMAE (train),rMAPE (train),maxError (train),R2 (train),rules,plain conditions count,complex conditions count,conditions_count,avg conditions per rule,avg rule quality,avg rule precision,avg rule coverage,training time total (s),training time growing (s),training time pruning (s),pvalue significance fdr,pvalue significance fwer,induction measure,pruning measure,voting measure
exact_M-of-N,no_discretization,pwlinear,2.6875,0.2961918234866411,0.2521763529830387,105706759812740.0,0.84076785630671,0.7158258766665663,1057067598127.4,0.5318849207141917,-0.2981741488322635,0.1315369234682009,0.091471014065567,9444638538233.469,0.2824036285364175,0.1963839931550979,94446385382.33469,0.4558951965065503,0.5651365499549371,48,1.2291666666666667,0.7291666666666666,223.0,4.645833333333333,0.373912109874524,0.7787307253819405,0.0357638888888889,27.151437997817997,6.170634343,20.843977863,0.0416666666666666,0.0416666666666666,C2,C2,C2
