model_type,variant,dataset,M-of-N count,RMSE (test),MAE (test),MAPE (test),rRMSE (test),rMAE (test),rMAPE (test),maxError (test),R2 (test),RMSE (train),MAE (train),MAPE (train),rRMSE (train),rMAE (train),rMAPE (train),maxError (train),R2 (train),rules,plain conditions count,complex conditions count,conditions_count,avg conditions per rule,avg rule quality,avg rule precision,avg rule coverage,training time total (s),training time growing (s),training time pruning (s),pvalue significance fdr,pvalue significance fwer,induction measure,pruning measure,voting measure
at_least_M-of-N,no_discretization,dee,0,0.1625487753412562,0.1269880686781511,34579565398750.742,0.3103367737270395,0.2424445675008588,345795653987.50745,0.4116364142511597,0.5707912168165414,0.1375931983782548,0.1031831041433066,3736983198249.604,0.2827664453040699,0.2120505949271803,37369831982.49604,0.4544538059022303,0.6443462528829339,14,2.357142857142857,1.0714285714285714,48.0,3.4285714285714284,0.5121597897034984,0.8105299522297396,0.2194963091619626,227.0041193962097,5.760650696000001,8.565089958000002,0.9285714285714286,0.9285714285714286,C2,C2,C2
