model_type,variant,dataset,M-of-N count,RMSE (test),MAE (test),MAPE (test),rRMSE (test),rMAE (test),rMAPE (test),maxError (test),R2 (test),RMSE (train),MAE (train),MAPE (train),rRMSE (train),rMAE (train),rMAPE (train),maxError (train),R2 (train),rules,plain conditions count,complex conditions count,conditions_count,avg conditions per rule,avg rule quality,avg rule precision,avg rule coverage,training time total (s),training time growing (s),training time pruning (s),pvalue significance fdr,pvalue significance fwer,induction measure,pruning measure,voting measure
exact_M-of-N,no_discretization,breasttumor,0,0.2642367383635181,0.2275229400699981,80421421917330.73,0.4932419116119004,0.4247094881306632,804214219173.3074,0.5251410539188379,-0.0030849192649538,0.2016832545671035,0.1500506856341905,60899948589272.09,0.4079840024957873,0.3035367484210533,608999485892.721,0.5599999999999999,0.0145080298283311,21,1.4761904761904763,1.5714285714285714,64.0,3.0476190476190474,0.2122019068774913,0.7478992298593423,0.1170173495754891,0.2015509605407714,0.098832791,0.0817419489999999,0.0952380952380952,0.0952380952380952,C2,C2,C2
