model_type,variant,dataset,M-of-N count,RMSE (test),MAE (test),MAPE (test),rRMSE (test),rMAE (test),rMAPE (test),maxError (test),R2 (test),RMSE (train),MAE (train),MAPE (train),rRMSE (train),rMAE (train),rMAPE (train),maxError (train),R2 (train),rules,plain conditions count,complex conditions count,conditions_count,avg conditions per rule,avg rule quality,avg rule precision,avg rule coverage,training time total (s),training time growing (s),training time pruning (s),pvalue significance fdr,pvalue significance fwer,induction measure,pruning measure,voting measure
complex,no_discretization,cloud,0,0.2918291587103742,0.2225689882854599,40064203029241.01,0.7955861675348952,0.60676873135177,400642030292.4101,0.5858333333333333,0.0184748958252252,0.1558241388761258,0.0712229730704737,4543363230120.811,0.7791876348990915,0.3561454620415478,45433632301.20811,0.9083333333333332,0.2133656738488492,14,0.42857142857142855,2.7857142857142856,45.0,3.2142857142857144,0.6429240280397613,0.8478232980537129,0.158321060382916,17.686494341,17.521017463000003,0.152627041,0.9285714285714286,0.9285714285714286,C2,C2,C2
