model_type,variant,dataset,M-of-N count,RMSE (test),MAE (test),MAPE (test),rRMSE (test),rMAE (test),rMAPE (test),maxError (test),R2 (test),RMSE (train),MAE (train),MAPE (train),rRMSE (train),rMAE (train),rMAPE (train),maxError (train),R2 (train),rules,plain conditions count,complex conditions count,conditions_count,avg conditions per rule,avg rule quality,avg rule precision,avg rule coverage,training time total (s),training time growing (s),training time pruning (s),pvalue significance fdr,pvalue significance fwer,induction measure,pruning measure,voting measure
plain,no_discretization,pwlinear,0,0.2261480453030707,0.1817083042135479,53885864537097.04,0.389146117042434,0.3126760654698765,538858645370.9704,0.5624709001243844,0.3834861502813401,0.0838032396038521,0.0609896296589389,5987318281899.855,0.1834941720788709,0.1335418732326611,59873182818.99854,0.3283842794759826,0.8172574471695729,34,4.5,0.20588235294117646,160.0,4.705882352941177,0.4668995996290279,0.7825922035480861,0.0454248366013071,0.144672377,0.1217705929999999,0.016920366,0.8529411764705882,0.4411764705882353,C2,C2,C2
