model_type,variant,dataset,M-of-N count,RMSE (test),MAE (test),MAPE (test),rRMSE (test),rMAE (test),rMAPE (test),maxError (test),R2 (test),RMSE (train),MAE (train),MAPE (train),rRMSE (train),rMAE (train),rMAPE (train),maxError (train),R2 (train),rules,plain conditions count,complex conditions count,conditions_count,avg conditions per rule,avg rule quality,avg rule precision,avg rule coverage,training time total (s),training time growing (s),training time pruning (s),pvalue significance fdr,pvalue significance fwer,induction measure,pruning measure,voting measure
plain,no_discretization,auto93,0,0.459321069710688,0.3510659784748332,28972667620781.71,1.04148382085563,0.7960216953789823,289726676207.81714,0.9261122113542736,-0.660141375975752,0.1032116970831652,0.0665467478374861,3490682845877.557,0.438136366137104,0.28249269317086,34906828458.77557,0.4458715596330276,0.6717231805819341,19,3.210526315789474,0.05263157894736842,62.0,3.263157894736842,0.4567747973048202,0.7315531991228588,0.1077996195307546,0.211240694,0.188756174,0.016318832,0.5789473684210527,0.3157894736842105,C2,C2,C2
