model_type,variant,dataset,M-of-N count,RMSE (test),MAE (test),MAPE (test),rRMSE (test),rMAE (test),rMAPE (test),maxError (test),R2 (test),RMSE (train),MAE (train),MAPE (train),rRMSE (train),rMAE (train),rMAPE (train),maxError (train),R2 (train),rules,plain conditions count,complex conditions count,conditions_count,avg conditions per rule,avg rule quality,avg rule precision,avg rule coverage,training time total (s),training time growing (s),training time pruning (s),pvalue significance fdr,pvalue significance fwer,induction measure,pruning measure,voting measure
exact_M-of-N,no_discretization,cholesterol,0.4805194805194805,0.3284787490977718,0.2759224562956228,36049154757396.26,0.6659197990909778,0.5593732537211389,360491547573.9626,0.7202870797806045,-0.8231827035115675,0.1022907717677393,0.067983376089212,4368989552703.941,0.3710057250471871,0.2465737749481753,43689895527.03941,0.7357580984080225,0.2483349364808812,77,2.324675324675325,2.116883116883117,379.0,4.922077922077922,0.3663034787056493,0.816596824906354,0.0344893202036058,25.713846921920776,11.443171665,10.350826129,0.0909090909090909,0.0519480519480519,C2,C2,C2
