dataset,RMSE (test),MAE (test),MAPE (test),rRMSE (test),rMAE (test),rMAPE (test),maxError (test),R2 (test),RMSE (train),MAE (train),MAPE (train),rRMSE (train),rMAE (train),rMAPE (train),maxError (train),R2 (train),rules,conditions_count,avg conditions per rule
diabetes,0.39528470752104733,0.3333333333333333,656774945658197.4,0.6324555320336759,0.5333333333333334,6567749456581.974,0.5833333333333331,-0.011235955056180025,4.3546529746182126e-17,1.708035422500241e-17,2.928060724286128e-17,8.822413818707028e-17,3.460435401429059e-17,2.9280607242861276e-19,1.1102230246251565e-16,1.0,33,65,14.707692307692307
