model_type,variant,dataset,M-of-N count,RMSE (test),MAE (test),MAPE (test),rRMSE (test),rMAE (test),rMAPE (test),maxError (test),R2 (test),RMSE (train),MAE (train),MAPE (train),rRMSE (train),rMAE (train),rMAPE (train),maxError (train),R2 (train),rules,plain conditions count,complex conditions count,conditions_count,avg conditions per rule,avg rule quality,avg rule precision,avg rule coverage,training time total (s),training time growing (s),training time pruning (s),pvalue significance fdr,pvalue significance fwer,induction measure,pruning measure,voting measure
complex,no_discretization,auto93,0,0.3146261192429655,0.1954006463797944,15608806047971.531,0.910058612012226,0.5651979608640308,156088060479.71533,0.7192660550458716,0.0618070777809697,0.1466405387580923,0.0814174721950535,1672372076568.6687,0.6548828274651709,0.3636027584713249,16723720765.686687,0.7192660550458716,0.3072215785502937,11,1.4545454545454546,3.272727272727273,52.0,4.7272727272727275,0.5651162873379301,0.792840492840493,0.0984848484848484,300.110066477,284.78094613900004,15.312127492,0.8181818181818182,0.8181818181818182,C2,C2,C2
