model_type,variant,dataset,M-of-N count,RMSE (test),MAE (test),MAPE (test),rRMSE (test),rMAE (test),rMAPE (test),maxError (test),R2 (test),RMSE (train),MAE (train),MAPE (train),rRMSE (train),rMAE (train),rMAPE (train),maxError (train),R2 (train),rules,plain conditions count,complex conditions count,conditions_count,avg conditions per rule,avg rule quality,avg rule precision,avg rule coverage,training time total (s),training time growing (s),training time pruning (s),pvalue significance fdr,pvalue significance fwer,induction measure,pruning measure,voting measure
exact_M-of-N,no_discretization,cholesterol,0,0.2599315847579777,0.2309051150726272,59841644533218.78,1.2496913099655098,1.110138715929912,598416445332.1879,0.6013745704467354,-1.1764817848258016,0.1681627517544137,0.1288510295817146,6746073985840.501,0.4068136510742071,0.3117120601437364,67460739858.40501,0.5910652920962199,0.0141471677787634,9,0.5555555555555556,1.5555555555555556,19.0,2.111111111111111,0.2831516840279973,0.7816560001689742,0.12006512006512,0.0651164054870605,0.0419885829999999,0.008614257,0.0,0.0,C2,C2,C2
