model_type,variant,dataset,M-of-N count,RMSE (test),MAE (test),MAPE (test),rRMSE (test),rMAE (test),rMAPE (test),maxError (test),R2 (test),RMSE (train),MAE (train),MAPE (train),rRMSE (train),rMAE (train),rMAPE (train),maxError (train),R2 (train),rules,plain conditions count,complex conditions count,conditions_count,avg conditions per rule,avg rule quality,avg rule precision,avg rule coverage,training time total (s),training time growing (s),training time pruning (s),pvalue significance fdr,pvalue significance fwer,induction measure,pruning measure,voting measure
exact_M-of-N,no_discretization,fishcatch,0.18181818181818182,0.249648322380373,0.189257008362075,18017530013436.11,0.7069557476568421,0.5359392307153227,180175300134.36108,0.5903882503820227,0.1610897285630858,0.1465875647515307,0.084806197808134,2629515920701.841,0.5985303386243949,0.3462714069749893,26295159207.01841,0.7427625351148295,0.5650673106517277,11,0.8181818181818182,1.0909090909090908,23.0,2.090909090909091,0.7258199310481003,0.8461386839324754,0.2733674775928297,1.573103427886963,0.46077955,0.10914649,0.9090909090909092,0.7272727272727273,C2,C2,C2
