model_type,variant,dataset,M-of-N count,RMSE (test),MAE (test),MAPE (test),rRMSE (test),rMAE (test),rMAPE (test),maxError (test),R2 (test),RMSE (train),MAE (train),MAPE (train),rRMSE (train),rMAE (train),rMAPE (train),maxError (train),R2 (train),rules,plain conditions count,complex conditions count,conditions_count,avg conditions per rule,avg rule quality,avg rule precision,avg rule coverage,training time total (s),training time growing (s),training time pruning (s),pvalue significance fdr,pvalue significance fwer,induction measure,pruning measure,voting measure
complex,no_discretization,breasttumor,0,0.2800545214601148,0.2248886266488779,80421421917330.61,0.4290849029211062,0.3445626017055312,804214219173.3062,0.5,-0.3166396302580794,0.2036513571111694,0.1513832741719889,61095343782158.25,0.4156150145125906,0.3089454574938549,610953437821.5825,0.5,0.0392842558376849,22,0.4090909090909091,1.6818181818181819,46.0,2.090909090909091,0.4491526148186494,0.9059348727286012,0.0355884425651867,2.643079156,2.586917385999999,0.0465501609999999,0.5909090909090909,0.4545454545454545,C2,C2,C2
