model_type,variant,dataset,M-of-N count,RMSE (test),MAE (test),MAPE (test),rRMSE (test),rMAE (test),rMAPE (test),maxError (test),R2 (test),RMSE (train),MAE (train),MAPE (train),rRMSE (train),rMAE (train),rMAPE (train),maxError (train),R2 (train),rules,plain conditions count,complex conditions count,conditions_count,avg conditions per rule,avg rule quality,avg rule precision,avg rule coverage,training time total (s),training time growing (s),training time pruning (s),pvalue significance fdr,pvalue significance fwer,induction measure,pruning measure,voting measure
complex,no_discretization,cholesterol,0,0.3019716678379224,0.2448674691607522,109477387835753.95,0.992260772674374,0.8046198038773535,1094773878357.5396,0.7513387361698232,-0.1724148490113624,0.104511438345557,0.0685743981089466,4368989552703.98,0.3854554371774973,0.2529137003633195,43689895527.0398,0.7031963470319635,0.1808416918520221,61,0.4262295081967213,2.2295081967213113,162.0,2.6557377049180326,0.3770938168938464,0.8191487216111636,0.0317059989191136,47.250100185,45.97674503999999,1.2616329860000004,0.180327868852459,0.0327868852459016,C2,C2,C2
