model_type,variant,dataset,M-of-N count,RMSE (test),MAE (test),MAPE (test),rRMSE (test),rMAE (test),rMAPE (test),maxError (test),R2 (test),RMSE (train),MAE (train),MAPE (train),rRMSE (train),rMAE (train),rMAPE (train),maxError (train),R2 (train),rules,plain conditions count,complex conditions count,conditions_count,avg conditions per rule,avg rule quality,avg rule precision,avg rule coverage,training time total (s),training time growing (s),training time pruning (s),pvalue significance fdr,pvalue significance fwer,induction measure,pruning measure,voting measure
complex,no_discretization,auto-mpg,0,0.2282946513646345,0.166896183208431,15355972542862.11,0.4983910504570972,0.364351786471225,153559725428.6211,0.5800405268490376,0.2133292992016262,0.1667016320989092,0.1191161957692551,1668197574294.504,0.4286023715212885,0.306256653582163,16681975742.94504,0.6382978723404255,0.3670349853250267,15,1.2666666666666666,4.866666666666666,92.0,6.133333333333334,0.6686795230497253,0.9181387573305382,0.1500464252553389,606.500015262,600.886305345,5.597205215000001,1.0,1.0,C2,C2,C2
