model_type,variant,dataset,M-of-N count,RMSE (test),MAE (test),MAPE (test),rRMSE (test),rMAE (test),rMAPE (test),maxError (test),R2 (test),RMSE (train),MAE (train),MAPE (train),rRMSE (train),rMAE (train),rMAPE (train),maxError (train),R2 (train),rules,plain conditions count,complex conditions count,conditions_count,avg conditions per rule,avg rule quality,avg rule precision,avg rule coverage,training time total (s),training time growing (s),training time pruning (s),pvalue significance fdr,pvalue significance fwer,induction measure,pruning measure,voting measure
exact_M-of-N,no_discretization,mbagrade,0,0.356206795831204,0.323081217969359,462833489401778.9,0.6680904395255965,0.6059611311231073,4628334894017.789,0.6166180758017494,-0.0570830542125877,0.2563824598222215,0.1691239239845217,70842469622168.45,0.4649065318927484,0.306677832072668,708424696221.6846,0.8651603498542277,-0.0957338889811429,11,0.8181818181818182,1.6363636363636365,27.0,2.4545454545454546,0.3704393948921829,0.7595500459136822,0.1834710743801652,0.1139261722564697,0.06997534,0.020612533,0.0909090909090909,0.0909090909090909,C2,C2,C2
