model_type,variant,dataset,M-of-N count,RMSE (test),MAE (test),MAPE (test),rRMSE (test),rMAE (test),rMAPE (test),maxError (test),R2 (test),RMSE (train),MAE (train),MAPE (train),rRMSE (train),rMAE (train),rMAPE (train),maxError (train),R2 (train),rules,plain conditions count,complex conditions count,conditions_count,avg conditions per rule,avg rule quality,avg rule precision,avg rule coverage,training time total (s),training time growing (s),training time pruning (s),pvalue significance fdr,pvalue significance fwer,induction measure,pruning measure,voting measure
at_least_M-of-N,no_discretization,ozone,0,0.2150834104245174,0.1693908631010895,62595722054705.65,0.6015044528821248,0.4737202103674538,625957220547.0565,0.4862739173906277,0.4258723791073986,0.138756891373076,0.1008551561180358,3889231592421.877,0.4772455334268333,0.3468849172397795,38892315924.218765,0.6090692533940912,0.5975679306474764,37,3.324324324324324,1.7567567567567568,188.0,5.081081081081081,0.4801915769566258,0.8606026303438226,0.0757120757120757,2147.7256104946136,39.53259161300001,75.084130209,0.6486486486486487,0.5135135135135135,C2,C2,C2
