model_type,variant,dataset,M-of-N count,RMSE (test),MAE (test),MAPE (test),rRMSE (test),rMAE (test),rMAPE (test),maxError (test),R2 (test),RMSE (train),MAE (train),MAPE (train),rRMSE (train),rMAE (train),rMAPE (train),maxError (train),R2 (train),rules,plain conditions count,complex conditions count,conditions_count,avg conditions per rule,avg rule quality,avg rule precision,avg rule coverage,training time total (s),training time growing (s),training time pruning (s),pvalue significance fdr,pvalue significance fwer,induction measure,pruning measure,voting measure
exact_M-of-N,no_discretization,pyrim,3.076923076923077,0.3979081720568983,0.3743647487423203,371546969258067.0,1.0255126067005778,0.9648350958839976,3715469692580.67,0.66,-0.80554587613396,0.1189352297835267,0.0715528881403503,45974246196073.88,0.1687613913243452,0.101528916014364,459742461960.7388,0.67375,0.4319723464182948,13,0.3076923076923077,0,44.0,3.3846153846153846,0.4032323274246374,0.7347117326921542,0.1538461538461538,4.547015905380249,1.278523673,3.188149248,0.5384615384615384,0.3076923076923077,C2,C2,C2
