model_type,variant,dataset,M-of-N count,RMSE (test),MAE (test),MAPE (test),rRMSE (test),rMAE (test),rMAPE (test),maxError (test),R2 (test),RMSE (train),MAE (train),MAPE (train),rRMSE (train),rMAE (train),rMAPE (train),maxError (train),R2 (train),rules,plain conditions count,complex conditions count,conditions_count,avg conditions per rule,avg rule quality,avg rule precision,avg rule coverage,training time total (s),training time growing (s),training time pruning (s),pvalue significance fdr,pvalue significance fwer,induction measure,pruning measure,voting measure
at_least_M-of-N,no_discretization,echomonths,0.47368421052631576,0.3322730579731378,0.2321738578028399,44712561682520.52,0.7348611614094707,0.5134799427755754,447125616825.20514,0.7369947941628765,0.096787552990877,0.2218424039649437,0.1405153289946435,12971086914898.305,0.5618940341975731,0.3559045685777736,129710869148.98305,0.9298245614035088,0.3761386376937364,19,1.7894736842105263,2.210526315789474,85.0,4.473684210526316,0.5391804617905231,0.8662881180357914,0.1367521367521368,2.616705179214477,1.412592569,0.557623802,0.4736842105263157,0.3684210526315789,C2,C2,C2
