model_type,variant,dataset,M-of-N count,RMSE (test),MAE (test),MAPE (test),rRMSE (test),rMAE (test),rMAPE (test),maxError (test),R2 (test),RMSE (train),MAE (train),MAPE (train),rRMSE (train),rMAE (train),rMAPE (train),maxError (train),R2 (train),rules,plain conditions count,complex conditions count,conditions_count,avg conditions per rule,avg rule quality,avg rule precision,avg rule coverage,training time total (s),training time growing (s),training time pruning (s),pvalue significance fdr,pvalue significance fwer,induction measure,pruning measure,voting measure
exact_M-of-N,no_discretization,auto-mpg,0.6666666666666666,0.2020328231339478,0.1451996783432141,15210917507567.527,0.5018285016777269,0.3606608861707251,152109175075.67526,0.5889136576322063,0.5413094590645067,0.1395292526583947,0.1019064709008337,2115984868626.2532,0.3564779479158275,0.2603569426048063,21159848686.26253,0.5307549683133822,0.5529112918352076,9,0.7777777777777778,0.6666666666666666,19.0,2.111111111111111,0.5891739980166943,0.8549348229938596,0.1840471756672873,2.5615434646606445,0.3335424880000001,0.257161848,0.8888888888888888,0.8888888888888888,C2,C2,C2
