model_type,variant,dataset,M-of-N count,RMSE (test),MAE (test),MAPE (test),rRMSE (test),rMAE (test),rMAPE (test),maxError (test),R2 (test),RMSE (train),MAE (train),MAPE (train),rRMSE (train),rMAE (train),rMAPE (train),maxError (train),R2 (train),rules,plain conditions count,complex conditions count,conditions_count,avg conditions per rule,avg rule quality,avg rule precision,avg rule coverage,training time total (s),training time growing (s),training time pruning (s),pvalue significance fdr,pvalue significance fwer,induction measure,pruning measure,voting measure
exact_M-of-N,no_discretization,veteran,0.631578947368421,0.2677891563054431,0.1223124858499233,15399505833389.729,1.9216241780458063,0.8777003271111199,153995058333.89728,0.9330320963802352,-0.0827683546786623,0.1411560039487198,0.0717786161412644,1903463192050.317,1.177355010513986,0.5986915965145826,19034631920.50317,0.9131313131313132,0.0409010882799277,19,1.105263157894737,1.2105263157894737,56.0,2.9473684210526314,0.4248194818594455,0.8276508568472885,0.1595925297113752,1.47436261177063,0.61434183,0.196474888,0.5263157894736842,0.2105263157894736,C2,C2,C2
