dataset,RMSE (test),MAE (test),MAPE (test),rRMSE (test),rMAE (test),rMAPE (test),maxError (test),R2 (test),RMSE (train),MAE (train),MAPE (train),rRMSE (train),rMAE (train),rMAPE (train),maxError (train),R2 (train),rules,conditions_count,avg conditions per rule
cloud,0.5586537074036902,0.4481934731934732,26612179616280.887,1.0616276433053515,0.85171650055371,266121796162.80887,0.9285897435897436,-1.578994920638484,0.0,0.0,0.0,0.0,0.0,0.0,0.0,1.0,96,191,31.528795811518325
cloud,0.2972930137795183,0.1506669790690409,75059993789508.62,1.3521383022282436,0.6852585961921001,750599937895.0863,0.935,-0.3502297835601504,0.0,0.0,0.0,0.0,0.0,0.0,0.0,1.0,95,189,36.16931216931217
cloud,0.3714882800005425,0.2792164965159617,49812541333038.16,1.0410781906827191,0.7824909173478655,498125413330.3816,0.8733333333333333,-0.6808308189776491,0.0,0.0,0.0,0.0,0.0,0.0,0.0,1.0,95,189,33.07936507936508
cloud,0.4063631195616543,0.3133986655546288,27294543196186.65,1.068485483233385,0.8240460526315788,272945431961.8665,0.8683333333333333,-0.5237978630242985,0.0,0.0,0.0,0.0,0.0,0.0,0.0,1.0,96,191,32.17801047120419
cloud,0.4664045668672263,0.3273518369536068,73695266629700.11,1.2732230086734169,0.8936273792093706,736952666297.0011,0.935,-0.6985873756478729,0.0,0.0,0.0,0.0,0.0,0.0,0.0,1.0,95,189,36.37037037037037
cloud,0.3550565997060425,0.261635305675206,31388724675613.297,0.9679571454285252,0.7132715286361765,313887246756.133,0.8733333333333333,-0.4529117126176509,0.0,0.0,0.0,0.0,0.0,0.0,0.0,1.0,96,191,31.717277486910994
cloud,0.3515510663230299,0.2381630693250412,98853476364453.69,1.581851401424298,1.07164682764226,988534763644.5367,0.8511066398390342,-0.0922883864817476,0.0,0.0,0.0,0.0,0.0,0.0,0.0,1.0,96,191,33.47643979057592
cloud,0.4863062226527169,0.34495670995671,73695266629699.58,1.1426288317777438,0.8105129322871258,736952666296.9957,0.9066666666666666,-0.7004682280890202,0.0,0.0,0.0,0.0,0.0,0.0,0.0,1.0,96,191,37.13089005235602
cloud,0.4521046408952135,0.397520325203252,29273397577908.863,0.8489903943528437,0.7464885496183207,292733975779.0886,0.82,-2.074361500223691,0.0,0.0,0.0,0.0,0.0,0.0,0.0,1.0,96,191,36.96335078534032
