model_type,variant,dataset,M-of-N count,RMSE (test),MAE (test),MAPE (test),rRMSE (test),rMAE (test),rMAPE (test),maxError (test),R2 (test),RMSE (train),MAE (train),MAPE (train),rRMSE (train),rMAE (train),rMAPE (train),maxError (train),R2 (train),rules,plain conditions count,complex conditions count,conditions_count,avg conditions per rule,avg rule quality,avg rule precision,avg rule coverage,training time total (s),training time growing (s),training time pruning (s),pvalue significance fdr,pvalue significance fwer,induction measure,pruning measure,voting measure
at_least_M-of-N,no_discretization,diabetes,0,0.2827696302820751,0.2434733234920898,175139985508852.94,0.4813100089907661,0.4144226782844082,1751399855088.5293,0.5,0.3571162708754858,0.1545954916536774,0.1050359462422788,23044734935375.59,0.3209205350261468,0.2180412359020295,230447349353.7559,0.5,0.4163228573911771,12,1.25,1.5833333333333333,34.0,2.8333333333333335,0.5350830833423635,0.844090413943355,0.1469298245614035,0.5914418697357178,0.0853418159999999,0.0282582509999999,0.4166666666666667,0.3333333333333333,C2,C2,C2
