model_type,variant,dataset,M-of-N count,RMSE (test),MAE (test),MAPE (test),rRMSE (test),rMAE (test),rMAPE (test),maxError (test),R2 (test),RMSE (train),MAE (train),MAPE (train),rRMSE (train),rMAE (train),rMAPE (train),maxError (train),R2 (train),rules,plain conditions count,complex conditions count,conditions_count,avg conditions per rule,avg rule quality,avg rule precision,avg rule coverage,training time total (s),training time growing (s),training time pruning (s),pvalue significance fdr,pvalue significance fwer,induction measure,pruning measure,voting measure
at_least_M-of-N,no_discretization,machine,0.18181818181818182,0.1735992033307934,0.1025929559696428,5344089532836.424,1.1617537507796882,0.686568538993786,53440895328.36424,0.639245823404526,0.3804666094733677,0.1119354749089226,0.0405477135253196,1157309719862.549,1.2376497388344476,0.4483285311986967,11573097198.62549,0.9748524749928604,0.4076321415213709,11,1.8181818181818181,2.090909090909091,45.0,4.090909090909091,0.6487839277725054,0.9207408418262102,0.341029341029341,53.152608156204224,2.611911152,2.00763147,0.5454545454545454,0.5454545454545454,C2,C2,C2
