model_type,variant,dataset,M-of-N count,RMSE (test),MAE (test),MAPE (test),rRMSE (test),rMAE (test),rMAPE (test),maxError (test),R2 (test),RMSE (train),MAE (train),MAPE (train),rRMSE (train),rMAE (train),rMAPE (train),maxError (train),R2 (train),rules,plain conditions count,complex conditions count,conditions_count,avg conditions per rule,avg rule quality,avg rule precision,avg rule coverage,training time total (s),training time growing (s),training time pruning (s),pvalue significance fdr,pvalue significance fwer,induction measure,pruning measure,voting measure
at_least_M-of-N,no_discretization,auto93,0.5,0.3212463012463378,0.229924907747584,44397024389454.11,0.9611271451922953,0.6879054150496823,443970243894.5411,0.8239299709740447,-0.2852587479622996,0.157319767784487,0.1040940001956302,5349039083067.44,0.6871062755364751,0.4546386114559557,53490390830.67441,0.7009174311926606,0.25657289843628,6,1.6666666666666667,0.16666666666666666,14.0,2.3333333333333335,0.4127346914376128,0.7813685636856369,0.2791164658634538,0.0571084022521972,0.034802978,0.002175196,0.6666666666666666,0.3333333333333333,C2,C2,C2
