model_type,variant,dataset,M-of-N count,RMSE (test),MAE (test),MAPE (test),rRMSE (test),rMAE (test),rMAPE (test),maxError (test),R2 (test),RMSE (train),MAE (train),MAPE (train),rRMSE (train),rMAE (train),rMAPE (train),maxError (train),R2 (train),rules,plain conditions count,complex conditions count,conditions_count,avg conditions per rule,avg rule quality,avg rule precision,avg rule coverage,training time total (s),training time growing (s),training time pruning (s),pvalue significance fdr,pvalue significance fwer,induction measure,pruning measure,voting measure
plain,no_discretization,auto-price,0,0.1516652530935363,0.1179715312175108,23305063262880.6,0.6146209220981372,0.4780776731603652,233050632628.806,0.3315457065427567,0.6199315172604369,0.1130618108296903,0.0721912537421659,2921304534082.273,0.5249556826885409,0.3351901814967967,29213045340.82273,0.5536776003741064,0.6752460486420576,12,3,0.08333333333333333,37.0,3.0833333333333335,0.5443373079081064,0.8183431674571816,0.1561771561771562,1.350241095,1.136983249,0.208053886,0.4166666666666667,0.4166666666666667,C2,C2,C2
