model_type,variant,dataset,M-of-N count,RMSE (test),MAE (test),MAPE (test),rRMSE (test),rMAE (test),rMAPE (test),maxError (test),R2 (test),RMSE (train),MAE (train),MAPE (train),rRMSE (train),rMAE (train),rMAPE (train),maxError (train),R2 (train),rules,plain conditions count,complex conditions count,conditions_count,avg conditions per rule,avg rule quality,avg rule precision,avg rule coverage,training time total (s),training time growing (s),training time pruning (s),pvalue significance fdr,pvalue significance fwer,induction measure,pruning measure,voting measure
complex,no_discretization,lowbwt,0,0.2381406379245326,0.2014374576793478,85126530964204.75,0.5432330398174587,0.4595078077473306,851265309642.0475,0.4636767110488203,0.3973608964805248,0.1257642837684173,0.0932216950378291,9025912910770.572,0.2389171109838631,0.1770952562372085,90259129107.70572,0.4636767110488203,0.4428358460215805,9,0.8888888888888888,4,44.0,4.888888888888889,0.5500096852848906,0.8322623055956389,0.0901960784313725,4.18022107,3.913176052,0.255646801,0.7777777777777778,0.7777777777777778,C2,C2,C2
