model_type,variant,dataset,M-of-N count,RMSE (test),MAE (test),MAPE (test),rRMSE (test),rMAE (test),rMAPE (test),maxError (test),R2 (test),RMSE (train),MAE (train),MAPE (train),rRMSE (train),rMAE (train),rMAPE (train),maxError (train),R2 (train),rules,plain conditions count,complex conditions count,conditions_count,avg conditions per rule,avg rule quality,avg rule precision,avg rule coverage,training time total (s),training time growing (s),training time pruning (s),pvalue significance fdr,pvalue significance fwer,induction measure,pruning measure,voting measure
complex,no_discretization,strike,0,0.1533150702112123,0.066011829599544,299316543916.5171,2.093602989293441,0.9014284348429796,2993165439.1651707,0.9888891242190974,-0.1658885209827387,0.0797736015828805,0.0344048315574509,470442634445.6347,1.92237320829307,0.8290828683867908,4704426344.456347,0.9938488182355392,-0.1234402581312261,31,1.5806451612903225,6.903225806451613,263.0,8.483870967741936,0.5343404125416928,0.939966133064699,0.1108942716106072,3261.369003744,3203.948831140999,57.399944001,0.9032258064516128,0.7741935483870968,C2,C2,C2
