model_type,variant,dataset,M-of-N count,RMSE (test),MAE (test),MAPE (test),rRMSE (test),rMAE (test),rMAPE (test),maxError (test),R2 (test),RMSE (train),MAE (train),MAPE (train),rRMSE (train),rMAE (train),rMAPE (train),maxError (train),R2 (train),rules,plain conditions count,complex conditions count,conditions_count,avg conditions per rule,avg rule quality,avg rule precision,avg rule coverage,training time total (s),training time growing (s),training time pruning (s),pvalue significance fdr,pvalue significance fwer,induction measure,pruning measure,voting measure
exact_M-of-N,no_discretization,cloud,0.3333333333333333,0.3275235724943864,0.2200309168821403,41270305337668.79,0.8940961946058325,0.6006554092631783,412703053376.6879,0.6950000000000001,0.1623792480095935,0.1492606514270316,0.0857997888051753,4680137718705.586,0.7298748036509196,0.4195553443506305,46801377187.05586,0.7525309982511159,0.2792177530599298,6,0.3333333333333333,1.5,13.0,2.1666666666666665,0.6645086265298753,0.8999640934723335,0.4261168384879725,2.395591735839844,0.2045229069999999,0.018074149,0.8333333333333334,0.8333333333333334,C2,C2,C2
