model_type,variant,dataset,M-of-N count,RMSE (test),MAE (test),MAPE (test),rRMSE (test),rMAE (test),rMAPE (test),maxError (test),R2 (test),RMSE (train),MAE (train),MAPE (train),rRMSE (train),rMAE (train),rMAPE (train),maxError (train),R2 (train),rules,plain conditions count,complex conditions count,conditions_count,avg conditions per rule,avg rule quality,avg rule precision,avg rule coverage,training time total (s),training time growing (s),training time pruning (s),pvalue significance fdr,pvalue significance fwer,induction measure,pruning measure,voting measure
at_least_M-of-N,no_discretization,fishcatch,0,0.2337992722567804,0.1794449294153391,14153480650344.408,0.6620743041408571,0.5081533215543205,141534806503.4441,0.5688203562471641,0.2642258631479843,0.1388925178211076,0.0821725729405286,2498796208102.815,0.5671107632135914,0.3355180774787979,24987962081.02815,0.7148884716585944,0.6095319605154244,7,0.8571428571428571,1.1428571428571428,14.0,2.0,0.6069277147222254,0.7707597004701413,0.2354124748490945,1.2841854095458984,0.236652073,0.071128669,0.8571428571428571,0.7142857142857143,C2,C2,C2
