model_type,variant,dataset,M-of-N count,RMSE (test),MAE (test),MAPE (test),rRMSE (test),rMAE (test),rMAPE (test),maxError (test),R2 (test),RMSE (train),MAE (train),MAPE (train),rRMSE (train),rMAE (train),rMAPE (train),maxError (train),R2 (train),rules,plain conditions count,complex conditions count,conditions_count,avg conditions per rule,avg rule quality,avg rule precision,avg rule coverage,training time total (s),training time growing (s),training time pruning (s),pvalue significance fdr,pvalue significance fwer,induction measure,pruning measure,voting measure
complex,no_discretization,pwlinear,0,0.2757416501253649,0.2300802235266563,108182926743220.52,0.8216991501364704,0.6856299149914737,1081829267432.2052,0.5924916834442417,-0.4915734576468182,0.1185354598054476,0.0776392871189741,10663308164129.58,0.2415736911134764,0.1582278349072351,106633081641.2958,0.5549860205032616,0.6757220735611464,44,0.022727272727272728,3.9545454545454546,175.0,3.977272727272727,0.3896412942625247,0.7622549104935469,0.0359848484848484,1.937977941,1.767015518,0.1592732739999999,0.1590909090909091,0.0909090909090909,C2,C2,C2
