model_type,variant,dataset,M-of-N count,RMSE (test),MAE (test),MAPE (test),rRMSE (test),rMAE (test),rMAPE (test),maxError (test),R2 (test),RMSE (train),MAE (train),MAPE (train),rRMSE (train),rMAE (train),rMAPE (train),maxError (train),R2 (train),rules,plain conditions count,complex conditions count,conditions_count,avg conditions per rule,avg rule quality,avg rule precision,avg rule coverage,training time total (s),training time growing (s),training time pruning (s),pvalue significance fdr,pvalue significance fwer,induction measure,pruning measure,voting measure
plain,no_discretization,machine,0,0.2807076540592387,0.191337222386011,5285310953344.176,1.0965265423600752,0.7474193875861942,52853109533.44176,0.7306242299257935,0.0413451237035942,0.0740460038247205,0.0382150839462167,1180760957662.7822,0.8257400256450435,0.426163773435691,11807609576.627825,0.4983946714189707,0.7426389380110667,13,2.4615384615384617,0.3076923076923077,36.0,2.769230769230769,0.5904834154225954,0.8024774918963469,0.1513911620294599,1.344655477,1.094631726,0.2463296079999999,0.6923076923076923,0.6153846153846154,C2,C2,C2
