model_type,variant,dataset,M-of-N count,RMSE (test),MAE (test),MAPE (test),rRMSE (test),rMAE (test),rMAPE (test),maxError (test),R2 (test),RMSE (train),MAE (train),MAPE (train),rRMSE (train),rMAE (train),rMAPE (train),maxError (train),R2 (train),rules,plain conditions count,complex conditions count,conditions_count,avg conditions per rule,avg rule quality,avg rule precision,avg rule coverage,training time total (s),training time growing (s),training time pruning (s),pvalue significance fdr,pvalue significance fwer,induction measure,pruning measure,voting measure
exact_M-of-N,no_discretization,auto93,0.09090909090909091,0.3191310944144331,0.2448764303826825,19121255177457.17,0.690728688513894,0.530011580089215,191212551774.5717,0.7302406994539811,-0.3652292766488181,0.1310468232197112,0.0807404585062625,1982190767695.8591,0.6063730614099467,0.3735980606107597,19821907676.95859,0.656880733944954,0.4630506056037262,11,2.3636363636363638,0.8181818181818182,36.0,3.272727272727273,0.5695964552159313,0.821043771043771,0.1653888280394304,0.2980031967163086,0.157270723,0.021314099,0.9090909090909092,0.9090909090909092,C2,C2,C2
