model_type,variant,dataset,M-of-N count,RMSE (test),MAE (test),MAPE (test),rRMSE (test),rMAE (test),rMAPE (test),maxError (test),R2 (test),RMSE (train),MAE (train),MAPE (train),rRMSE (train),rMAE (train),rMAPE (train),maxError (train),R2 (train),rules,plain conditions count,complex conditions count,conditions_count,avg conditions per rule,avg rule quality,avg rule precision,avg rule coverage,training time total (s),training time growing (s),training time pruning (s),pvalue significance fdr,pvalue significance fwer,induction measure,pruning measure,voting measure
plain,no_discretization,kidney,0,0.2765473653175277,0.2508228845809612,90917145671147.28,0.680731976166222,0.6174101774300584,909171456711.4728,0.3875940828236772,0.306956389819436,0.1514488388457048,0.1024099851999708,27595418304712.63,0.4291050433961637,0.2901616247332508,275954183047.1263,0.3928571428571429,0.6333485786315298,21,2.5238095238095237,0.14285714285714285,56.0,2.6666666666666665,0.5217666891754392,0.8396326496615638,0.0938375350140055,0.233238963,0.2172850009999999,0.0134915139999999,0.4761904761904761,0.4761904761904761,C2,C2,C2
