model_type,variant,dataset,M-of-N count,RMSE (test),MAE (test),MAPE (test),rRMSE (test),rMAE (test),rMAPE (test),maxError (test),R2 (test),RMSE (train),MAE (train),MAPE (train),rRMSE (train),rMAE (train),rMAPE (train),maxError (train),R2 (train),rules,plain conditions count,complex conditions count,conditions_count,avg conditions per rule,avg rule quality,avg rule precision,avg rule coverage,training time total (s),training time growing (s),training time pruning (s),pvalue significance fdr,pvalue significance fwer,induction measure,pruning measure,voting measure
at_least_M-of-N,no_discretization,cholesterol,0.33783783783783783,0.3488747482975437,0.2844547111437779,40601534584744.08,0.683648460214963,0.5574121550020622,406015345847.4408,0.7598894857529501,-1.072880083789061,0.1053591948563964,0.0677765564316342,4293662146622.867,0.3805074259494018,0.2447767664005628,42936621466.22867,0.7535661028079687,0.2258282749633104,74,2.22972972972973,1.9864864864864864,337.0,4.554054054054054,0.3777189046627023,0.806655432831903,0.0414810414810414,7.779152393341064,4.791320861,2.119595058,0.2027027027027027,0.0405405405405405,C2,C2,C2
