model_type,variant,dataset,M-of-N count,RMSE (test),MAE (test),MAPE (test),rRMSE (test),rMAE (test),rMAPE (test),maxError (test),R2 (test),RMSE (train),MAE (train),MAPE (train),rRMSE (train),rMAE (train),rMAPE (train),maxError (train),R2 (train),rules,plain conditions count,complex conditions count,conditions_count,avg conditions per rule,avg rule quality,avg rule precision,avg rule coverage,training time total (s),training time growing (s),training time pruning (s),pvalue significance fdr,pvalue significance fwer,induction measure,pruning measure,voting measure
plain,no_discretization,cpu,0,0.1924027987579121,0.1058292991437609,4389750265159.9023,1.3735953287070826,0.7555328294736495,43897502651.59902,0.7231526022552477,0.2618927121835824,0.0658485419167429,0.029634572721237,980688889025.8932,0.9156431903033084,0.4120773812130454,9806888890.25893,0.498121408369487,0.7477604966379571,19,2.0526315789473686,0.3157894736842105,45.0,2.3684210526315788,0.5072450176616577,0.7459097324499876,0.1268197088465845,2.365009135,2.044255365,0.317150652,0.7368421052631579,0.7368421052631579,C2,C2,C2
