model_type,variant,dataset,M-of-N count,RMSE (test),MAE (test),MAPE (test),rRMSE (test),rMAE (test),rMAPE (test),maxError (test),R2 (test),RMSE (train),MAE (train),MAPE (train),rRMSE (train),rMAE (train),rMAPE (train),maxError (train),R2 (train),rules,plain conditions count,complex conditions count,conditions_count,avg conditions per rule,avg rule quality,avg rule precision,avg rule coverage,training time total (s),training time growing (s),training time pruning (s),pvalue significance fdr,pvalue significance fwer,induction measure,pruning measure,voting measure
exact_M-of-N,no_discretization,ele-1,0,0.11333887952719479,0.06965881773339973,1213511079930.6748,0.5272482982576011,0.3240502576148985,12135110799.306747,0.8903225806451613,0.4354371087108424,0.11538483744847462,0.07062621165143648,1336087956691.3064,0.5322721004985098,0.32579984387246186,13360879566.913063,0.8903225806451613,0.4225951054348245,22,56,5,61.00000000000001,2.772727272727273,0.4275806207016513,0.7925577703620464,0.10927456382001836,4228.08615732193,71.15181100700002,1508.8074624110002,0.8636363636363636,0.7727272727272727,C2,C2,C2
