model_type,variant,dataset,M-of-N count,RMSE (test),MAE (test),MAPE (test),rRMSE (test),rMAE (test),rMAPE (test),maxError (test),R2 (test),RMSE (train),MAE (train),MAPE (train),rRMSE (train),rMAE (train),rMAPE (train),maxError (train),R2 (train),rules,plain conditions count,complex conditions count,conditions_count,avg conditions per rule,avg rule quality,avg rule precision,avg rule coverage,training time total (s),training time growing (s),training time pruning (s),pvalue significance fdr,pvalue significance fwer,induction measure,pruning measure,voting measure
complex,no_discretization,breasttumor,0,0.2588025848367506,0.2250294125870533,80421421917330.75,0.4830981583619345,0.4200549034958329,804214219173.3075,0.5,0.0377486691077656,0.202388218411895,0.1520071502387066,61095343782158.25,0.4094100701761714,0.3074944704530837,610953437821.5825,0.5,0.0076066100688444,18,0.2777777777777778,1.7777777777777777,37.0,2.0555555555555554,0.4876257331955876,0.9532882947490118,0.0376830318690783,1.869940478,1.807058014,0.053659357,0.9444444444444444,0.8333333333333334,C2,C2,C2
