model_type,variant,dataset,M-of-N count,RMSE (test),MAE (test),MAPE (test),rRMSE (test),rMAE (test),rMAPE (test),maxError (test),R2 (test),RMSE (train),MAE (train),MAPE (train),rRMSE (train),rMAE (train),rMAPE (train),maxError (train),R2 (train),rules,plain conditions count,complex conditions count,conditions_count,avg conditions per rule,avg rule quality,avg rule precision,avg rule coverage,training time total (s),training time growing (s),training time pruning (s),pvalue significance fdr,pvalue significance fwer,induction measure,pruning measure,voting measure
complex,no_discretization,pwlinear,0,0.3051498268604927,0.2522731620092064,39234415967704.11,0.5250890852485267,0.4341011274200325,392344159677.0411,0.543836718158909,-0.1224924186209748,0.1057962464938639,0.072417174687315,10139108331392.326,0.2316496921981924,0.1585634347353921,101391083313.92326,0.4358078602620088,0.7087549237784205,45,0.044444444444444446,3.688888888888889,168.0,3.7333333333333334,0.3855141118282565,0.7425711978653157,0.0335802469135802,2.161562963,1.968217372,0.180320159,0.3111111111111111,0.0444444444444444,C2,C2,C2
