model_type,variant,dataset,M-of-N count,RMSE (test),MAE (test),MAPE (test),rRMSE (test),rMAE (test),rMAPE (test),maxError (test),R2 (test),RMSE (train),MAE (train),MAPE (train),rRMSE (train),rMAE (train),rMAPE (train),maxError (train),R2 (train),rules,plain conditions count,complex conditions count,conditions_count,avg conditions per rule,avg rule quality,avg rule precision,avg rule coverage,training time total (s),training time growing (s),training time pruning (s),pvalue significance fdr,pvalue significance fwer,induction measure,pruning measure,voting measure
at_least_M-of-N,no_discretization,auto-mpg,0,0.1461399596750992,0.1174251124594207,44916219687871.27,0.4177334007151238,0.3356535178063806,449162196878.7127,0.4281914893617021,0.7018520395237678,0.1302213479577431,0.0935376849651311,1672857344055.056,0.3384729127577024,0.2431242893679303,16728573440.55056,0.4973404255319149,0.5996334551935054,13,1.2307692307692308,3.076923076923077,56.0,4.3076923076923075,0.631551776907039,0.8765917692211804,0.2249677696605071,7.947253704071045,1.527825466,1.200905834,1.0,1.0,C2,C2,C2
