model_type,variant,dataset,M-of-N count,RMSE (test),MAE (test),MAPE (test),rRMSE (test),rMAE (test),rMAPE (test),maxError (test),R2 (test),RMSE (train),MAE (train),MAPE (train),rRMSE (train),rMAE (train),rMAPE (train),maxError (train),R2 (train),rules,plain conditions count,complex conditions count,conditions_count,avg conditions per rule,avg rule quality,avg rule precision,avg rule coverage,training time total (s),training time growing (s),training time pruning (s),pvalue significance fdr,pvalue significance fwer,induction measure,pruning measure,voting measure
plain,no_discretization,elusage,0,0.3275110524632035,0.2994072147528458,398141873181749.6,0.6937137588731627,0.6341859391242276,3981418731817.496,0.4614632961482401,0.0692528279884848,0.1819236162132397,0.1174120201057581,10183964476566.514,0.5489023083461368,0.3542570789055336,101839644765.66512,0.5579737253262329,0.4535744215725739,9,1.2222222222222223,0,11.0,1.2222222222222223,0.3449230335310095,0.6333333333333333,0.1266666666666666,0.020150062,0.017207171,0.000829869,0.6666666666666666,0.3333333333333333,C2,C2,C2
