model_type,variant,dataset,M-of-N count,RMSE (test),MAE (test),MAPE (test),rRMSE (test),rMAE (test),rMAPE (test),maxError (test),R2 (test),RMSE (train),MAE (train),MAPE (train),rRMSE (train),rMAE (train),rMAPE (train),maxError (train),R2 (train),rules,plain conditions count,complex conditions count,conditions_count,avg conditions per rule,avg rule quality,avg rule precision,avg rule coverage,training time total (s),training time growing (s),training time pruning (s),pvalue significance fdr,pvalue significance fwer,induction measure,pruning measure,voting measure
complex,no_discretization,fishcatch,0,0.2014969191327626,0.132948392824951,4237952592839.374,0.5706002898710112,0.3764841259623382,42379525928.39374,0.570842090128173,0.4534938817712396,0.1239969379709456,0.0708226670456377,2419794044616.9307,0.5062907580048543,0.2891753810151597,24197940446.169308,0.570842090128173,0.6887927459400991,18,0.7222222222222222,2.8333333333333335,64.0,3.5555555555555554,0.6931465712504038,0.8446035229154086,0.1216744913928012,94.608620515,93.57420480299996,1.02169754,1.0,1.0,C2,C2,C2
