model_type,variant,dataset,M-of-N count,RMSE (test),MAE (test),MAPE (test),rRMSE (test),rMAE (test),rMAPE (test),maxError (test),R2 (test),RMSE (train),MAE (train),MAPE (train),rRMSE (train),rMAE (train),rMAPE (train),maxError (train),R2 (train),rules,plain conditions count,complex conditions count,conditions_count,avg conditions per rule,avg rule quality,avg rule precision,avg rule coverage,training time total (s),training time growing (s),training time pruning (s),pvalue significance fdr,pvalue significance fwer,induction measure,pruning measure,voting measure
at_least_M-of-N,no_discretization,cloud,0.2857142857142857,0.35677135377228,0.2169181578456605,98558880234953.12,1.6053407883398427,0.976052485266084,985588802349.5312,0.8803775928945237,-0.1249686750759864,0.1568280681884071,0.0951913281148238,5217219812064.35,0.6572654385199443,0.3989462520288221,52172198120.64349,0.7295798385300645,0.2903862786886094,7,0.7142857142857143,1.4285714285714286,17.0,2.4285714285714284,0.6293215332694342,0.9070424925633944,0.3578792341678939,3.568547248840332,0.338215803,0.0752957009999999,0.7142857142857143,0.5714285714285714,C2,C2,C2
