model_type,variant,dataset,M-of-N count,RMSE (test),MAE (test),MAPE (test),rRMSE (test),rMAE (test),rMAPE (test),maxError (test),R2 (test),RMSE (train),MAE (train),MAPE (train),rRMSE (train),rMAE (train),rMAPE (train),maxError (train),R2 (train),rules,plain conditions count,complex conditions count,conditions_count,avg conditions per rule,avg rule quality,avg rule precision,avg rule coverage,training time total (s),training time growing (s),training time pruning (s),pvalue significance fdr,pvalue significance fwer,induction measure,pruning measure,voting measure
at_least_M-of-N,no_discretization,veteran,0.29411764705882354,0.3467889633544743,0.2737176665023634,12576137016817.146,0.9705762874538644,0.7660678528942902,125761370168.17146,0.750019100253133,-0.3892296244370978,0.1577369925631099,0.073354704863721,2329725950605.736,1.287107233526967,0.5985620095143878,23297259506.057358,0.9448897795591182,0.0682001791561929,17,2,1.1176470588235294,58.0,3.411764705882353,0.4845443929138719,0.8719241943277729,0.2006641366223908,3.525289297103882,0.947552507,0.288059711,0.6470588235294118,0.5882352941176471,C2,C2,C2
