model_type,variant,dataset,M-of-N count,RMSE (test),MAE (test),MAPE (test),rRMSE (test),rMAE (test),rMAPE (test),maxError (test),R2 (test),RMSE (train),MAE (train),MAPE (train),rRMSE (train),rMAE (train),rMAPE (train),maxError (train),R2 (train),rules,plain conditions count,complex conditions count,conditions_count,avg conditions per rule,avg rule quality,avg rule precision,avg rule coverage,training time total (s),training time growing (s),training time pruning (s),pvalue significance fdr,pvalue significance fwer,induction measure,pruning measure,voting measure
plain,no_discretization,mbagrade,0,0.3830625772407494,0.3237736500850338,435479264259830.5,0.7000405932680442,0.591691048816909,4354792642598.305,0.5801749271137029,-0.0146323959982135,0.1784361469195727,0.1309830127763154,13249391959664.44,0.3233697170093171,0.237373091190969,132493919596.6444,0.4927113702623907,0.40884794890031,7,1.4285714285714286,0.2857142857142857,12.0,1.7142857142857142,0.4014781285203407,0.6615646258503401,0.1532467532467532,0.032907748,0.0285287589999999,0.0022513719999999,0.1428571428571428,0.1428571428571428,C2,C2,C2
