model_type,variant,dataset,M-of-N count,RMSE (test),MAE (test),MAPE (test),rRMSE (test),rMAE (test),rMAPE (test),maxError (test),R2 (test),RMSE (train),MAE (train),MAPE (train),rRMSE (train),rMAE (train),rMAPE (train),maxError (train),R2 (train),rules,plain conditions count,complex conditions count,conditions_count,avg conditions per rule,avg rule quality,avg rule precision,avg rule coverage,training time total (s),training time growing (s),training time pruning (s),pvalue significance fdr,pvalue significance fwer,induction measure,pruning measure,voting measure
plain,no_discretization,auto-mpg,0,0.1366498335171634,0.0947718800681711,19274937988478.613,0.3819140874444976,0.2648720101593746,192749379884.78613,0.4547433471631885,0.5884270580415877,0.1235191629748528,0.0921377986749165,2153624356254.8547,0.3192892324330566,0.2381703883710328,21536243562.548546,0.5391482814235957,0.6561871401620784,9,1.7777777777777777,0.1111111111111111,17.0,1.8888888888888888,0.527842354062879,0.7994237159751747,0.2535692116697703,0.724171501,0.659980058,0.0603556819999999,1.0,1.0,C2,C2,C2
