model_type,variant,dataset,M-of-N count,RMSE (test),MAE (test),MAPE (test),rRMSE (test),rMAE (test),rMAPE (test),maxError (test),R2 (test),RMSE (train),MAE (train),MAPE (train),rRMSE (train),rMAE (train),rMAPE (train),maxError (train),R2 (train),rules,plain conditions count,complex conditions count,conditions_count,avg conditions per rule,avg rule quality,avg rule precision,avg rule coverage,training time total (s),training time growing (s),training time pruning (s),pvalue significance fdr,pvalue significance fwer,induction measure,pruning measure,voting measure
exact_M-of-N,no_discretization,cloud,0.35294117647058826,0.4014248213621466,0.281698155517923,42436578174937.42,0.9431908400793244,0.6618801474462097,424365781749.3742,0.7292248379926816,-0.1586634676636014,0.1603966242493058,0.0816790242002881,4459071687969.901,0.7829475409971987,0.398701602655101,44590716879.69901,0.8156098029246168,0.2185180846510317,17,1.2352941176470589,2.176470588235294,64.0,3.764705882352941,0.6174962514406488,0.8781282359576122,0.2795633717404487,5.672349214553833,1.240649078,0.3972637599999999,0.7058823529411765,0.7058823529411765,C2,C2,C2
