model_type,variant,dataset,M-of-N count,RMSE (test),MAE (test),MAPE (test),rRMSE (test),rMAE (test),rMAPE (test),maxError (test),R2 (test),RMSE (train),MAE (train),MAPE (train),rRMSE (train),rMAE (train),rMAPE (train),maxError (train),R2 (train),rules,plain conditions count,complex conditions count,conditions_count,avg conditions per rule,avg rule quality,avg rule precision,avg rule coverage,training time total (s),training time growing (s),training time pruning (s),pvalue significance fdr,pvalue significance fwer,induction measure,pruning measure,voting measure
exact_M-of-N,no_discretization,machine,0.4444444444444444,0.2000043118244513,0.1093012814512543,5344340202934.657,1.332664713725685,0.7282941033938184,53443402029.34657,0.7368881118881119,0.2078659764663992,0.117893283400624,0.0491817285271761,1239798606120.6602,1.313554589832617,0.547977657244824,12397986061.206602,0.9084427005650656,0.3351087376898444,9,1.1111111111111112,1.1111111111111112,24.0,2.6666666666666665,0.6949840492216616,0.9487245834445008,0.4923167848699765,1.9922821521759035,0.21076667,0.041123634,0.8888888888888888,0.8888888888888888,C2,C2,C2
