model_type,variant,dataset,M-of-N count,RMSE (test),MAE (test),MAPE (test),rRMSE (test),rMAE (test),rMAPE (test),maxError (test),R2 (test),RMSE (train),MAE (train),MAPE (train),rRMSE (train),rMAE (train),rMAPE (train),maxError (train),R2 (train),rules,plain conditions count,complex conditions count,conditions_count,avg conditions per rule,avg rule quality,avg rule precision,avg rule coverage,training time total (s),training time growing (s),training time pruning (s),pvalue significance fdr,pvalue significance fwer,induction measure,pruning measure,voting measure
complex,no_discretization,auto-price,0,0.1708865659294045,0.1203246133259276,25043132699827.414,0.6196727753858102,0.4363238659597415,250431326998.27417,0.4194964668043677,0.6268672645886892,0.1303039064238557,0.0751739291415753,2641868416081.852,0.617314378173434,0.3561362709413714,26418684160.81852,0.6528826240897856,0.5457437378300118,14,0.5,3.642857142857143,58.0,4.142857142857143,0.5630647934382893,0.7907680071998996,0.1578421578421578,652.164641338,632.958007905,19.192731164,0.8571428571428571,0.7857142857142857,C2,C2,C2
