model_type,variant,dataset,M-of-N count,RMSE (test),MAE (test),MAPE (test),rRMSE (test),rMAE (test),rMAPE (test),maxError (test),R2 (test),RMSE (train),MAE (train),MAPE (train),rRMSE (train),rMAE (train),rMAPE (train),maxError (train),R2 (train),rules,plain conditions count,complex conditions count,conditions_count,avg conditions per rule,avg rule quality,avg rule precision,avg rule coverage,training time total (s),training time growing (s),training time pruning (s),pvalue significance fdr,pvalue significance fwer,induction measure,pruning measure,voting measure
exact_M-of-N,no_discretization,bodyfat,0.4411764705882353,0.2026733756474407,0.1577296803647255,25809120370538.15,0.4131418811274753,0.3215258868973251,258091203705.38147,0.5065077788811652,0.4604674366818539,0.0681023951283204,0.0445739808399405,3146436628344.712,0.1717519174229479,0.1124140591826249,31464366283.44712,0.4602204449883831,0.8460139058893261,34,2.6470588235294117,1.8823529411764706,169.0,4.970588235294118,0.6092261503919811,0.8245455324508137,0.1021603331598125,8.031507730484009,3.511303982,2.528257826999999,0.9117647058823528,0.8823529411764706,C2,C2,C2
