model_type,variant,dataset,M-of-N count,RMSE (test),MAE (test),MAPE (test),rRMSE (test),rMAE (test),rMAPE (test),maxError (test),R2 (test),RMSE (train),MAE (train),MAPE (train),rRMSE (train),rMAE (train),rMAPE (train),maxError (train),R2 (train),rules,plain conditions count,complex conditions count,conditions_count,avg conditions per rule,avg rule quality,avg rule precision,avg rule coverage,training time total (s),training time growing (s),training time pruning (s),pvalue significance fdr,pvalue significance fwer,induction measure,pruning measure,voting measure
exact_M-of-N,no_discretization,pyrim,1.2222222222222223,0.5020840877670295,0.418324845445817,546648287324515.6,1.2476789581010683,1.0395372409328554,5466482873245.156,0.8496621209434153,-1.2493267095158287,0.1201792490828824,0.0785426725762532,41591078648291.04,0.1721756542068933,0.1125247173465686,415910786482.9104,0.6187499999999999,0.4554172660319883,9,0.7777777777777778,0.3333333333333333,21.0,2.3333333333333335,0.4434715347745434,0.7434031205961031,0.1708126036484245,0.2434158325195312,0.11457751,0.1067508279999999,0.3333333333333333,0.2222222222222222,C2,C2,C2
