model_type,variant,dataset,M-of-N count,RMSE (test),MAE (test),MAPE (test),rRMSE (test),rMAE (test),rMAPE (test),maxError (test),R2 (test),RMSE (train),MAE (train),MAPE (train),rRMSE (train),rMAE (train),rMAPE (train),maxError (train),R2 (train),rules,plain conditions count,complex conditions count,conditions_count,avg conditions per rule,avg rule quality,avg rule precision,avg rule coverage,training time total (s),training time growing (s),training time pruning (s),pvalue significance fdr,pvalue significance fwer,induction measure,pruning measure,voting measure
exact_M-of-N,no_discretization,ele-1,0,0.1928010026496858,0.1124889256512398,4236870075956.709,0.7600613570924385,0.4434545687695422,42368700759.56709,0.7336046807594101,0.2221562638790009,0.1146347267216138,0.0711496317292999,380221340504.39386,0.5320251143419574,0.3302087599344527,3802213405.0439386,0.7364055299539171,0.4007728559240934,22,0.5909090909090909,2.6363636363636362,71.0,3.227272727272727,0.4333539605419991,0.7741504877016596,0.0841826335099877,730.9318492412567,22.834483501,288.868229394,0.8636363636363636,0.5454545454545454,C2,C2,C2
