model_type,variant,dataset,M-of-N count,RMSE (test),MAE (test),MAPE (test),rRMSE (test),rMAE (test),rMAPE (test),maxError (test),R2 (test),RMSE (train),MAE (train),MAPE (train),rRMSE (train),rMAE (train),rMAPE (train),maxError (train),R2 (train),rules,plain conditions count,complex conditions count,conditions_count,avg conditions per rule,avg rule quality,avg rule precision,avg rule coverage,training time total (s),training time growing (s),training time pruning (s),pvalue significance fdr,pvalue significance fwer,induction measure,pruning measure,voting measure
plain,no_discretization,kidney,0,0.1740776366797612,0.1448194662480376,183820392953898.28,0.4224283983428872,0.3514285714285715,1838203929538.983,0.2857142857142857,0.717410654993871,0.1567347916555845,0.1025378368922704,48478887917334.84,0.4595016957186485,0.3006116856993421,484788879173.34845,0.6713202390932748,0.5557074401116391,23,2.652173913043478,0.21739130434782608,66.0,2.869565217391304,0.4951334741595337,0.8482799808886766,0.0945179584120983,0.491673077,0.4026338849999999,0.086448713,0.391304347826087,0.391304347826087,C2,C2,C2
