model_type,variant,dataset,M-of-N count,RMSE (test),MAE (test),MAPE (test),rRMSE (test),rMAE (test),rMAPE (test),maxError (test),R2 (test),RMSE (train),MAE (train),MAPE (train),rRMSE (train),rMAE (train),rMAPE (train),maxError (train),R2 (train),rules,plain conditions count,complex conditions count,conditions_count,avg conditions per rule,avg rule quality,avg rule precision,avg rule coverage,training time total (s),training time growing (s),training time pruning (s),pvalue significance fdr,pvalue significance fwer,induction measure,pruning measure,voting measure
at_least_M-of-N,no_discretization,pyrim,0,0.4555656056196552,0.4344963317714367,437223597519294.6,0.6906164272564087,0.6586763807505894,4372235975192.946,0.6795819868255081,-1.497796377782083,0.1511478679223177,0.1097293846116781,23762295085824.336,0.3045941392488669,0.2211273497637401,237622950858.24332,0.4677060133630289,0.6218898594961919,11,2.3636363636363638,0.7272727272727273,34.0,3.090909090909091,0.4924995805864556,0.7911638025274391,0.1506105834464043,1.1948764324188232,0.691060809,0.234173215,0.4545454545454545,0.4545454545454545,C2,C2,C2
