model_type,variant,dataset,M-of-N count,RMSE (test),MAE (test),MAPE (test),rRMSE (test),rMAE (test),rMAPE (test),maxError (test),R2 (test),RMSE (train),MAE (train),MAPE (train),rRMSE (train),rMAE (train),rMAPE (train),maxError (train),R2 (train),rules,plain conditions count,complex conditions count,conditions_count,avg conditions per rule,avg rule quality,avg rule precision,avg rule coverage,training time total (s),training time growing (s),training time pruning (s),pvalue significance fdr,pvalue significance fwer,induction measure,pruning measure,voting measure
complex,no_discretization,diabetes,0,0.2977299059235294,0.2646715768486655,275219977228197.2,0.5067743079549437,0.4505048116573029,2752199772281.972,0.5,0.2872916833669654,0.1460822336839396,0.0987159754056117,36213154898447.23,0.3032480966306971,0.2049217820256098,362131548984.4723,0.4166666666666667,0.4788366843691034,12,0.3333333333333333,1.3333333333333333,20.0,1.6666666666666667,0.5452457555702728,0.8105413105413105,0.1578947368421052,0.476940903,0.461386818,0.004141339,0.5833333333333334,0.3333333333333333,C2,C2,C2
