model_type,variant,dataset,M-of-N count,RMSE (test),MAE (test),MAPE (test),rRMSE (test),rMAE (test),rMAPE (test),maxError (test),R2 (test),RMSE (train),MAE (train),MAPE (train),rRMSE (train),rMAE (train),rMAPE (train),maxError (train),R2 (train),rules,plain conditions count,complex conditions count,conditions_count,avg conditions per rule,avg rule quality,avg rule precision,avg rule coverage,training time total (s),training time growing (s),training time pruning (s),pvalue significance fdr,pvalue significance fwer,induction measure,pruning measure,voting measure
exact_M-of-N,no_discretization,auto93,0.1111111111111111,0.3398349074914926,0.1989856278319733,25163471570813.297,0.9829752373043829,0.5755675489081185,251634715708.13297,0.7779816513761468,-0.0945574958102204,0.1273794674235136,0.0794849032370582,2696086239730.358,0.5688646979463909,0.3549720876199909,26960862397.303577,0.5211009174311927,0.4772607453517286,9,2.2222222222222223,0.5555555555555556,26.0,2.888888888888889,0.5239711604937669,0.7785913195687632,0.1693121693121693,0.5925860404968262,0.273728297,0.0358962399999999,0.7777777777777778,0.7777777777777778,C2,C2,C2
