model_type,variant,dataset,M-of-N count,RMSE (test),MAE (test),MAPE (test),rRMSE (test),rMAE (test),rMAPE (test),maxError (test),R2 (test),RMSE (train),MAE (train),MAPE (train),rRMSE (train),rMAE (train),rMAPE (train),maxError (train),R2 (train),rules,plain conditions count,complex conditions count,conditions_count,avg conditions per rule,avg rule quality,avg rule precision,avg rule coverage,training time total (s),training time growing (s),training time pruning (s),pvalue significance fdr,pvalue significance fwer,induction measure,pruning measure,voting measure
plain,no_discretization,auto-price,0,0.2118328070106324,0.1370277004375255,53384157851664.125,0.7975568876378328,0.5159134122017123,533841578516.6413,0.4985332852428922,0.5125777020337895,0.1034647153721823,0.072817262587144,3216741607025.678,0.4821677654967394,0.3393440620305644,32167416070.256783,0.3885194893546102,0.7282863275918887,11,2.4545454545454546,0.09090909090909091,28.0,2.5454545454545454,0.5397946251745185,0.8030495590008241,0.1678321678321678,0.599877677,0.5417119970000001,0.053789613,0.5454545454545454,0.3636363636363636,C2,C2,C2
