model_type,variant,dataset,M-of-N count,RMSE (test),MAE (test),MAPE (test),rRMSE (test),rMAE (test),rMAPE (test),maxError (test),R2 (test),RMSE (train),MAE (train),MAPE (train),rRMSE (train),rMAE (train),rMAPE (train),maxError (train),R2 (train),rules,plain conditions count,complex conditions count,conditions_count,avg conditions per rule,avg rule quality,avg rule precision,avg rule coverage,training time total (s),training time growing (s),training time pruning (s),pvalue significance fdr,pvalue significance fwer,induction measure,pruning measure,voting measure
at_least_M-of-N,no_discretization,cholesterol,0.11864406779661017,0.4554344937953129,0.4020695281613092,29475613999533.465,0.704117022833518,0.6216129937409934,294756139995.33466,0.7241787928296601,-2.672317212439936,0.1108317625080311,0.0726963812565802,4481980661825.57,0.4020080437461419,0.2636837072248477,44819806618.25571,0.7306512132581771,0.1489318448590034,59,2.1186440677966103,2.6271186440677967,287.0,4.864406779661017,0.3660036724279288,0.8221413602678619,0.0396101074067175,15.612505435943604,7.910721911,5.5810700870000005,0.2372881355932203,0.0508474576271186,C2,C2,C2
