model_type,variant,dataset,M-of-N count,RMSE (test),MAE (test),MAPE (test),rRMSE (test),rMAE (test),rMAPE (test),maxError (test),R2 (test),RMSE (train),MAE (train),MAPE (train),rRMSE (train),rMAE (train),rMAPE (train),maxError (train),R2 (train),rules,plain conditions count,complex conditions count,conditions_count,avg conditions per rule,avg rule quality,avg rule precision,avg rule coverage,training time total (s),training time growing (s),training time pruning (s),pvalue significance fdr,pvalue significance fwer,induction measure,pruning measure,voting measure
exact_M-of-N,no_discretization,gascons,0.3333333333333333,0.1944610948093035,0.1816142388535579,127876009462441.08,0.4203442567676713,0.3925746809365016,1278760094624.411,0.2463459377489343,0.7768502035544237,0.1781986995554865,0.1150673827343317,84096160798378.77,0.312645002548213,0.2018827424550849,840961607983.7876,0.5518456287954925,0.6779727961314083,3,0,1.3333333333333333,5.0,1.6666666666666667,0.7133976553584397,0.8825396825396825,0.4027777777777778,0.0751924514770507,0.036541319,0.001017388,0.0,0.0,C2,C2,C2
