model_type,variant,dataset,M-of-N count,RMSE (test),MAE (test),MAPE (test),rRMSE (test),rMAE (test),rMAPE (test),maxError (test),R2 (test),RMSE (train),MAE (train),MAPE (train),rRMSE (train),rMAE (train),rMAPE (train),maxError (train),R2 (train),rules,plain conditions count,complex conditions count,conditions_count,avg conditions per rule,avg rule quality,avg rule precision,avg rule coverage,training time total (s),training time growing (s),training time pruning (s),pvalue significance fdr,pvalue significance fwer,induction measure,pruning measure,voting measure
at_least_M-of-N,no_discretization,veteran,0.14285714285714285,0.3274400239483706,0.2052058510435201,8422230688056.464,1.2939417371486337,0.8109100780367127,84222306880.56464,0.9182551430993252,-0.4761310951364201,0.1012754266280938,0.0539331705483825,2447080573335.112,0.825331190354181,0.4395215041821784,24470805733.35112,0.4769539078156313,0.6089306134997868,21,2.1904761904761907,0.8571428571428571,67.0,3.1904761904761907,0.436213229794399,0.8119971708881483,0.1169183120402632,1.4321091175079346,0.6697105510000001,0.16345589,0.6190476190476191,0.3809523809523809,C2,C2,C2
