model_type,variant,dataset,M-of-N count,RMSE (test),MAE (test),MAPE (test),rRMSE (test),rMAE (test),rMAPE (test),maxError (test),R2 (test),RMSE (train),MAE (train),MAPE (train),rRMSE (train),rMAE (train),rMAPE (train),maxError (train),R2 (train),rules,plain conditions count,complex conditions count,conditions_count,avg conditions per rule,avg rule quality,avg rule precision,avg rule coverage,training time total (s),training time growing (s),training time pruning (s),pvalue significance fdr,pvalue significance fwer,induction measure,pruning measure,voting measure
complex,no_discretization,auto-mpg,0,0.2319886684420941,0.1681687766086114,22071903957144.95,0.5528367497321884,0.4007518146945572,220719039571.4495,0.6898005924604991,0.3360689636118804,0.1412618708141849,0.0958539291987049,2218877404153.298,0.3644443410864078,0.2472954794242844,22188774041.532974,0.5649787332770357,0.5227429228838059,27,1.037037037037037,4.555555555555555,151.0,5.592592592592593,0.6689056332549823,0.9162082147638076,0.1849788507170122,1188.54624753,1180.6907879330004,7.837505203000001,1.0,1.0,C2,C2,C2
