model_type,variant,dataset,M-of-N count,RMSE (test),MAE (test),MAPE (test),rRMSE (test),rMAE (test),rMAPE (test),maxError (test),R2 (test),RMSE (train),MAE (train),MAPE (train),rRMSE (train),rMAE (train),rMAPE (train),maxError (train),R2 (train),rules,plain conditions count,complex conditions count,conditions_count,avg conditions per rule,avg rule quality,avg rule precision,avg rule coverage,training time total (s),training time growing (s),training time pruning (s),pvalue significance fdr,pvalue significance fwer,induction measure,pruning measure,voting measure
plain,no_discretization,bolts,0,0.1620282674088723,0.146512232864214,78643086595219.66,0.4073438699693447,0.3683360989237531,786430865952.1965,0.2158490796516999,0.8083336476365114,0.0769353653561558,0.0531564531647844,5867471353025.879,0.2392784756469191,0.1653231257846854,58674713530.25879,0.2690926291588517,0.9476463557187458,11,2.1818181818181817,0.18181818181818182,26.0,2.3636363636363638,0.5927639451334822,0.7759018759018759,0.2121212121212121,0.096611085,0.0849352259999999,0.009273727,1.0,1.0,C2,C2,C2
