model_type,variant,dataset,M-of-N count,RMSE (test),MAE (test),MAPE (test),rRMSE (test),rMAE (test),rMAPE (test),maxError (test),R2 (test),RMSE (train),MAE (train),MAPE (train),rRMSE (train),rMAE (train),rMAPE (train),maxError (train),R2 (train),rules,plain conditions count,complex conditions count,conditions_count,avg conditions per rule,avg rule quality,avg rule precision,avg rule coverage,training time total (s),training time growing (s),training time pruning (s),pvalue significance fdr,pvalue significance fwer,induction measure,pruning measure,voting measure
plain,no_discretization,veteran,0,0.2711535205315855,0.1183414386021033,6298740737582.495,1.945766468681853,0.8492045489069073,62987407375.82495,0.9464646464646465,-0.110145941318738,0.1240605764552521,0.0667113073302846,3888909039929.53,1.0347653462186952,0.5564261508265892,38889090399.2953,0.797565864416213,0.2591466016051511,22,2.8181818181818183,0.4090909090909091,71.0,3.227272727272727,0.3896508821763643,0.8025539361565867,0.1099706744868035,0.300822499,0.244770314,0.0531024499999999,0.5,0.3181818181818182,C2,C2,C2
