model_type,variant,dataset,M-of-N count,RMSE (test),MAE (test),MAPE (test),rRMSE (test),rMAE (test),rMAPE (test),maxError (test),R2 (test),RMSE (train),MAE (train),MAPE (train),rRMSE (train),rMAE (train),rMAPE (train),maxError (train),R2 (train),rules,plain conditions count,complex conditions count,conditions_count,avg conditions per rule,avg rule quality,avg rule precision,avg rule coverage,training time total (s),training time growing (s),training time pruning (s),pvalue significance fdr,pvalue significance fwer,induction measure,pruning measure,voting measure
exact_M-of-N,no_discretization,fishcatch,0.42857142857142855,0.2202651018557657,0.0927218655458309,17358317279507.793,0.7799979452695346,0.3283446356139738,173583172795.07794,0.8569325382350116,0.2903655580557321,0.138618795681893,0.0735303897444718,2746585435001.6104,0.5680975211754773,0.3013475332794114,27465854350.0161,0.8569325382350116,0.5940448198237772,14,0.7142857142857143,1.4285714285714286,36.0,2.5714285714285716,0.7511022193010556,0.9290670094232258,0.1735412474849094,2.609025239944458,0.997299337,0.3922813209999999,0.9285714285714286,0.9285714285714286,C2,C2,C2
