model_type,variant,dataset,M-of-N count,RMSE (test),MAE (test),MAPE (test),rRMSE (test),rMAE (test),rMAPE (test),maxError (test),R2 (test),RMSE (train),MAE (train),MAPE (train),rRMSE (train),rMAE (train),rMAPE (train),maxError (train),R2 (train),rules,plain conditions count,complex conditions count,conditions_count,avg conditions per rule,avg rule quality,avg rule precision,avg rule coverage,training time total (s),training time growing (s),training time pruning (s),pvalue significance fdr,pvalue significance fwer,induction measure,pruning measure,voting measure
plain,no_discretization,veteran,0,0.24439716915114,0.0955264429668706,10217395021113.14,1.8538205379956312,0.7245946526661194,102173950211.1314,0.870485955974736,0.0810785528205934,0.1117886435172162,0.0616254120484394,3488743418735.644,0.9436608603371448,0.5202092763859807,34887434187.35644,0.6112224448897796,0.4009507285681334,23,3.260869565217391,0.13043478260869565,78.0,3.391304347826087,0.4203089794496261,0.7946778956183493,0.0985273492286115,0.298049371,0.252395328,0.0421481519999999,0.5217391304347826,0.3478260869565217,C2,C2,C2
