model_type,variant,dataset,M-of-N count,RMSE (test),MAE (test),MAPE (test),rRMSE (test),rMAE (test),rMAPE (test),maxError (test),R2 (test),RMSE (train),MAE (train),MAPE (train),rRMSE (train),rMAE (train),rMAPE (train),maxError (train),R2 (train),rules,plain conditions count,complex conditions count,conditions_count,avg conditions per rule,avg rule quality,avg rule precision,avg rule coverage,training time total (s),training time growing (s),training time pruning (s),pvalue significance fdr,pvalue significance fwer,induction measure,pruning measure,voting measure
exact_M-of-N,no_discretization,breasttumor,0,0.2963560442413195,0.2314712180408931,213393311193493.2,0.7538881827191461,0.5888302915075353,2133933111934.932,0.6,-0.2379782878210508,0.1993801362538588,0.1499961277064971,58682785186015.03,0.4062852443485705,0.3056533842417521,586827851860.1503,0.6314378311807554,0.0627142492336457,21,0.7619047619047619,1.5714285714285714,49.0,2.3333333333333335,0.2197815716301391,0.7489347918166219,0.0813414860107467,0.5997829437255859,0.206845665,0.3563048399999999,0.0952380952380952,0.0476190476190476,C2,C2,C2
