model_type,variant,dataset,M-of-N count,RMSE (test),MAE (test),MAPE (test),rRMSE (test),rMAE (test),rMAPE (test),maxError (test),R2 (test),RMSE (train),MAE (train),MAPE (train),rRMSE (train),rMAE (train),rMAPE (train),maxError (train),R2 (train),rules,plain conditions count,complex conditions count,conditions_count,avg conditions per rule,avg rule quality,avg rule precision,avg rule coverage,training time total (s),training time growing (s),training time pruning (s),pvalue significance fdr,pvalue significance fwer,induction measure,pruning measure,voting measure
exact_M-of-N,no_discretization,concrete,1,0.2955445973801052,0.267904415417043,141737533360554.94,0.5953292769033182,0.5396523682830504,1417375333605.5493,0.5678698525673616,0.2876701744695261,0.1215301652514018,0.0844468597072249,19577423569319.21,0.27125051431088,0.1884820454258312,195774235693.1921,0.4560244026436197,0.5718652123307864,19,1.8421052631578947,0.7368421052631579,68.0,3.5789473684210527,0.4347112854830754,0.7732109879963065,0.0955377574370709,0.9595236778259276,0.591668552,0.1037620839999999,0.4210526315789473,0.1578947368421052,C2,C2,C2
