model_type,variant,dataset,M-of-N count,RMSE (test),MAE (test),MAPE (test),rRMSE (test),rMAE (test),rMAPE (test),maxError (test),R2 (test),RMSE (train),MAE (train),MAPE (train),rRMSE (train),rMAE (train),rMAPE (train),maxError (train),R2 (train),rules,plain conditions count,complex conditions count,conditions_count,avg conditions per rule,avg rule quality,avg rule precision,avg rule coverage,training time total (s),training time growing (s),training time pruning (s),pvalue significance fdr,pvalue significance fwer,induction measure,pruning measure,voting measure
complex,no_discretization,cholesterol,0,0.2624794468929077,0.2111940432669473,36816877201217.54,0.633873258871744,0.5100218628338523,368168772012.1754,0.7397260273972603,-0.5667708137968868,0.1165210782315394,0.0819241792807731,4309447669220.796,0.4243658344397373,0.2983650960746573,43094476692.20796,0.7381098755982866,0.0258864680597418,29,0.41379310344827586,2.310344827586207,79.0,2.7241379310344827,0.3938141503918771,0.8326909186475373,0.0337221095334685,27.813768418,27.275918718,0.524679801,0.3448275862068966,0.1034482758620689,C2,C2,C2
