model_type,variant,dataset,M-of-N count,RMSE (test),MAE (test),MAPE (test),rRMSE (test),rMAE (test),rMAPE (test),maxError (test),R2 (test),RMSE (train),MAE (train),MAPE (train),rRMSE (train),rMAE (train),rMAPE (train),maxError (train),R2 (train),rules,plain conditions count,complex conditions count,conditions_count,avg conditions per rule,avg rule quality,avg rule precision,avg rule coverage,training time total (s),training time growing (s),training time pruning (s),pvalue significance fdr,pvalue significance fwer,induction measure,pruning measure,voting measure
plain,no_discretization,cholesterol,0,0.3346003517287454,0.2694051965967622,31874791883216.37,0.678330027774963,0.5461609156895021,318747918832.1637,0.7845929488424799,-0.8917703831387294,0.0891934666229892,0.05837709117201,2749450321960.346,0.3235021711349586,0.2117320522871247,27494503219.603462,0.3721461187214612,0.4284982797281939,76,4.868421052631579,0.5,408.0,5.368421052631579,0.3485003405844626,0.7695345955214375,0.0240987083092346,11.458441383,9.722007286,1.7281129959999997,0.2105263157894736,0.0131578947368421,C2,C2,C2
