dataset,RMSE (test),MAE (test),MAPE (test),rRMSE (test),rMAE (test),rMAPE (test),maxError (test),R2 (test),RMSE (train),MAE (train),MAPE (train),rRMSE (train),rMAE (train),rMAPE (train),maxError (train),R2 (train),rules,conditions_count,avg conditions per rule
diabetes,0.4100290792111059,0.3826754385964913,656774945658197.6,0.8656169450012235,0.8078703703703706,6567749456581.977,0.5833333333333331,-0.3339056776556777,4.3546529746182126e-17,1.708035422500241e-17,2.928060724286128e-17,8.899465467778704e-17,3.4906575446729814e-17,2.9280607242861276e-19,1.1102230246251565e-16,1.0,33,65,15.96923076923077
