model_type,variant,dataset,M-of-N count,RMSE (test),MAE (test),MAPE (test),rRMSE (test),rMAE (test),rMAPE (test),maxError (test),R2 (test),RMSE (train),MAE (train),MAPE (train),rRMSE (train),rMAE (train),rMAPE (train),maxError (train),R2 (train),rules,plain conditions count,complex conditions count,conditions_count,avg conditions per rule,avg rule quality,avg rule precision,avg rule coverage,training time total (s),training time growing (s),training time pruning (s),pvalue significance fdr,pvalue significance fwer,induction measure,pruning measure,voting measure
plain,no_discretization,cholesterol,0,0.2433355451606394,0.1948990470427915,37811927936385.53,0.5876418014292709,0.4706703536693169,378119279363.8553,0.6349054597159938,-0.3465608212950302,0.1054669584357943,0.0613936922176563,3370145837355.277,0.3841071032100388,0.2235937550758957,33701458373.55277,0.8949771689497716,0.2019438842677656,73,4.616438356164384,0.4246575342465753,368.0,5.041095890410959,0.3476755178312993,0.7751053900837601,0.0236704270749395,10.695723205,9.014861531999996,1.6717704190000005,0.0,0.0,C2,C2,C2
