model_type,variant,dataset,M-of-N count,RMSE (test),MAE (test),MAPE (test),rRMSE (test),rMAE (test),rMAPE (test),maxError (test),R2 (test),RMSE (train),MAE (train),MAPE (train),rRMSE (train),rMAE (train),rMAPE (train),maxError (train),R2 (train),rules,plain conditions count,complex conditions count,conditions_count,avg conditions per rule,avg rule quality,avg rule precision,avg rule coverage,training time total (s),training time growing (s),training time pruning (s),pvalue significance fdr,pvalue significance fwer,induction measure,pruning measure,voting measure
at_least_M-of-N,no_discretization,cpu,0.06666666666666667,0.201106367070192,0.1064092125428566,3421855263323.119,1.4199858266173564,0.7513415703026051,34218552633.23119,0.755317754159059,0.1801483641850435,0.05485843555861,0.0235130263824201,393551335507.2103,0.750387943207678,0.3216258598341104,3935513355.072103,0.4157051550346267,0.8265002844802611,15,2.4,0.7333333333333333,48.0,3.2,0.6454999266771818,0.8414971367466763,0.1670212765957446,23.31189250946045,3.150214221,2.4739938679999995,0.6666666666666666,0.6666666666666666,C2,C2,C2
