model_type,variant,dataset,M-of-N count,RMSE (test),MAE (test),MAPE (test),rRMSE (test),rMAE (test),rMAPE (test),maxError (test),R2 (test),RMSE (train),MAE (train),MAPE (train),rRMSE (train),rMAE (train),rMAPE (train),maxError (train),R2 (train),rules,plain conditions count,complex conditions count,conditions_count,avg conditions per rule,avg rule quality,avg rule precision,avg rule coverage,training time total (s),training time growing (s),training time pruning (s),pvalue significance fdr,pvalue significance fwer,induction measure,pruning measure,voting measure
plain,no_discretization,machine,0,0.1793181896194248,0.1193641102023264,5315221474496.198,1.0246578114168232,0.682068942259627,53152214744.96198,0.5137918911613761,0.4458384224653006,0.0772244072700361,0.0402513794702775,1187443095366.8284,0.8596691366656943,0.4480820230554618,11874430953.668283,0.4519600053055788,0.7161726431055662,11,2.5454545454545454,0.09090909090909091,29.0,2.6363636363636362,0.6227238523211999,0.8274303159622917,0.2794970986460348,0.503870075,0.345093736,0.155687305,0.5454545454545454,0.5454545454545454,C2,C2,C2
