model_type,variant,dataset,M-of-N count,RMSE (test),MAE (test),MAPE (test),rRMSE (test),rMAE (test),rMAPE (test),maxError (test),R2 (test),RMSE (train),MAE (train),MAPE (train),rRMSE (train),rMAE (train),rMAPE (train),maxError (train),R2 (train),rules,plain conditions count,complex conditions count,conditions_count,avg conditions per rule,avg rule quality,avg rule precision,avg rule coverage,training time total (s),training time growing (s),training time pruning (s),pvalue significance fdr,pvalue significance fwer,induction measure,pruning measure,voting measure
plain,no_discretization,fishcatch,0,0.1597892846488685,0.112676366032265,18492605355353.074,0.4898268784307838,0.345404341522594,184926053553.53076,0.409090909090909,0.7321077442373595,0.1344135008967809,0.0806998516956947,2811198842185.221,0.5584276058606243,0.3352715662866387,28111988421.85221,0.5957575757575758,0.6095344758890487,15,1.9333333333333333,0.13333333333333333,31.0,2.066666666666667,0.5259665157861828,0.7455461992506051,0.2154929577464789,2.648222348,2.374045065,0.2711138669999999,0.8,0.8,C2,C2,C2
