model_type,variant,dataset,M-of-N count,RMSE (test),MAE (test),MAPE (test),rRMSE (test),rMAE (test),rMAPE (test),maxError (test),R2 (test),RMSE (train),MAE (train),MAPE (train),rRMSE (train),rMAE (train),rMAPE (train),maxError (train),R2 (train),rules,plain conditions count,complex conditions count,conditions_count,avg conditions per rule,avg rule quality,avg rule precision,avg rule coverage,training time total (s),training time growing (s),training time pruning (s),pvalue significance fdr,pvalue significance fwer,induction measure,pruning measure,voting measure
complex,no_discretization,cholesterol,0,0.4453775824012956,0.3953570304189062,30846572790209.414,0.6885687000645393,0.611235246797035,308465727902.0942,0.7172541172849007,-2.5119235621649616,0.1041878417857607,0.0707308483910161,4293662146622.824,0.377909269965739,0.256554342823132,42936621466.22824,0.410958904109589,0.2479097735646677,53,0.5094339622641509,2.5660377358490565,163.0,3.0754716981132075,0.3707740706146787,0.7634466821763504,0.0212868892114175,45.155030849,44.102183942,1.040332785,0.3773584905660377,0.1132075471698113,C2,C2,C2
