model_type,variant,dataset,M-of-N count,RMSE (test),MAE (test),MAPE (test),rRMSE (test),rMAE (test),rMAPE (test),maxError (test),R2 (test),RMSE (train),MAE (train),MAPE (train),rRMSE (train),rMAE (train),rMAPE (train),maxError (train),R2 (train),rules,plain conditions count,complex conditions count,conditions_count,avg conditions per rule,avg rule quality,avg rule precision,avg rule coverage,training time total (s),training time growing (s),training time pruning (s),pvalue significance fdr,pvalue significance fwer,induction measure,pruning measure,voting measure
at_least_M-of-N,no_discretization,diabetes,0,0.2713191833822515,0.2135026054725944,281474976710656.2,0.5727849426958643,0.450727722664366,2814749767106.562,0.4722222222222222,0.4159408827053302,0.1243417433218025,0.0828709079991178,28869228380580.3,0.2541132570943389,0.1693606329414286,288692283805.803,0.3888888888888889,0.6071576101120676,11,0.45454545454545453,2.4545454545454546,32.0,2.909090909090909,0.5397999894490536,0.8136363636363636,0.1445221445221445,0.1807050704956054,0.113591011,0.024648154,0.6363636363636364,0.6363636363636364,C2,C2,C2
