model_type,variant,dataset,M-of-N count,RMSE (test),MAE (test),MAPE (test),rRMSE (test),rMAE (test),rMAPE (test),maxError (test),R2 (test),RMSE (train),MAE (train),MAPE (train),rRMSE (train),rMAE (train),rMAPE (train),maxError (train),R2 (train),rules,plain conditions count,complex conditions count,conditions_count,avg conditions per rule,avg rule quality,avg rule precision,avg rule coverage,training time total (s),training time growing (s),training time pruning (s),pvalue significance fdr,pvalue significance fwer,induction measure,pruning measure,voting measure
plain,no_discretization,cholesterol,0,0.10014260510372985,0.06615539958756497,3263210295172.216,0.365001419783114,0.24112429221077947,32632102951.722157,0.7124273465086425,0.28677061707033813,0.10027318133688157,0.06573874168276105,3597070094348.2153,0.3638954057408505,0.23856853605922754,35970700943.482155,0.7124273465086425,0.2780932365614317,68,206,138,373.0,5.485294117647059,0.3502269872332118,0.7892931648183745,0.027373325567850895,13.61451406,12.110074747000006,1.4578034640000002,0.029411764705882353,0.029411764705882353,C2,C2,C2
