model_type,variant,dataset,M-of-N count,RMSE (test),MAE (test),MAPE (test),rRMSE (test),rMAE (test),rMAPE (test),maxError (test),R2 (test),RMSE (train),MAE (train),MAPE (train),rRMSE (train),rMAE (train),rMAPE (train),maxError (train),R2 (train),rules,plain conditions count,complex conditions count,conditions_count,avg conditions per rule,avg rule quality,avg rule precision,avg rule coverage,training time total (s),training time growing (s),training time pruning (s),pvalue significance fdr,pvalue significance fwer,induction measure,pruning measure,voting measure
exact_M-of-N,no_discretization,strike,0.5283018867924528,0.2109620448423775,0.128763871604641,1644553334448.6758,1.4844228956607428,0.9060399432829804,16445533344.486755,0.9815714285714284,-0.4795480030244041,0.0865664032265819,0.0356665551877039,1111577642945.668,1.9469250179705528,0.8021600298907329,11115776429.45668,0.9915462808647052,-0.0801197880827775,53,2.169811320754717,1.4339622641509433,219.0,4.132075471698113,0.4766567118274678,0.9322080069112276,0.1328476465453568,8105.876638889313,59.319607332,253.702518107,0.5660377358490566,0.5283018867924528,C2,C2,C2
