model_type,variant,dataset,M-of-N count,RMSE (test),MAE (test),MAPE (test),rRMSE (test),rMAE (test),rMAPE (test),maxError (test),R2 (test),RMSE (train),MAE (train),MAPE (train),rRMSE (train),rMAE (train),rMAPE (train),maxError (train),R2 (train),rules,plain conditions count,complex conditions count,conditions_count,avg conditions per rule,avg rule quality,avg rule precision,avg rule coverage,training time total (s),training time growing (s),training time pruning (s),pvalue significance fdr,pvalue significance fwer,induction measure,pruning measure,voting measure
complex,no_discretization,ozone,0,0.1660880117212197,0.123714952287024,49047532503442.34,0.5810145993074473,0.432783755350367,490475325034.42346,0.4936764702583813,0.5936227024271514,0.1254030374913727,0.0786232520405591,2879103699327.954,0.4297018955387263,0.269407831828408,28791036993.27954,0.6486486486486487,0.6651958158101716,62,1.032258064516129,5.67741935483871,416.0,6.709677419354839,0.5127399189016361,0.9063001869613584,0.0430650591940914,1739.468229316,1706.2577993159994,33.18947666300001,0.8387096774193549,0.5645161290322581,C2,C2,C2
