model_type,variant,dataset,M-of-N count,RMSE (test),MAE (test),MAPE (test),rRMSE (test),rMAE (test),rMAPE (test),maxError (test),R2 (test),RMSE (train),MAE (train),MAPE (train),rRMSE (train),rMAE (train),rMAPE (train),maxError (train),R2 (train),rules,plain conditions count,complex conditions count,conditions_count,avg conditions per rule,avg rule quality,avg rule precision,avg rule coverage,training time total (s),training time growing (s),training time pruning (s),pvalue significance fdr,pvalue significance fwer,induction measure,pruning measure,voting measure
plain,no_discretization,kidney,0,0.4568889168417237,0.4136443556734588,329266437868502.9,0.9242810271740618,0.8367977769945835,3292664378685.029,0.8214285714285714,-0.808716646920538,0.1676492296673087,0.089587409207912,18284649114744.348,0.5140163176917163,0.2746770163154018,182846491147.44348,0.6785714285714285,0.4629018501835924,24,2.5,0.2916666666666667,67.0,2.7916666666666665,0.5669015506305488,0.8847037222037223,0.0735294117647058,0.300635951,0.2755228560000001,0.0222404049999999,0.5833333333333334,0.5,C2,C2,C2
