model_type,variant,dataset,M-of-N count,RMSE (test),MAE (test),MAPE (test),rRMSE (test),rMAE (test),rMAPE (test),maxError (test),R2 (test),RMSE (train),MAE (train),MAPE (train),rRMSE (train),rMAE (train),rMAPE (train),maxError (train),R2 (train),rules,plain conditions count,complex conditions count,conditions_count,avg conditions per rule,avg rule quality,avg rule precision,avg rule coverage,training time total (s),training time growing (s),training time pruning (s),pvalue significance fdr,pvalue significance fwer,induction measure,pruning measure,voting measure
at_least_M-of-N,no_discretization,auto93,0.06666666666666667,0.3464685096179158,0.2642931116478648,73448392662190.25,0.8152200226303901,0.6218661450537996,734483926621.9025,0.7163787007887221,0.0412106377247618,0.1207502397578238,0.0751877880633678,2319420835618.398,0.5293446304810089,0.3296080568362521,23194208356.18398,0.4203975217260577,0.547698641684387,15,2.8,1.4666666666666666,65.0,4.333333333333333,0.4903509599357171,0.7862647532157516,0.1404761904761904,1.653153657913208,0.789615816,0.2351215379999999,0.4,0.4,C2,C2,C2
