model_type,variant,dataset,M-of-N count,RMSE (test),MAE (test),MAPE (test),rRMSE (test),rMAE (test),rMAPE (test),maxError (test),R2 (test),RMSE (train),MAE (train),MAPE (train),rRMSE (train),rMAE (train),rMAPE (train),maxError (train),R2 (train),rules,plain conditions count,complex conditions count,conditions_count,avg conditions per rule,avg rule quality,avg rule precision,avg rule coverage,training time total (s),training time growing (s),training time pruning (s),pvalue significance fdr,pvalue significance fwer,induction measure,pruning measure,voting measure
at_least_M-of-N,no_discretization,cpu,0,0.199735735469426,0.1101267074265314,1829930469189.7317,1.1398469553964208,0.6284683703341561,18299304691.89732,0.7334423548650859,0.2258840360447865,0.0817012055788134,0.0257644453487213,204368802520.57025,1.2587153572435736,0.3969354283274858,2043688025.2057023,0.7334423548650859,0.5687692580174366,19,2.5789473684210527,2.1578947368421053,90.0,4.7368421052631575,0.5855939542067917,0.8612885810477768,0.1531354983202687,23.14342141151428,3.2900716,2.662062237,0.8421052631578947,0.8421052631578947,C2,C2,C2
