model_type,variant,dataset,M-of-N count,RMSE (test),MAE (test),MAPE (test),rRMSE (test),rMAE (test),rMAPE (test),maxError (test),R2 (test),RMSE (train),MAE (train),MAPE (train),rRMSE (train),rMAE (train),rMAPE (train),maxError (train),R2 (train),rules,plain conditions count,complex conditions count,conditions_count,avg conditions per rule,avg rule quality,avg rule precision,avg rule coverage,training time total (s),training time growing (s),training time pruning (s),pvalue significance fdr,pvalue significance fwer,induction measure,pruning measure,voting measure
at_least_M-of-N,no_discretization,pwlinear,3.0303030303030303,0.2757619884062061,0.219818250506318,100032380986808.69,0.6350781081650032,0.5062400350336009,1000323809868.0868,0.5836061061979377,0.081348576451472,0.1224469293858036,0.0854372931049486,3736611044543.492,0.268358638087337,0.1872471260367177,37366110445.43491,0.5200873362445415,0.5816979459842063,33,0.8181818181818182,0.8181818181818182,154.0,4.666666666666667,0.4021399899025852,0.8148387851737133,0.0503367003367003,42.90687298774719,8.649243043999999,34.10176526,0.0606060606060606,0.0606060606060606,C2,C2,C2
