model_type,variant,dataset,M-of-N count,RMSE (test),MAE (test),MAPE (test),rRMSE (test),rMAE (test),rMAPE (test),maxError (test),R2 (test),RMSE (train),MAE (train),MAPE (train),rRMSE (train),rMAE (train),rMAPE (train),maxError (train),R2 (train),rules,plain conditions count,complex conditions count,conditions_count,avg conditions per rule,avg rule quality,avg rule precision,avg rule coverage,training time total (s),training time growing (s),training time pruning (s),pvalue significance fdr,pvalue significance fwer,induction measure,pruning measure,voting measure
plain,no_discretization,strike,0,0.2977629493887594,0.1977892984650362,1350484288255.6592,1.3663262830588143,0.907583423509524,13504842882.556593,0.9908571428571428,-0.6428884650111462,0.0746234172637989,0.0274811159320742,1030392767546.5564,1.6954578314512565,0.6243760327853305,10303927675.465565,0.9915609264425436,0.1990709620624267,59,2.169491525423729,0.4915254237288136,157.0,2.6610169491525424,0.4155901620091907,0.8116136758286392,0.0451474757222992,196.461979918,177.02417072499998,19.430906722000003,0.5932203389830508,0.4745762711864407,C2,C2,C2
