model_type,variant,dataset,M-of-N count,RMSE (test),MAE (test),MAPE (test),rRMSE (test),rMAE (test),rMAPE (test),maxError (test),R2 (test),RMSE (train),MAE (train),MAPE (train),rRMSE (train),rMAE (train),rMAPE (train),maxError (train),R2 (train),rules,plain conditions count,complex conditions count,conditions_count,avg conditions per rule,avg rule quality,avg rule precision,avg rule coverage,training time total (s),training time growing (s),training time pruning (s),pvalue significance fdr,pvalue significance fwer,induction measure,pruning measure,voting measure
plain,no_discretization,veteran,0,0.4434264337473174,0.3222009473075883,24299077995623.53,1.1686385446528866,0.8491520069412175,242990779956.23532,0.844689378757515,-0.7054281440775412,0.1440210366371098,0.0705500034760171,4172629164067.3223,1.135827711619131,0.5563954466235149,41726291640.673225,0.7915831663326653,0.2292247470980748,27,3.4444444444444446,0.18518518518518517,98.0,3.6296296296296298,0.4022872916352,0.7932597286555113,0.1059921710328214,1.152895527,0.971183521,0.177439601,0.5555555555555556,0.4074074074074074,C2,C2,C2
