model_type,variant,dataset,M-of-N count,BAcc (test),BAcc (train),Acc (test),Acc (train),rules,conditions_count,avg conditions per rule,avg rule quality,avg rule precision,avg rule coverage,training time total (s),training time growing (s),training time pruning (s),rules_per_example (train) ,rules_per_example (test) ,voting_conflicts (train) ,voting_conflicts (test) ,negative_voting_conflicts (train) ,negative_voting_conflicts (test) ,induction measure,pruning measure,voting measure
complex,no_discretization,zoo,0,0.8,0.9841269841269842,0.9,0.989010989010989,10,16.0,1.6,0.8966666666666667,1.0,0.1065934065934065,0.06682046,0.226980695,0.008087931,1.065934065934066,0.9,0.0,0.0,0.0,0.0,C2,C2,C2
complex,no_discretization,zoo,0,0.75,1.0,0.8,1.0,8,11.0,1.375,0.9236280487804878,0.9875,0.1263736263736263,0.287545499,0.434528109,0.011350251,1.010989010989011,1.5,1.0,2.0,1.0,2.0,C2,C2,C2
complex,no_discretization,zoo,0,1.0,1.0,1.0,1.0,10,15.0,1.5,0.8881559497413155,0.9818181818181818,0.110989010989011,0.20118741,0.357669888,0.012109634,1.10989010989011,1.2,2.0,0.0,2.0,0.0,C2,C2,C2
complex,no_discretization,zoo,0,0.8333333333333334,1.0,0.9,1.0,10,16.0,1.6,0.8756559497413156,0.9818181818181818,0.1098901098901099,0.208322085,0.362422431,0.019068309,1.098901098901099,1.0,2.0,0.0,2.0,0.0,C2,C2,C2
complex,no_discretization,zoo,0,1.0,1.0,1.0,1.0,10,15.0,1.5,0.8931559497413156,0.9818181818181818,0.1120879120879121,0.175591493,0.311894296,0.010366878,1.120879120879121,1.1,2.0,0.0,2.0,0.0,C2,C2,C2
complex,no_discretization,zoo,0,1.0,1.0,1.0,1.0,10,15.0,1.5,0.8931559497413156,0.9818181818181818,0.1120879120879121,0.170423542,0.30705892,0.012641349,1.120879120879121,1.1,2.0,0.0,2.0,0.0,C2,C2,C2
complex,no_discretization,zoo,0,1.0,0.979591836734694,1.0,0.9888888888888888,9,13.0,1.4444444444444444,0.9017155683822352,0.9797979797979798,0.1209876543209876,0.271995981,0.4070356930000001,0.011792401,1.0888888888888888,1.0,2.0,0.0,2.0,0.0,C2,C2,C2
complex,no_discretization,zoo,0,1.0,0.979591836734694,1.0,0.989010989010989,10,15.0,1.5,0.891568648154014,0.9818181818181818,0.1120879120879121,0.267529424,0.414093511,0.013141566,1.120879120879121,1.0,2.0,0.0,2.0,0.0,C2,C2,C2
complex,no_discretization,zoo,0,0.6666666666666666,0.9841269841269842,0.8,0.989010989010989,9,14.0,1.5555555555555556,0.9074074074074072,1.0,0.1147741147741147,0.060131089,0.202355267,0.017352195,1.032967032967033,0.9,0.0,0.0,0.0,0.0,C2,C2,C2
