model_type,variant,dataset,M-of-N count,RMSE (test),MAE (test),MAPE (test),rRMSE (test),rMAE (test),rMAPE (test),maxError (test),R2 (test),RMSE (train),MAE (train),MAPE (train),rRMSE (train),rMAE (train),rMAPE (train),maxError (train),R2 (train),rules,plain conditions count,complex conditions count,conditions_count,avg conditions per rule,avg rule quality,avg rule precision,avg rule coverage,training time total (s),training time growing (s),training time pruning (s),pvalue significance fdr,pvalue significance fwer,induction measure,pruning measure,voting measure
exact_M-of-N,no_discretization,cloud,0.14285714285714285,0.3551818051750816,0.2701861673852671,24176763702241.81,0.7480661440081753,0.5690525850574286,241767637022.4181,0.7148890683267495,-0.2978369752591847,0.1571030893401926,0.0875590013395844,2467016704311.7617,0.7718056373285813,0.4301540543637361,24670167043.11762,0.8399491066620326,0.2673248484241717,14,2,0.7857142857142857,41.0,2.9285714285714284,0.4712496164086946,0.8040913085092194,0.1800291545189504,1.1500349044799805,0.376305936,0.0589177979999999,0.4285714285714285,0.2857142857142857,C2,C2,C2
