model_type,variant,dataset,M-of-N count,RMSE (test),MAE (test),MAPE (test),rRMSE (test),rMAE (test),rMAPE (test),maxError (test),R2 (test),RMSE (train),MAE (train),MAPE (train),rRMSE (train),rMAE (train),rMAPE (train),maxError (train),R2 (train),rules,plain conditions count,complex conditions count,conditions_count,avg conditions per rule,avg rule quality,avg rule precision,avg rule coverage,training time total (s),training time growing (s),training time pruning (s),pvalue significance fdr,pvalue significance fwer,induction measure,pruning measure,voting measure
plain,no_discretization,pharynx,0,0.2422121143774154,0.1825040630127556,42252314384823.55,0.6644496573774756,0.5006552312650542,422523143848.2355,0.5526986036772175,0.3541222200182662,0.1608835410722607,0.113489109980516,4561329393817.045,0.5306521166063712,0.3743281383636679,45613293938.17045,0.6418322295805738,0.5067571096991053,31,3.5806451612903225,0.12903225806451613,115.0,3.7096774193548385,0.3987799946139181,0.7859135591351256,0.0716642228739003,1.977442721,1.840808191,0.130624837,0.3225806451612903,0.1290322580645161,C2,C2,C2
