model_type,variant,dataset,M-of-N count,RMSE (test),MAE (test),MAPE (test),rRMSE (test),rMAE (test),rMAPE (test),maxError (test),R2 (test),RMSE (train),MAE (train),MAPE (train),rRMSE (train),rMAE (train),rMAPE (train),maxError (train),R2 (train),rules,plain conditions count,complex conditions count,conditions_count,avg conditions per rule,avg rule quality,avg rule precision,avg rule coverage,training time total (s),training time growing (s),training time pruning (s),pvalue significance fdr,pvalue significance fwer,induction measure,pruning measure,voting measure
at_least_M-of-N,no_discretization,cloud,0.14285714285714285,0.345271197044866,0.2345969948567689,52725354952262.51,0.9425448709958312,0.6404188827385736,527253549522.62506,0.7283333333333333,0.0691429239457028,0.1492385008176757,0.077578578750475,4650836998882.534,0.7297664886228138,0.3793541659618255,46508369988.82534,0.7996451627893941,0.279431668531323,7,1,1.1428571428571428,16.0,2.2857142857142856,0.5582424790649377,0.8744642098949312,0.337260677466863,2.54257869720459,0.299881467,0.03589446,0.4285714285714285,0.4285714285714285,C2,C2,C2
