model_type,variant,dataset,M-of-N count,RMSE (test),MAE (test),MAPE (test),rRMSE (test),rMAE (test),rMAPE (test),maxError (test),R2 (test),RMSE (train),MAE (train),MAPE (train),rRMSE (train),rMAE (train),rMAPE (train),maxError (train),R2 (train),rules,plain conditions count,complex conditions count,conditions_count,avg conditions per rule,avg rule quality,avg rule precision,avg rule coverage,training time total (s),training time growing (s),training time pruning (s),pvalue significance fdr,pvalue significance fwer,induction measure,pruning measure,voting measure
at_least_M-of-N,no_discretization,mbagrade,0,0.2920612544775167,0.2152595805821803,386310919492808.5,0.6027647166876409,0.4442591343930104,3863109194928.085,0.6004477884790432,0.312097566932967,0.230910986885632,0.154865279011675,13494751070028.742,0.4330852411620349,0.2904576677488981,134947510700.2874,0.8381924198250729,0.0404506608909156,14,1.0714285714285714,2.142857142857143,45.0,3.2142857142857144,0.3676297095772958,0.747239665096808,0.1177248677248677,0.1595311164855957,0.102579824,0.0325500509999999,0.0,0.0,C2,C2,C2
