model_type,variant,dataset,M-of-N count,RMSE (test),MAE (test),MAPE (test),rRMSE (test),rMAE (test),rMAPE (test),maxError (test),R2 (test),RMSE (train),MAE (train),MAPE (train),rRMSE (train),rMAE (train),rMAPE (train),maxError (train),R2 (train),rules,plain conditions count,complex conditions count,conditions_count,avg conditions per rule,avg rule quality,avg rule precision,avg rule coverage,training time total (s),training time growing (s),training time pruning (s),pvalue significance fdr,pvalue significance fwer,induction measure,pruning measure,voting measure
plain,no_discretization,elusage,0,0.2375786109642626,0.2003933514274228,143848140612637.5,0.7030509701426393,0.5930110440471308,1438481406126.375,0.4634175744690177,0.5875828924926996,0.1709177942682624,0.1164987002150301,11923209485768.186,0.4591398279684444,0.3129527466948402,119232094857.68184,0.4634175744690177,0.5998549962726527,7,1.1428571428571428,0,8.0,1.1428571428571428,0.4272035017919168,0.6724867724867725,0.1895043731778425,0.033321281,0.029132886,0.001786875,0.5714285714285714,0.5714285714285714,C2,C2,C2
