model_type,variant,dataset,M-of-N count,RMSE (test),MAE (test),MAPE (test),rRMSE (test),rMAE (test),rMAPE (test),maxError (test),R2 (test),RMSE (train),MAE (train),MAPE (train),rRMSE (train),rMAE (train),rMAPE (train),maxError (train),R2 (train),rules,plain conditions count,complex conditions count,conditions_count,avg conditions per rule,avg rule quality,avg rule precision,avg rule coverage,training time total (s),training time growing (s),training time pruning (s),pvalue significance fdr,pvalue significance fwer,induction measure,pruning measure,voting measure
complex,no_discretization,pollution,0,0.13552612287707436,0.09484046971749374,25707229846330.848,0.295501900605922,0.2067906796189962,257072298463.30847,0.40939610689754,0.515593371360804,0.13263963345655244,0.09250899058970452,28277952830963.867,0.28582085000675234,0.19934462750364157,282779528309.6387,0.40939610689754,0.5193494392612976,14,7,45,53.0,3.7857142857142856,0.4252725597929254,0.7408057541198299,0.1369047619047619,20.075192334,15.127513308000003,4.926526942999999,0.2857142857142857,0.14285714285714285,C2,C2,C2
