model_type,variant,dataset,M-of-N count,RMSE (test),MAE (test),MAPE (test),rRMSE (test),rMAE (test),rMAPE (test),maxError (test),R2 (test),RMSE (train),MAE (train),MAPE (train),rRMSE (train),rMAE (train),rMAPE (train),maxError (train),R2 (train),rules,plain conditions count,complex conditions count,conditions_count,avg conditions per rule,avg rule quality,avg rule precision,avg rule coverage,training time total (s),training time growing (s),training time pruning (s),pvalue significance fdr,pvalue significance fwer,induction measure,pruning measure,voting measure
plain,no_discretization,pharynx,0,0.15631745319812518,0.10378505043712523,4867525341091.935,0.5282629546922764,0.3507336914407985,48675253410.91934,0.760485651214128,0.5316876227417147,0.15543833187283837,0.10328497507376821,3610348828970.442,0.5142226650308379,0.34168840143965523,36103488289.70442,0.760485651214128,0.5451976891903586,47,158,19,185.0,3.9361702127659575,0.3994426070105982,0.7983539236368362,0.060120021822149476,7.470302841,6.776096874,0.6864778420000001,0.23404255319148937,0.1276595744680851,C2,C2,C2
