model_type,variant,dataset,M-of-N count,RMSE (test),MAE (test),MAPE (test),rRMSE (test),rMAE (test),rMAPE (test),maxError (test),R2 (test),RMSE (train),MAE (train),MAPE (train),rRMSE (train),rMAE (train),rMAPE (train),maxError (train),R2 (train),rules,plain conditions count,complex conditions count,conditions_count,avg conditions per rule,avg rule quality,avg rule precision,avg rule coverage,training time total (s),training time growing (s),training time pruning (s),pvalue significance fdr,pvalue significance fwer,induction measure,pruning measure,voting measure
exact_M-of-N,no_discretization,auto-mpg,0.5,0.1423628494425659,0.1135477739669225,49503791582030.85,0.4069367294568323,0.3245703493301073,495037915820.3085,0.4281914893617021,0.7170646442951518,0.1258049651510327,0.0877271607330058,1872462452684.57,0.3269937968071795,0.2280215040539979,18724624526.8457,0.5065040549721048,0.6263293645896808,14,0.9285714285714286,1.9285714285714286,47.0,3.357142857142857,0.6269640138771491,0.8859315845427218,0.1945331205107741,6.656121015548706,1.171059281,0.8099417740000001,1.0,1.0,C2,C2,C2
