model_type,variant,dataset,M-of-N count,RMSE (test),MAE (test),MAPE (test),rRMSE (test),rMAE (test),rMAPE (test),maxError (test),R2 (test),RMSE (train),MAE (train),MAPE (train),rRMSE (train),rMAE (train),rMAPE (train),maxError (train),R2 (train),rules,plain conditions count,complex conditions count,conditions_count,avg conditions per rule,avg rule quality,avg rule precision,avg rule coverage,training time total (s),training time growing (s),training time pruning (s),pvalue significance fdr,pvalue significance fwer,induction measure,pruning measure,voting measure
complex,no_discretization,dee,0,0.1154716527870687,0.0941141756569911,31788076136696.383,0.2152639046363685,0.1754489906792584,317880761366.9638,0.2551492236330439,0.8167395893974628,0.1186514174776337,0.0849914484240091,3478330519517.124,0.2343632019863651,0.1678772021233085,34783305195.17124,0.4730527738193667,0.7150515081322654,21,1.3333333333333333,3.9047619047619047,110.0,5.238095238095238,0.5014636997199959,0.8056045218397152,0.0913301490809089,996.043561746,988.436750723,7.5967108209999985,0.9523809523809524,0.9523809523809524,C2,C2,C2
