model_type,variant,dataset,M-of-N count,RMSE (test),MAE (test),MAPE (test),rRMSE (test),rMAE (test),rMAPE (test),maxError (test),R2 (test),RMSE (train),MAE (train),MAPE (train),rRMSE (train),rMAE (train),rMAPE (train),maxError (train),R2 (train),rules,plain conditions count,complex conditions count,conditions_count,avg conditions per rule,avg rule quality,avg rule precision,avg rule coverage,training time total (s),training time growing (s),training time pruning (s),pvalue significance fdr,pvalue significance fwer,induction measure,pruning measure,voting measure
complex,no_discretization,pharynx,0,0.2992013294062117,0.2115129182944501,40711226783758.94,0.924137393196617,0.6532958838383559,407112267837.58936,0.7676600441501104,-0.0281119932892868,0.0939331845550045,0.040429375802064,3429683246126.7954,0.314186434174539,0.1352276246070926,34296832461.26796,0.6495584988962472,0.8337948763790538,67,0.1044776119402985,1.1791044776119404,86.0,1.2835820895522387,0.5537412149497396,0.7054059297529446,0.0289179104477612,1835.348358547,1834.8082817520003,0.217264083,0.9552238805970148,0.8507462686567164,C2,C2,C2
