model_type,variant,dataset,M-of-N count,RMSE (test),MAE (test),MAPE (test),rRMSE (test),rMAE (test),rMAPE (test),maxError (test),R2 (test),RMSE (train),MAE (train),MAPE (train),rRMSE (train),rMAE (train),rMAPE (train),maxError (train),R2 (train),rules,plain conditions count,complex conditions count,conditions_count,avg conditions per rule,avg rule quality,avg rule precision,avg rule coverage,training time total (s),training time growing (s),training time pruning (s),pvalue significance fdr,pvalue significance fwer,induction measure,pruning measure,voting measure
complex,no_discretization,cpu,0,0.09837922795128376,0.0326057351145112,418680639580.51996,1.4055103372653062,0.4658269709157833,4186806395.8051996,0.7731303849838698,0.363238711507883,0.10128652996591504,0.032369894074659365,460749029203.40717,1.4689104150353276,0.46944519232575643,4607490292.034072,0.7731303849838698,0.3562191224011677,43,114,98,232.0,5.395348837209302,0.6845253337914365,0.896076740890646,0.10537442973183485,137.710732718,134.287476127,3.3930574110000005,0.9534883720930233,0.9534883720930233,C2,C2,C2
