model_type,variant,dataset,M-of-N count,RMSE (test),MAE (test),MAPE (test),rRMSE (test),rMAE (test),rMAPE (test),maxError (test),R2 (test),RMSE (train),MAE (train),MAPE (train),rRMSE (train),rMAE (train),rMAPE (train),maxError (train),R2 (train),rules,plain conditions count,complex conditions count,conditions_count,avg conditions per rule,avg rule quality,avg rule precision,avg rule coverage,training time total (s),training time growing (s),training time pruning (s),pvalue significance fdr,pvalue significance fwer,induction measure,pruning measure,voting measure
complex,no_discretization,fruitfly,0,0.374731943977814,0.3043701829496468,80270537448442.89,0.8179783105485865,0.6643901381550126,802705374484.429,0.7682926829268293,-0.6703723882899313,0.1926125663556274,0.1282512718264989,7355617858293.127,0.707298604322304,0.4709554899858323,73556178582.93127,0.8170731707317074,0.0376647638009992,9,0.3333333333333333,1.2222222222222223,14.0,1.5555555555555556,0.3612343940424276,0.7353952692187986,0.0813492063492063,1.007634354,0.990504637,0.0075616089999999,0.2222222222222222,0.1111111111111111,C2,C2,C2
