model_type,variant,dataset,M-of-N count,RMSE (test),MAE (test),MAPE (test),rRMSE (test),rMAE (test),rMAPE (test),maxError (test),R2 (test),RMSE (train),MAE (train),MAPE (train),rRMSE (train),rMAE (train),rMAPE (train),maxError (train),R2 (train),rules,plain conditions count,complex conditions count,conditions_count,avg conditions per rule,avg rule quality,avg rule precision,avg rule coverage,training time total (s),training time growing (s),training time pruning (s),pvalue significance fdr,pvalue significance fwer,induction measure,pruning measure,voting measure
exact_M-of-N,no_discretization,bodyfat,0.10810810810810811,0.1759712669672427,0.1463329888339578,20883486426048.72,0.3400465171624651,0.2827735689839874,208834864260.4872,0.3557388803098327,0.528982745993416,0.0549233692586755,0.0343067710367459,3862086982627.317,0.1366431077599607,0.0853513518005799,38620869826.27317,0.3439418178913299,0.9038121316992552,37,3.2162162162162162,2.081081081081081,200.0,5.405405405405405,0.5610902986967201,0.8124557571366083,0.0446481724014763,27.334529161453247,7.112447718,6.817602571,0.8648648648648649,0.6756756756756757,C2,C2,C2
