model_type,variant,dataset,M-of-N count,RMSE (test),MAE (test),MAPE (test),rRMSE (test),rMAE (test),rMAPE (test),maxError (test),R2 (test),RMSE (train),MAE (train),MAPE (train),rRMSE (train),rMAE (train),rMAPE (train),maxError (train),R2 (train),rules,plain conditions count,complex conditions count,conditions_count,avg conditions per rule,avg rule quality,avg rule precision,avg rule coverage,training time total (s),training time growing (s),training time pruning (s),pvalue significance fdr,pvalue significance fwer,induction measure,pruning measure,voting measure
at_least_M-of-N,no_discretization,fishcatch,0,0.3556230975663482,0.2477335282956652,16329604746337.615,0.8391910414079635,0.5845957673301061,163296047463.37616,0.8042424242424242,0.1324521212421009,0.1444752488426014,0.0806348026438454,2028895836981.88,0.5881937585372984,0.3282838272711206,20288958369.8188,0.7243213318381929,0.5791256951879449,17,1.2352941176470589,1.8235294117647058,52.0,3.0588235294117645,0.7074378081901727,0.869325756918175,0.1905550952775476,4.994214773178101,1.83690134,0.987676066,0.9411764705882352,0.8823529411764706,C2,C2,C2
