model_type,variant,dataset,M-of-N count,RMSE (test),MAE (test),MAPE (test),rRMSE (test),rMAE (test),rMAPE (test),maxError (test),R2 (test),RMSE (train),MAE (train),MAPE (train),rRMSE (train),rMAE (train),rMAPE (train),maxError (train),R2 (train),rules,plain conditions count,complex conditions count,conditions_count,avg conditions per rule,avg rule quality,avg rule precision,avg rule coverage,training time total (s),training time growing (s),training time pruning (s),pvalue significance fdr,pvalue significance fwer,induction measure,pruning measure,voting measure
plain,no_discretization,fishcatch,0,0.1690544647552049,0.1223523533364291,51177268492846.86,0.4890284607736928,0.3539319893786523,511772684928.46857,0.4420904569930209,0.6363843127839184,0.1095664509896608,0.0805256162829984,2583398838616.3267,0.4750359813267247,0.3491266241392004,25833988386.163265,0.3333333333333333,0.7205873886092435,17,2.235294117647059,0.17647058823529413,41.0,2.411764705882353,0.466415589577103,0.7489114643526408,0.1209610604805302,0.678614028,0.618479726,0.057385675,0.5882352941176471,0.5294117647058824,C2,C2,C2
