model_type,variant,dataset,M-of-N count,RMSE (test),MAE (test),MAPE (test),rRMSE (test),rMAE (test),rMAPE (test),maxError (test),R2 (test),RMSE (train),MAE (train),MAPE (train),rRMSE (train),rMAE (train),rMAPE (train),maxError (train),R2 (train),rules,plain conditions count,complex conditions count,conditions_count,avg conditions per rule,avg rule quality,avg rule precision,avg rule coverage,training time total (s),training time growing (s),training time pruning (s),pvalue significance fdr,pvalue significance fwer,induction measure,pruning measure,voting measure
complex,no_discretization,pollution,0,0.3141575999445311,0.2836721870160534,344001206560769.06,0.6189585319610454,0.5588956640381672,3440012065607.6904,0.4583016720271198,0.2427708769710416,0.1312811575864585,0.0893070531516486,20960513489509.465,0.2825297959951337,0.1921974483752151,209605134895.09464,0.4256675237188414,0.5189863343999788,12,0.25,2.9166666666666665,38.0,3.1666666666666665,0.4551863085701166,0.7638262322472849,0.140432098765432,9.778833175,6.534441293,3.227301403,0.1666666666666666,0.0833333333333333,C2,C2,C2
