model_type,variant,dataset,M-of-N count,RMSE (test),MAE (test),MAPE (test),rRMSE (test),rMAE (test),rMAPE (test),maxError (test),R2 (test),RMSE (train),MAE (train),MAPE (train),rRMSE (train),rMAE (train),rMAPE (train),maxError (train),R2 (train),rules,plain conditions count,complex conditions count,conditions_count,avg conditions per rule,avg rule quality,avg rule precision,avg rule coverage,training time total (s),training time growing (s),training time pruning (s),pvalue significance fdr,pvalue significance fwer,induction measure,pruning measure,voting measure
complex,no_discretization,ozone,0,0.14341287756444618,0.09129267994168848,2682510387831.886,0.4883819367566117,0.3108904625499031,26825103878.318863,0.8786458847076702,0.5586551219787927,0.14571417793433586,0.09248141024034565,2950761426615.0464,0.5003290530310013,0.317547249447306,29507614266.150463,0.8786458847076702,0.5457221397601306,54,209,165,386.0,7.148148148148148,0.4987720794707914,0.8951049273076058,0.04809203142536475,1702.044845901,1669.312033947,32.71372758399999,0.6296296296296297,0.4444444444444444,C2,C2,C2
