model_type,variant,dataset,M-of-N count,RMSE (test),MAE (test),MAPE (test),rRMSE (test),rMAE (test),rMAPE (test),maxError (test),R2 (test),RMSE (train),MAE (train),MAPE (train),rRMSE (train),rMAE (train),rMAPE (train),maxError (train),R2 (train),rules,plain conditions count,complex conditions count,conditions_count,avg conditions per rule,avg rule quality,avg rule precision,avg rule coverage,training time total (s),training time growing (s),training time pruning (s),pvalue significance fdr,pvalue significance fwer,induction measure,pruning measure,voting measure
exact_M-of-N,no_discretization,elusage,0,0.2892591757648136,0.2235929506125395,114499271590666.05,0.884812135938343,0.6839463456574753,1144992715906.6604,0.5734717138285514,0.4817117860912041,0.1356925182100624,0.0880147545729657,14020318970285.553,0.3744545102424046,0.2428838542645701,140203189702.85553,0.5858198769532561,0.7328690037366881,3,0.3333333333333333,0.6666666666666666,3.0,1.0,0.7342686094874878,0.8218954248366014,0.3333333333333333,0.023188829421997,0.010965914,0.000633132,0.6666666666666666,0.6666666666666666,C2,C2,C2
