model_type,variant,dataset,M-of-N count,RMSE (test),MAE (test),MAPE (test),rRMSE (test),rMAE (test),rMAPE (test),maxError (test),R2 (test),RMSE (train),MAE (train),MAPE (train),rRMSE (train),rMAE (train),rMAPE (train),maxError (train),R2 (train),rules,plain conditions count,complex conditions count,conditions_count,avg conditions per rule,avg rule quality,avg rule precision,avg rule coverage,training time total (s),training time growing (s),training time pruning (s),pvalue significance fdr,pvalue significance fwer,induction measure,pruning measure,voting measure
at_least_M-of-N,no_discretization,cholesterol,0.13333333333333333,0.3324794610505448,0.2711624557693967,37871743414822.46,0.6740303794774687,0.5497233795578822,378717434148.2246,0.7437492854394829,-0.8678641188061786,0.1010686952799199,0.0690141079058955,4316613292757.681,0.366573288322044,0.250312209983607,43166132927.57681,0.3865035154016784,0.2661880611717429,75,2.92,2.7733333333333334,437.0,5.826666666666667,0.3646829684819893,0.8150873158999754,0.0319902319902319,32.7432656288147,15.661922243999996,13.178687045000002,0.1333333333333333,0.0533333333333333,C2,C2,C2
