model_type,variant,dataset,M-of-N count,RMSE (test),MAE (test),MAPE (test),rRMSE (test),rMAE (test),rMAPE (test),maxError (test),R2 (test),RMSE (train),MAE (train),MAPE (train),rRMSE (train),rMAE (train),rMAPE (train),maxError (train),R2 (train),rules,plain conditions count,complex conditions count,conditions_count,avg conditions per rule,avg rule quality,avg rule precision,avg rule coverage,training time total (s),training time growing (s),training time pruning (s),pvalue significance fdr,pvalue significance fwer,induction measure,pruning measure,voting measure
exact_M-of-N,no_discretization,bolts,2.111111111111111,0.1144491788959523,0.0911255737411172,122312246147249.66,0.2521365339870787,0.2007536143318005,1223122461472.4966,0.1940997720942009,0.9354878318199144,0.2655040406916061,0.1513108706181729,13590249571917.846,0.8256163709931973,0.4705191362292764,135902495719.17844,0.7110660926816916,0.3231092804231797,9,0.5555555555555556,0,24.0,2.6666666666666665,0.4160825146925329,0.707716049382716,0.1481481481481481,0.6393914222717285,0.324087233,0.253204249,0.4444444444444444,0.3333333333333333,C2,C2,C2
