model_type,variant,dataset,M-of-N count,RMSE (test),MAE (test),MAPE (test),rRMSE (test),rMAE (test),rMAPE (test),maxError (test),R2 (test),RMSE (train),MAE (train),MAPE (train),rRMSE (train),rMAE (train),rMAPE (train),maxError (train),R2 (train),rules,plain conditions count,complex conditions count,conditions_count,avg conditions per rule,avg rule quality,avg rule precision,avg rule coverage,training time total (s),training time growing (s),training time pruning (s),pvalue significance fdr,pvalue significance fwer,induction measure,pruning measure,voting measure
exact_M-of-N,no_discretization,ozone,0.15151515151515152,0.2053117391724815,0.1482387512260043,47949873182487.56,0.6452654659706561,0.4658932181388708,479498731824.8756,0.596963922021015,0.4106935212165437,0.1358314464750315,0.100189554721212,4492261446718.068,0.456328879643571,0.3365891216237845,44922614467.18069,0.6704025876969733,0.6170239217248011,33,3.3333333333333335,1.393939393939394,161.0,4.878787878787879,0.4759058208633587,0.8518152457643873,0.0810121416182022,2658.830216407776,27.711508065,52.96756481299999,0.7272727272727273,0.5151515151515151,C2,C2,C2
