model_type,variant,dataset,M-of-N count,RMSE (test),MAE (test),MAPE (test),rRMSE (test),rMAE (test),rMAPE (test),maxError (test),R2 (test),RMSE (train),MAE (train),MAPE (train),rRMSE (train),rMAE (train),rMAPE (train),maxError (train),R2 (train),rules,plain conditions count,complex conditions count,conditions_count,avg conditions per rule,avg rule quality,avg rule precision,avg rule coverage,training time total (s),training time growing (s),training time pruning (s),pvalue significance fdr,pvalue significance fwer,induction measure,pruning measure,voting measure
complex,no_discretization,elusage,0,0.1995006821855269,0.1691362172040299,114499271590663.48,0.405738997808909,0.3439845844623962,1144992715906.6348,0.3923240470815159,0.6750283459827577,0.1491502265822987,0.0883174752822965,14020318970285.54,0.427992065490686,0.2534302463438479,140203189702.8554,0.6717677775593063,0.6649827974489128,3,0.6666666666666666,1.3333333333333333,6.0,2.0,0.7094684970175166,0.8427350427350427,0.3605442176870748,0.144897902,0.140099147,0.002102353,0.6666666666666666,0.6666666666666666,C2,C2,C2
