model_type,variant,dataset,M-of-N count,RMSE (test),MAE (test),MAPE (test),rRMSE (test),rMAE (test),rMAPE (test),maxError (test),R2 (test),RMSE (train),MAE (train),MAPE (train),rRMSE (train),rMAE (train),rMAPE (train),maxError (train),R2 (train),rules,plain conditions count,complex conditions count,conditions_count,avg conditions per rule,avg rule quality,avg rule precision,avg rule coverage,training time total (s),training time growing (s),training time pruning (s),pvalue significance fdr,pvalue significance fwer,induction measure,pruning measure,voting measure
plain,no_discretization,elusage,0,0.2280011450080687,0.1806419383073438,92802100716134.6,0.697430529481296,0.552563903465309,928021007161.346,0.4590718961174431,0.677988708889939,0.151861199129356,0.0992537939291336,11363522536669.506,0.4190732967073081,0.273898894984751,113635225366.69504,0.4590718961174431,0.6654152603448822,7,1.1428571428571428,0.14285714285714285,9.0,1.2857142857142858,0.4319177419782317,0.6753913767098351,0.2448979591836735,0.079966435,0.06999664,0.007364772,0.4285714285714285,0.2857142857142857,C2,C2,C2
