model_type,variant,dataset,M-of-N count,RMSE (test),MAE (test),MAPE (test),rRMSE (test),rMAE (test),rMAPE (test),maxError (test),R2 (test),RMSE (train),MAE (train),MAPE (train),rRMSE (train),rMAE (train),rMAPE (train),maxError (train),R2 (train),rules,plain conditions count,complex conditions count,conditions_count,avg conditions per rule,avg rule quality,avg rule precision,avg rule coverage,training time total (s),training time growing (s),training time pruning (s),pvalue significance fdr,pvalue significance fwer,induction measure,pruning measure,voting measure
complex,no_discretization,bodyfat,0,0.2301461969363362,0.220234718499733,50850257589838.086,0.3831931876146323,0.3666905859351169,508502575898.38086,0.3619209037678964,0.1688667964603403,0.0577078894695851,0.027960894489766,3876483730742.133,0.1464371788925189,0.0709524216883851,38764837307.42133,0.5864279936865636,0.8962085256923498,43,0.6046511627906976,2.372093023255814,128.0,2.9767441860465116,0.7249690643446702,0.8395886026244056,0.0628730191397407,562.865582993,525.3375495340001,37.504620768,1.0,1.0,C2,C2,C2
