model_type,variant,dataset,M-of-N count,RMSE (test),MAE (test),MAPE (test),rRMSE (test),rMAE (test),rMAPE (test),maxError (test),R2 (test),RMSE (train),MAE (train),MAPE (train),rRMSE (train),rMAE (train),rMAPE (train),maxError (train),R2 (train),rules,plain conditions count,complex conditions count,conditions_count,avg conditions per rule,avg rule quality,avg rule precision,avg rule coverage,training time total (s),training time growing (s),training time pruning (s),pvalue significance fdr,pvalue significance fwer,induction measure,pruning measure,voting measure
exact_M-of-N,no_discretization,lowbwt,0.8181818181818182,0.2007883200525981,0.155798172256498,84334572157267.84,0.3438621637548669,0.2668138097232895,843345721572.6785,0.3898621817332399,0.3823275403993921,0.1230009129957379,0.0909068092088252,9425628652871.27,0.2350004579725616,0.1736827904491933,94256286528.71268,0.3973370707778555,0.4584490352338678,11,0.5454545454545454,1.7272727272727273,34.0,3.090909090909091,0.63574871200221,0.8623073543834446,0.2433155080213903,0.3399221897125244,0.0922150499999999,0.015072425,0.8181818181818182,0.8181818181818182,C2,C2,C2
