model_type,variant,dataset,M-of-N count,RMSE (test),MAE (test),MAPE (test),rRMSE (test),rMAE (test),rMAPE (test),maxError (test),R2 (test),RMSE (train),MAE (train),MAPE (train),rRMSE (train),rMAE (train),rMAPE (train),maxError (train),R2 (train),rules,plain conditions count,complex conditions count,conditions_count,avg conditions per rule,avg rule quality,avg rule precision,avg rule coverage,training time total (s),training time growing (s),training time pruning (s),pvalue significance fdr,pvalue significance fwer,induction measure,pruning measure,voting measure
exact_M-of-N,no_discretization,auto93,0.11764705882352941,0.2124896348601706,0.135831760485159,35820428331466.56,0.7740693841334786,0.4948156989102223,358204283314.66565,0.5802469135802469,0.4518655322169209,0.1341280401653323,0.074130712581528,2561550972449.9634,0.4657109539114724,0.25739200265601,25615509724.499638,0.5802469135802469,0.6098247711537761,17,2.4705882352941178,0.8823529411764706,59.0,3.4705882352941178,0.5657971969260746,0.8181719345381584,0.1330532212885154,2.046298027038574,0.95306714,0.3078157499999999,0.5882352941176471,0.4705882352941176,C2,C2,C2
