model_type,variant,dataset,M-of-N count,RMSE (test),MAE (test),MAPE (test),rRMSE (test),rMAE (test),rMAPE (test),maxError (test),R2 (test),RMSE (train),MAE (train),MAPE (train),rRMSE (train),rMAE (train),rMAPE (train),maxError (train),R2 (train),rules,plain conditions count,complex conditions count,conditions_count,avg conditions per rule,avg rule quality,avg rule precision,avg rule coverage,training time total (s),training time growing (s),training time pruning (s),pvalue significance fdr,pvalue significance fwer,induction measure,pruning measure,voting measure
exact_M-of-N,no_discretization,cpu,0.46153846153846156,0.2248600229958178,0.1310307822233306,1858178372922.981,1.2965011285519297,0.7554991534922587,18581783729.22981,0.7939493049877351,0.0975959080455153,0.1116584908000817,0.0335950009957017,438409795670.92,1.5969747971334902,0.4804862533550469,4384097956.709201,0.9877350776778414,0.2670285115103895,13,1.9230769230769231,0.8461538461538461,42.0,3.230769230769231,0.6797953013806547,0.8981206413364522,0.219721767594108,14.26218295097351,2.053225029,1.39127948,0.6923076923076923,0.6923076923076923,C2,C2,C2
