model_type,variant,dataset,M-of-N count,RMSE (test),MAE (test),MAPE (test),rRMSE (test),rMAE (test),rMAPE (test),maxError (test),R2 (test),RMSE (train),MAE (train),MAPE (train),rRMSE (train),rMAE (train),rMAPE (train),maxError (train),R2 (train),rules,plain conditions count,complex conditions count,conditions_count,avg conditions per rule,avg rule quality,avg rule precision,avg rule coverage,training time total (s),training time growing (s),training time pruning (s),pvalue significance fdr,pvalue significance fwer,induction measure,pruning measure,voting measure
exact_M-of-N,no_discretization,elusage,0,0.3640913465806483,0.3092605250335371,62289447612156.82,0.8620288698973458,0.7322104834465445,622894476121.5682,0.5703281544733103,-0.2829770052635476,0.1657858402095086,0.1044085555800188,7627279299448.708,0.4967032290774223,0.3128136072077552,76272792994.48708,0.5046846094169601,0.658437926642667,3,1,0.3333333333333333,4.0,1.3333333333333333,0.601856234192272,0.7737068965517242,0.4965986394557822,0.0207879543304443,0.008195664,0.000713692,0.6666666666666666,0.6666666666666666,C2,C2,C2
