model_type,variant,dataset,M-of-N count,RMSE (test),MAE (test),MAPE (test),rRMSE (test),rMAE (test),rMAPE (test),maxError (test),R2 (test),RMSE (train),MAE (train),MAPE (train),rRMSE (train),rMAE (train),rMAPE (train),maxError (train),R2 (train),rules,plain conditions count,complex conditions count,conditions_count,avg conditions per rule,avg rule quality,avg rule precision,avg rule coverage,training time total (s),training time growing (s),training time pruning (s),pvalue significance fdr,pvalue significance fwer,induction measure,pruning measure,voting measure
plain,no_discretization,cloud,0,0.3329540179800997,0.2772094293691514,25864503183608.004,0.7012510909437651,0.5838446279889458,258645031836.08005,0.5886287625418061,-0.1404788691367515,0.0823123187678756,0.0536095838325953,2601080255933.712,0.4043785002156578,0.2633696077563431,26010802559.33712,0.3229571413470829,0.7988723939009374,23,1.7826086956521738,0.4782608695652174,52.0,2.260869565217391,0.5048896219286523,0.7753571220683216,0.1175687666370896,1.22222277,1.055347421,0.16385738,0.6521739130434783,0.391304347826087,C2,C2,C2
