model_type,variant,dataset,M-of-N count,RMSE (test),MAE (test),MAPE (test),rRMSE (test),rMAE (test),rMAPE (test),maxError (test),R2 (test),RMSE (train),MAE (train),MAPE (train),rRMSE (train),rMAE (train),rMAPE (train),maxError (train),R2 (train),rules,plain conditions count,complex conditions count,conditions_count,avg conditions per rule,avg rule quality,avg rule precision,avg rule coverage,training time total (s),training time growing (s),training time pruning (s),pvalue significance fdr,pvalue significance fwer,induction measure,pruning measure,voting measure
at_least_M-of-N,no_discretization,concrete,0,0.3942145261400624,0.3606307243953304,289736829582011.44,1.083400760650661,0.9911040187927612,2897368295820.1143,0.6433449985676849,-0.7797204672395324,0.1358741069186903,0.0923939454404099,17179825007223.707,0.2592937360405525,0.1763188869760689,171798250072.2371,0.4678510998307953,0.5953185400287022,14,2.5,1.1428571428571428,51.0,3.642857142857143,0.4381540046482897,0.7578079274894843,0.1013824884792626,1.43019700050354,0.606441139,0.107084879,0.5,0.2142857142857142,C2,C2,C2
