model_type,variant,dataset,M-of-N count,RMSE (test),MAE (test),MAPE (test),rRMSE (test),rMAE (test),rMAPE (test),maxError (test),R2 (test),RMSE (train),MAE (train),MAPE (train),rRMSE (train),rMAE (train),rMAPE (train),maxError (train),R2 (train),rules,plain conditions count,complex conditions count,conditions_count,avg conditions per rule,avg rule quality,avg rule precision,avg rule coverage,training time total (s),training time growing (s),training time pruning (s),pvalue significance fdr,pvalue significance fwer,induction measure,pruning measure,voting measure
complex,no_discretization,ozone,0,0.292756275827568,0.2108169291304057,11854472820578.586,0.741184539595192,0.533734923750789,118544728205.78586,0.7567567567567568,0.1197464284352181,0.1372375102319136,0.0839409925045326,3387432127601.903,0.4795240063397454,0.2932997032217199,33874321276.019028,0.8918918918918919,0.5817654281024436,55,1.2545454545454546,5.7272727272727275,384.0,6.9818181818181815,0.5261419827967799,0.9107470436479572,0.0579124579124579,1345.621787322,1317.0485438239998,28.554351443,0.7454545454545455,0.5636363636363636,C2,C2,C2
