model_type,variant,dataset,M-of-N count,RMSE (test),MAE (test),MAPE (test),rRMSE (test),rMAE (test),rMAPE (test),maxError (test),R2 (test),RMSE (train),MAE (train),MAPE (train),rRMSE (train),rMAE (train),rMAPE (train),maxError (train),R2 (train),rules,plain conditions count,complex conditions count,conditions_count,avg conditions per rule,avg rule quality,avg rule precision,avg rule coverage,training time total (s),training time growing (s),training time pruning (s),pvalue significance fdr,pvalue significance fwer,induction measure,pruning measure,voting measure
plain,no_discretization,dee,0,0.14377911212264913,0.10461705657668911,3872671925199.493,0.2814253114207298,0.20477166183847187,38726719251.994934,0.46585110915192435,0.5841602893712885,0.1409404599356206,0.10236253879542033,4265244147753.9365,0.2782069047072047,0.20205670599665515,42652441477.53937,0.46585110915192435,0.5959277363221283,27,18,68,104.0,3.8518518518518516,0.43158762431211684,0.7658772255737978,0.11243023845763572,1902.556453752,1473.8184017730002,428.7330814900001,0.7407407407407407,0.5925925925925926,C2,C2,C2
