model_type,variant,dataset,M-of-N count,RMSE (test),MAE (test),MAPE (test),rRMSE (test),rMAE (test),rMAPE (test),maxError (test),R2 (test),RMSE (train),MAE (train),MAPE (train),rRMSE (train),rMAE (train),rMAPE (train),maxError (train),R2 (train),rules,plain conditions count,complex conditions count,conditions_count,avg conditions per rule,avg rule quality,avg rule precision,avg rule coverage,training time total (s),training time growing (s),training time pruning (s),pvalue significance fdr,pvalue significance fwer,induction measure,pruning measure,voting measure
exact_M-of-N,no_discretization,ozone,0.10714285714285714,0.1847054515260291,0.1489855147391839,14816701274595.91,0.5489537798459936,0.4427923528117983,148167012745.9591,0.4522901346849185,0.5298928807988008,0.1363882107516504,0.1005413708015048,4098279759187.509,0.4730966060447873,0.3487528799677198,40982797591.87509,0.550137552811664,0.6033075154086931,28,2.8214285714285716,1.6428571428571428,128.0,4.571428571428571,0.476235989693506,0.8465573546808302,0.0823713323713323,2782.2556190490723,24.144230945999997,56.70556604800001,0.6428571428571429,0.5,C2,C2,C2
