model_type,variant,dataset,M-of-N count,RMSE (test),MAE (test),MAPE (test),rRMSE (test),rMAE (test),rMAPE (test),maxError (test),R2 (test),RMSE (train),MAE (train),MAPE (train),rRMSE (train),rMAE (train),rMAPE (train),maxError (train),R2 (train),rules,plain conditions count,complex conditions count,conditions_count,avg conditions per rule,avg rule quality,avg rule precision,avg rule coverage,training time total (s),training time growing (s),training time pruning (s),pvalue significance fdr,pvalue significance fwer,induction measure,pruning measure,voting measure
exact_M-of-N,no_discretization,auto-mpg,0.5714285714285714,0.2163921362439903,0.1651369405810685,16546318340925.666,0.4724066177137103,0.3605111762080451,165463183409.25665,0.5921401293741722,0.2932196760752931,0.1686931438011599,0.1159572095177355,1914923922574.871,0.4337226971458785,0.2981346635214951,19149239225.74871,0.7074468085106382,0.3518211343068432,14,0.21428571428571427,1.5,32.0,2.2857142857142856,0.6083386203432,0.8767070309604751,0.2109033028253084,14.541067361831663,1.33387281,1.5210292319999998,1.0,1.0,C2,C2,C2
