model_type,variant,dataset,M-of-N count,RMSE (test),MAE (test),MAPE (test),rRMSE (test),rMAE (test),rMAPE (test),maxError (test),R2 (test),RMSE (train),MAE (train),MAPE (train),rRMSE (train),rMAE (train),rMAPE (train),maxError (train),R2 (train),rules,plain conditions count,complex conditions count,conditions_count,avg conditions per rule,avg rule quality,avg rule precision,avg rule coverage,training time total (s),training time growing (s),training time pruning (s),pvalue significance fdr,pvalue significance fwer,induction measure,pruning measure,voting measure
at_least_M-of-N,no_discretization,gascons,0.3333333333333333,0.2333327987073558,0.21359634203889,127876009462441.16,0.5043687630594977,0.4617067271511372,1278760094624.4116,0.3071906048928141,0.6787207905612318,0.1864747253410496,0.1210022371018335,84096160798378.77,0.3271650754178289,0.2122952907142999,840961607983.7876,0.5518456287954925,0.6473665933496181,3,0.3333333333333333,0.6666666666666666,4.0,1.3333333333333333,0.6765670256706672,0.8532356532356532,0.4861111111111111,0.0715205669403076,0.030916072,0.000772632,0.3333333333333333,0.3333333333333333,C2,C2,C2
