model_type,variant,dataset,M-of-N count,RMSE (test),MAE (test),MAPE (test),rRMSE (test),rMAE (test),rMAPE (test),maxError (test),R2 (test),RMSE (train),MAE (train),MAPE (train),rRMSE (train),rMAE (train),rMAPE (train),maxError (train),R2 (train),rules,plain conditions count,complex conditions count,conditions_count,avg conditions per rule,avg rule quality,avg rule precision,avg rule coverage,training time total (s),training time growing (s),training time pruning (s),pvalue significance fdr,pvalue significance fwer,induction measure,pruning measure,voting measure
at_least_M-of-N,no_discretization,auto93,0,0.3099067715699331,0.2333127884384725,23318911431163.816,0.6707635251928419,0.5049831846292733,233189114311.63812,0.7302406994539811,-0.2874473612333095,0.1369195782992387,0.0852620852560086,2809507401345.496,0.6335471690227155,0.3945202973154205,28095074013.45496,0.656880733944954,0.4138463579833258,7,2,0.42857142857142855,17.0,2.4285714285714284,0.5851673515927226,0.8739626844890002,0.2633390705679862,0.2469019889831543,0.109854651,0.0155711969999999,0.8571428571428571,0.8571428571428571,C2,C2,C2
