model_type,variant,dataset,M-of-N count,RMSE (test),MAE (test),MAPE (test),rRMSE (test),rMAE (test),rMAPE (test),maxError (test),R2 (test),RMSE (train),MAE (train),MAPE (train),rRMSE (train),rMAE (train),rMAPE (train),maxError (train),R2 (train),rules,plain conditions count,complex conditions count,conditions_count,avg conditions per rule,avg rule quality,avg rule precision,avg rule coverage,training time total (s),training time growing (s),training time pruning (s),pvalue significance fdr,pvalue significance fwer,induction measure,pruning measure,voting measure
exact_M-of-N,no_discretization,strike,0.38095238095238093,0.0792206931066306,0.0329340213547515,1009923991224.9106,1.863579275924803,0.7747364642085282,10099239912.249107,0.9913660171445072,-0.0536668845492467,0.0821292591069657,0.0335827574525372,992595288752.1855,1.901754050741112,0.7776296257249707,9925952887.521856,0.9913660171445072,-0.0531432806251135,42,2.119047619047619,2.1666666666666665,196.0,4.666666666666667,0.4408319330784694,0.930681038837152,0.1416761904761904,16383.18507051468,83.73390291300002,523.170293449,0.5952380952380952,0.5238095238095238,C2,C2,C2
