model_type,variant,dataset,M-of-N count,RMSE (test),MAE (test),MAPE (test),rRMSE (test),rMAE (test),rMAPE (test),maxError (test),R2 (test),RMSE (train),MAE (train),MAPE (train),rRMSE (train),rMAE (train),rMAPE (train),maxError (train),R2 (train),rules,plain conditions count,complex conditions count,conditions_count,avg conditions per rule,avg rule quality,avg rule precision,avg rule coverage,training time total (s),training time growing (s),training time pruning (s),pvalue significance fdr,pvalue significance fwer,induction measure,pruning measure,voting measure
plain,no_discretization,machine,0,0.2709875462459908,0.1506801825248338,5249020018527.36,1.487398791741532,0.8270546913745752,52490200185.273605,0.928338107278231,-0.2478652321821683,0.0695145888321554,0.0378746976445948,586326704198.0812,0.7692242050478152,0.4191081998260086,5863267041.980812,0.3535526610208168,0.7709967476967511,13,2.5384615384615383,0.38461538461538464,38.0,2.923076923076923,0.5795917976577778,0.7864070171540267,0.1501636661211129,0.719753081,0.539319613,0.176959985,0.6153846153846154,0.4615384615384615,C2,C2,C2
