model_type,variant,dataset,M-of-N count,RMSE (test),MAE (test),MAPE (test),rRMSE (test),rMAE (test),rMAPE (test),maxError (test),R2 (test),RMSE (train),MAE (train),MAPE (train),rRMSE (train),rMAE (train),rMAPE (train),maxError (train),R2 (train),rules,plain conditions count,complex conditions count,conditions_count,avg conditions per rule,avg rule quality,avg rule precision,avg rule coverage,training time total (s),training time growing (s),training time pruning (s),pvalue significance fdr,pvalue significance fwer,induction measure,pruning measure,voting measure
complex,no_discretization,dee,0,0.234188389832135,0.2034943598768964,35923399694920.69,0.5372964058627048,0.4668753572863294,359233996949.20685,0.6148418081100181,0.3748639723165667,0.1431892648990346,0.1042906974270483,3521759453013.253,0.2854972554523654,0.2079395260924767,35217594530.13253,0.5093550848616724,0.5816213372233221,21,1.380952380952381,4.476190476190476,123.0,5.857142857142857,0.4812001826979289,0.8200961408543318,0.1027645100593428,1088.306806474,1077.502643978,10.797373741000005,0.9523809523809524,0.9523809523809524,C2,C2,C2
