model_type,variant,dataset,M-of-N count,RMSE (test),MAE (test),MAPE (test),rRMSE (test),rMAE (test),rMAPE (test),maxError (test),R2 (test),RMSE (train),MAE (train),MAPE (train),rRMSE (train),rMAE (train),rMAPE (train),maxError (train),R2 (train),rules,plain conditions count,complex conditions count,conditions_count,avg conditions per rule,avg rule quality,avg rule precision,avg rule coverage,training time total (s),training time growing (s),training time pruning (s),pvalue significance fdr,pvalue significance fwer,induction measure,pruning measure,voting measure
at_least_M-of-N,no_discretization,strike,0.16666666666666666,0.3063208102040796,0.2060090922978898,1410983250952.0408,1.4055952054775835,0.9453010790412386,14109832509.520409,0.9908571428571428,-0.7386804437168879,0.084692542947347,0.0344923339552406,1371563178820.826,1.9242302278652212,0.7836722020208872,13715631788.20826,0.9895820046649086,-0.0316541261203833,30,2.2666666666666666,4.133333333333334,197.0,6.566666666666666,0.466068172588907,0.9352809912641468,0.1530249110320284,35244.79326725006,70.182095658,337.488303968,0.4666666666666667,0.3666666666666666,C2,C2,C2
