model_type,variant,dataset,M-of-N count,RMSE (test),MAE (test),MAPE (test),rRMSE (test),rMAE (test),rMAPE (test),maxError (test),R2 (test),RMSE (train),MAE (train),MAPE (train),rRMSE (train),rMAE (train),rMAPE (train),maxError (train),R2 (train),rules,plain conditions count,complex conditions count,conditions_count,avg conditions per rule,avg rule quality,avg rule precision,avg rule coverage,training time total (s),training time growing (s),training time pruning (s),pvalue significance fdr,pvalue significance fwer,induction measure,pruning measure,voting measure
plain,no_discretization,servo,0,0.1817858138857584,0.1025245822433484,15146477216711.7,1.178124574284308,0.6644453009134621,151464772167.117,0.459207101304948,0.3880331684899482,0.1483443375210343,0.0764634822625011,962953986962.0488,0.7931528475626788,0.4088273924339157,9629539869.62049,0.4878789357226289,0.5848693250013476,14,2.2857142857142856,0,32.0,2.2857142857142856,0.38933437105591,0.7150979455327281,0.0789971617786187,0.032981295,0.027835847,0.002066576,0.9285714285714286,0.9285714285714286,C2,C2,C2
