model_type,variant,dataset,M-of-N count,RMSE (test),MAE (test),MAPE (test),rRMSE (test),rMAE (test),rMAPE (test),maxError (test),R2 (test),RMSE (train),MAE (train),MAPE (train),rRMSE (train),rMAE (train),rMAPE (train),maxError (train),R2 (train),rules,plain conditions count,complex conditions count,conditions_count,avg conditions per rule,avg rule quality,avg rule precision,avg rule coverage,training time total (s),training time growing (s),training time pruning (s),pvalue significance fdr,pvalue significance fwer,induction measure,pruning measure,voting measure
plain,no_discretization,fruitfly,0,0.3512149092296556,0.2844444652941896,117146943836061.8,1.011498938581408,0.819200060047266,1171469438360.618,0.7754497988499877,-0.4007805349826328,0.2516299170235913,0.1567512122667825,9720698526594.023,0.8885681444895569,0.5535277183170759,97206985265.94025,1.2167531837437,-0.6046406449643926,30,1.9,0.5333333333333333,73.0,2.433333333333333,0.2964493451882932,0.7113226316167494,0.0625368731563422,0.820523231,0.7201449310000001,0.098181228,0.0333333333333333,0.0333333333333333,C2,C2,C2
