model_type,variant,dataset,M-of-N count,RMSE (test),MAE (test),MAPE (test),rRMSE (test),rMAE (test),rMAPE (test),maxError (test),R2 (test),RMSE (train),MAE (train),MAPE (train),rRMSE (train),rMAE (train),rMAPE (train),maxError (train),R2 (train),rules,plain conditions count,complex conditions count,conditions_count,avg conditions per rule,avg rule quality,avg rule precision,avg rule coverage,training time total (s),training time growing (s),training time pruning (s),pvalue significance fdr,pvalue significance fwer,induction measure,pruning measure,voting measure
complex,no_discretization,auto93,0,0.4365921138831587,0.3221501677932022,40238182846826.0,0.996071168911752,0.734975470227498,402381828468.26,0.8018348623853211,-0.3968890145382935,0.1630251476465901,0.094813546054169,4311233876446.1104,0.7627277730465913,0.4435936779110741,43112338764.46111,0.8018348623853211,0.099879082825103,12,1.4166666666666667,3.1666666666666665,55.0,4.583333333333333,0.6739349881855743,0.8505260942760943,0.1488095238095238,380.215651214,364.482474075,15.711087888000002,1.0,1.0,C2,C2,C2
