model_type,variant,dataset,M-of-N count,RMSE (test),MAE (test),MAPE (test),rRMSE (test),rMAE (test),rMAPE (test),maxError (test),R2 (test),RMSE (train),MAE (train),MAPE (train),rRMSE (train),rMAE (train),rMAPE (train),maxError (train),R2 (train),rules,plain conditions count,complex conditions count,conditions_count,avg conditions per rule,avg rule quality,avg rule precision,avg rule coverage,training time total (s),training time growing (s),training time pruning (s),pvalue significance fdr,pvalue significance fwer,induction measure,pruning measure,voting measure
at_least_M-of-N,no_discretization,ozone,0,0.1466053991525369,0.1122278671066188,50567616541089.72,0.5128598768940339,0.3925992524224477,505676165410.8972,0.4071473477641713,0.6833694646961184,0.1318135043236611,0.0977371889509407,3969948864395.697,0.4516677889032467,0.3349030150863384,39699488643.95697,0.6328171942494916,0.6300912733196539,36,3.138888888888889,1.7222222222222223,175.0,4.861111111111111,0.4866243069224956,0.843245295651492,0.0784698840254395,5175.584733486176,63.959662458,192.84401299000004,0.5,0.4166666666666667,C2,C2,C2
