model_type,variant,dataset,M-of-N count,RMSE (test),MAE (test),MAPE (test),rRMSE (test),rMAE (test),rMAPE (test),maxError (test),R2 (test),RMSE (train),MAE (train),MAPE (train),rRMSE (train),rMAE (train),rMAPE (train),maxError (train),R2 (train),rules,plain conditions count,complex conditions count,conditions_count,avg conditions per rule,avg rule quality,avg rule precision,avg rule coverage,training time total (s),training time growing (s),training time pruning (s),pvalue significance fdr,pvalue significance fwer,induction measure,pruning measure,voting measure
complex,no_discretization,echomonths,0,0.3788607169557616,0.2742839043196277,84743032065306.17,0.8931690477454484,0.6466278573338374,847430320653.0618,0.8967418546365915,-0.1108570114573339,0.2043390967597304,0.1319840576264488,21967846768424.008,0.508294455908483,0.3283109587134604,219678467684.24008,0.912280701754386,0.4713328519569537,23,0.6956521739130435,2.0434782608695654,63.0,2.739130434782609,0.5075582433810948,0.842066017977659,0.0717205499814195,6.37673286,6.237492725,0.125406829,0.6521739130434783,0.3478260869565217,C2,C2,C2
