model_type,variant,dataset,M-of-N count,RMSE (test),MAE (test),MAPE (test),rRMSE (test),rMAE (test),rMAPE (test),maxError (test),R2 (test),RMSE (train),MAE (train),MAPE (train),rRMSE (train),rMAE (train),rMAPE (train),maxError (train),R2 (train),rules,plain conditions count,complex conditions count,conditions_count,avg conditions per rule,avg rule quality,avg rule precision,avg rule coverage,training time total (s),training time growing (s),training time pruning (s),pvalue significance fdr,pvalue significance fwer,induction measure,pruning measure,voting measure
complex,no_discretization,strike,0,0.0789049083954156,0.0351274628831996,648321344801.8685,1.85615078949788,0.8263347526742296,6483213448.018685,0.9917807127668248,-0.0452835008142791,0.0816463396173141,0.0357710086704853,648652458415.0881,1.8905717497485928,0.8282999430153289,6486524584.150882,0.9917807127668248,-0.0407947415637268,56,1.4285714285714286,7.75,514.0,9.178571428571429,0.5087842322994749,0.9188655234730324,0.1010571428571428,9939.490521416,9794.954232534004,144.50700065399997,0.8392857142857143,0.8035714285714286,C2,C2,C2
