model_type,variant,dataset,M-of-N count,RMSE (test),MAE (test),MAPE (test),rRMSE (test),rMAE (test),rMAPE (test),maxError (test),R2 (test),RMSE (train),MAE (train),MAPE (train),rRMSE (train),rMAE (train),rMAPE (train),maxError (train),R2 (train),rules,plain conditions count,complex conditions count,conditions_count,avg conditions per rule,avg rule quality,avg rule precision,avg rule coverage,training time total (s),training time growing (s),training time pruning (s),pvalue significance fdr,pvalue significance fwer,induction measure,pruning measure,voting measure
complex,no_discretization,bolts,0,0.5764250669009494,0.4731887680090325,152645781078883.4,0.8280515516223133,0.6797495738114037,1526457810788.834,0.9072177517678616,-0.993369634231801,0.0980393547721949,0.0613800662876111,11607058293469.287,0.3255578263621447,0.2038238726579867,116070582934.69289,0.3262881841349073,0.9098064475861724,9,0.1111111111111111,1.7777777777777777,17.0,1.8888888888888888,0.6605137596661792,0.803370140326662,0.2098765432098765,0.799285743,0.7572601529999999,0.030478714,0.8888888888888888,0.6666666666666666,C2,C2,C2
