model_type,variant,dataset,M-of-N count,RMSE (test),MAE (test),MAPE (test),rRMSE (test),rMAE (test),rMAPE (test),maxError (test),R2 (test),RMSE (train),MAE (train),MAPE (train),rRMSE (train),rMAE (train),rMAPE (train),maxError (train),R2 (train),rules,plain conditions count,complex conditions count,conditions_count,avg conditions per rule,avg rule quality,avg rule precision,avg rule coverage,training time total (s),training time growing (s),training time pruning (s),pvalue significance fdr,pvalue significance fwer,induction measure,pruning measure,voting measure
complex,no_discretization,elusage,0,0.277380465994154,0.1813667406319655,140903450191979.44,1.0546931941849196,0.6896169357508651,1409034501919.7944,0.5877627512438901,0.445725966801381,0.1521367537445688,0.0948349715447969,14090345019198.133,0.4031321070681761,0.2512937929962196,140903450191.98132,0.6694456788139125,0.6687319154190937,3,0.3333333333333333,0.6666666666666666,3.0,1.0,0.698638040090246,0.8242063492063493,0.3999999999999999,0.141523295,0.136864932,0.002811838,0.6666666666666666,0.6666666666666666,C2,C2,C2
