model_type,variant,dataset,M-of-N count,RMSE (test),MAE (test),MAPE (test),rRMSE (test),rMAE (test),rMAPE (test),maxError (test),R2 (test),RMSE (train),MAE (train),MAPE (train),rRMSE (train),rMAE (train),rMAPE (train),maxError (train),R2 (train),rules,plain conditions count,complex conditions count,conditions_count,avg conditions per rule,avg rule quality,avg rule precision,avg rule coverage,training time total (s),training time growing (s),training time pruning (s),pvalue significance fdr,pvalue significance fwer,induction measure,pruning measure,voting measure
plain,no_discretization,concrete,0,0.2914660740708807,0.2333153952907428,206986920464537.3,0.7030893235481336,0.5628152915266599,2069869204645.373,0.612105755781658,-0.0839521634408513,0.1671444249089068,0.1050937578345881,1557966068013.073,0.3595003070731645,0.2260394759418261,15579660680.13073,0.5986937590711177,0.2456877574630964,22,2.909090909090909,0.5,75.0,3.409090909090909,0.4122844874894169,0.7309427149140068,0.0918866080156402,10.206456145,8.180060334,2.021694175,0.4545454545454545,0.2272727272727272,C2,C2,C2
