model_type,variant,dataset,M-of-N count,RMSE (test),MAE (test),MAPE (test),rRMSE (test),rMAE (test),rMAPE (test),maxError (test),R2 (test),RMSE (train),MAE (train),MAPE (train),rRMSE (train),rMAE (train),rMAPE (train),maxError (train),R2 (train),rules,plain conditions count,complex conditions count,conditions_count,avg conditions per rule,avg rule quality,avg rule precision,avg rule coverage,training time total (s),training time growing (s),training time pruning (s),pvalue significance fdr,pvalue significance fwer,induction measure,pruning measure,voting measure
exact_M-of-N,no_discretization,auto-price,0.06666666666666667,0.3375786876824292,0.2729459264361618,20955316523841.176,0.7071281438534383,0.5717415031683771,209553165238.4117,0.6011542424877665,0.022749378277874,0.1146271947243403,0.0698785026958157,3920670507210.3945,0.5526711287114259,0.3369168289465277,39206705072.10394,0.7118808451075544,0.6727805289898512,15,2.1333333333333333,1,48.0,3.2,0.548154749308912,0.8291791199943375,0.1454545454545454,0.9498891830444336,0.533642653,0.211658582,0.6,0.4666666666666667,C2,C2,C2
