model_type,variant,dataset,M-of-N count,RMSE (test),MAE (test),MAPE (test),rRMSE (test),rMAE (test),rMAPE (test),maxError (test),R2 (test),RMSE (train),MAE (train),MAPE (train),rRMSE (train),rMAE (train),rMAPE (train),maxError (train),R2 (train),rules,plain conditions count,complex conditions count,conditions_count,avg conditions per rule,avg rule quality,avg rule precision,avg rule coverage,training time total (s),training time growing (s),training time pruning (s),pvalue significance fdr,pvalue significance fwer,induction measure,pruning measure,voting measure
complex,no_discretization,ele-1,0,0.1845488137821887,0.1171515897297513,4390590186871.731,0.635847392790547,0.4036359343866966,43905901868.71732,0.7250782129446811,0.171233503990677,0.1180390140929072,0.0755774501172385,707453296950.361,0.5423945704922131,0.3472817772179228,7074532969.50361,0.7204925893743446,0.4057961055267112,29,0.9655172413793104,5.689655172413793,193.0,6.655172413793103,0.5334411920456705,0.8724670835174446,0.0953118946144905,802.966418343,796.602365401,6.349188114,0.8620689655172413,0.8620689655172413,C2,C2,C2
