model_type,variant,dataset,M-of-N count,RMSE (test),MAE (test),MAPE (test),rRMSE (test),rMAE (test),rMAPE (test),maxError (test),R2 (test),RMSE (train),MAE (train),MAPE (train),rRMSE (train),rMAE (train),rMAPE (train),maxError (train),R2 (train),rules,plain conditions count,complex conditions count,conditions_count,avg conditions per rule,avg rule quality,avg rule precision,avg rule coverage,training time total (s),training time growing (s),training time pruning (s),pvalue significance fdr,pvalue significance fwer,induction measure,pruning measure,voting measure
at_least_M-of-N,no_discretization,cpu,0.09090909090909091,0.1740328407090159,0.0888396908965135,2315166473906.031,1.426860871250207,0.7283790705120138,23151664739.060307,0.7222635774269017,0.3043440552605386,0.060620304950157,0.0257439483599689,258609021021.87912,0.8301407382584819,0.3525402967669744,2586090210.218791,0.4471085718032108,0.7864103394203401,11,1.7272727272727273,0.6363636363636364,27.0,2.4545454545454546,0.6562243593988917,0.8811441328317291,0.1943907156673114,6.115941762924194,0.941513923,0.4945273189999999,0.6363636363636364,0.6363636363636364,C2,C2,C2
