model_type,variant,dataset,M-of-N count,RMSE (test),MAE (test),MAPE (test),rRMSE (test),rMAE (test),rMAPE (test),maxError (test),R2 (test),RMSE (train),MAE (train),MAPE (train),rRMSE (train),rMAE (train),rMAPE (train),maxError (train),R2 (train),rules,plain conditions count,complex conditions count,conditions_count,avg conditions per rule,avg rule quality,avg rule precision,avg rule coverage,training time total (s),training time growing (s),training time pruning (s),pvalue significance fdr,pvalue significance fwer,induction measure,pruning measure,voting measure
complex,no_discretization,auto-mpg,0,0.2086737691206238,0.1396498162203124,13833670987410.14,0.5093442701881528,0.3408661952309306,138336709874.1014,0.644808743169399,0.2025569894783528,0.1710159978943266,0.1156169465945792,3170637067556.1787,0.463413247551347,0.3132948107373646,31706370675.561787,0.644808743169399,0.347169828004128,26,0.9615384615384616,5.115384615384615,158.0,6.076923076923077,0.622739255703806,0.9010874148275088,0.1240868070477009,1094.058020842,1085.412806978,8.628911350000001,0.9615384615384616,0.9615384615384616,C2,C2,C2
