model_type,variant,dataset,M-of-N count,RMSE (test),MAE (test),MAPE (test),rRMSE (test),rMAE (test),rMAPE (test),maxError (test),R2 (test),RMSE (train),MAE (train),MAPE (train),rRMSE (train),rMAE (train),rMAPE (train),maxError (train),R2 (train),rules,plain conditions count,complex conditions count,conditions_count,avg conditions per rule,avg rule quality,avg rule precision,avg rule coverage,training time total (s),training time growing (s),training time pruning (s),pvalue significance fdr,pvalue significance fwer,induction measure,pruning measure,voting measure
plain,no_discretization,cloud,0,0.2810946558066461,0.2282956615745579,39822124236899.97,0.7391063427898436,0.6002774083945064,398221242368.9997,0.5047115842009067,0.2708716806332112,0.1092337636124559,0.0795236086859916,4515910995938.178,0.5205440958196131,0.378962910466283,45159109959.381775,0.5138911162709161,0.646356238108263,11,2.090909090909091,0.09090909090909091,24.0,2.1818181818181817,0.5027071133880127,0.7668250978077181,0.1677600749765698,0.125407872,0.113211114,0.009745383,0.4545454545454545,0.2727272727272727,C2,C2,C2
