model_type,variant,dataset,M-of-N count,RMSE (test),MAE (test),MAPE (test),rRMSE (test),rMAE (test),rMAPE (test),maxError (test),R2 (test),RMSE (train),MAE (train),MAPE (train),rRMSE (train),rMAE (train),rMAPE (train),maxError (train),R2 (train),rules,plain conditions count,complex conditions count,conditions_count,avg conditions per rule,avg rule quality,avg rule precision,avg rule coverage,training time total (s),training time growing (s),training time pruning (s),pvalue significance fdr,pvalue significance fwer,induction measure,pruning measure,voting measure
complex,no_discretization,breasttumor,0,0.2037259138193186,0.1468258007197913,139766884987360.52,0.4428824213463449,0.3191865233038943,1397668849873.6052,0.5,0.0223983179954703,0.1999674354004681,0.1495942469551721,52571201875920.55,0.4024403359273321,0.3010628149371905,525712018759.20544,0.5,0.0627519663551384,18,0.16666666666666666,1.9444444444444444,38.0,2.111111111111111,0.479542100272557,0.9340556593007574,0.0319930825767401,2.013118089,1.9610410490000003,0.047375616,0.7222222222222222,0.6111111111111112,C2,C2,C2
