model_type,variant,dataset,M-of-N count,RMSE (test),MAE (test),MAPE (test),rRMSE (test),rMAE (test),rMAPE (test),maxError (test),R2 (test),RMSE (train),MAE (train),MAPE (train),rRMSE (train),rMAE (train),rMAPE (train),maxError (train),R2 (train),rules,plain conditions count,complex conditions count,conditions_count,avg conditions per rule,avg rule quality,avg rule precision,avg rule coverage,training time total (s),training time growing (s),training time pruning (s),pvalue significance fdr,pvalue significance fwer,induction measure,pruning measure,voting measure
plain,no_discretization,auto-mpg,0,0.11417745510150723,0.08071850245487874,1367312623679.7178,0.29394032805110165,0.20780304719777823,13673126236.797178,0.46413815749916637,0.6931062132419331,0.1123236265177321,0.07910795375744645,1504730977818.359,0.2909743467166178,0.2049291487310336,15047309778.183588,0.46413815749916637,0.7072862452134532,18,22,29,56.0,3.111111111111111,0.47933194269000423,0.8143166834067852,0.12646566164154105,10.929611939,8.826445952,2.059275723,0.9444444444444444,0.7777777777777778,C2,C2,C2
