model_type,variant,dataset,M-of-N count,RMSE (test),MAE (test),MAPE (test),rRMSE (test),rMAE (test),rMAPE (test),maxError (test),R2 (test),RMSE (train),MAE (train),MAPE (train),rRMSE (train),rMAE (train),rMAPE (train),maxError (train),R2 (train),rules,plain conditions count,complex conditions count,conditions_count,avg conditions per rule,avg rule quality,avg rule precision,avg rule coverage,training time total (s),training time growing (s),training time pruning (s),pvalue significance fdr,pvalue significance fwer,induction measure,pruning measure,voting measure
exact_M-of-N,no_discretization,bolts,1.1111111111111112,0.4775187608098941,0.3865919237174322,113386164722264.3,1.0094939836128232,0.8172709705565336,1133861647222.643,0.8307729821994636,-0.7729282031778171,0.1771648365373999,0.090670000692723,10454861173281.49,0.5119725145000454,0.2620189714372287,104548611732.8149,0.8701536210680321,0.7298621968694687,9,1.8888888888888888,0.3333333333333333,30.0,3.3333333333333335,0.5825892414192652,0.7957190957190957,0.1944444444444444,0.2455778121948242,0.1485062639999999,0.015884521,0.8888888888888888,0.4444444444444444,C2,C2,C2
