model_type,variant,dataset,M-of-N count,RMSE (test),MAE (test),MAPE (test),rRMSE (test),rMAE (test),rMAPE (test),maxError (test),R2 (test),RMSE (train),MAE (train),MAPE (train),rRMSE (train),rMAE (train),rMAPE (train),maxError (train),R2 (train),rules,plain conditions count,complex conditions count,conditions_count,avg conditions per rule,avg rule quality,avg rule precision,avg rule coverage,training time total (s),training time growing (s),training time pruning (s),pvalue significance fdr,pvalue significance fwer,induction measure,pruning measure,voting measure
complex,no_discretization,dee,0,0.11630740926193149,0.08148668577675248,2786469164803.8267,0.22765371401205908,0.15949754858552392,27864691648.038265,0.44625223155980953,0.7278871010608755,0.1163087786908204,0.08079081959144233,3068933162331.8696,0.2295856372586624,0.1594755959896846,30689331623.318695,0.44625223155980953,0.7248226635528694,42,180,141,345.99999999999994,8.238095238095237,0.49266795849642875,0.8314311595214069,0.05746901500326157,2995.110592578,2973.2721809699997,21.818931486999997,1.0,1.0,C2,C2,C2
