model_type,variant,dataset,M-of-N count,RMSE (test),MAE (test),MAPE (test),rRMSE (test),rMAE (test),rMAPE (test),maxError (test),R2 (test),RMSE (train),MAE (train),MAPE (train),rRMSE (train),rMAE (train),rMAPE (train),maxError (train),R2 (train),rules,plain conditions count,complex conditions count,conditions_count,avg conditions per rule,avg rule quality,avg rule precision,avg rule coverage,training time total (s),training time growing (s),training time pruning (s),pvalue significance fdr,pvalue significance fwer,induction measure,pruning measure,voting measure
plain,no_discretization,cloud,0,0.2887666951903886,0.2012254914067328,42988905533991.445,0.6784884424918024,0.4728009584491237,429889055339.9144,0.686262129699015,0.4004256109419587,0.0879425846699257,0.0570190310320581,3343117365296.468,0.4292760570149858,0.2783282400457755,33431173652.964672,0.515426351758209,0.765076243965009,15,1.7333333333333334,0.5333333333333333,34.0,2.2666666666666666,0.531116172151837,0.8102225280265208,0.1168384879725086,0.379947482,0.350583618,0.026810647,0.5333333333333333,0.3333333333333333,C2,C2,C2
