model_type,variant,dataset,M-of-N count,RMSE (test),MAE (test),MAPE (test),rRMSE (test),rMAE (test),rMAPE (test),maxError (test),R2 (test),RMSE (train),MAE (train),MAPE (train),rRMSE (train),rMAE (train),rMAPE (train),maxError (train),R2 (train),rules,plain conditions count,complex conditions count,conditions_count,avg conditions per rule,avg rule quality,avg rule precision,avg rule coverage,training time total (s),training time growing (s),training time pruning (s),pvalue significance fdr,pvalue significance fwer,induction measure,pruning measure,voting measure
at_least_M-of-N,no_discretization,veteran,0.2,0.2676383515304004,0.1153717105165715,9381503926855.43,1.920542020329322,0.8278941218152651,93815039268.55428,0.9373737373737374,-0.0815491816308993,0.1436191274111631,0.0720893181567749,2217890721805.5693,1.1978994483621677,0.6012831021148043,22178907218.05569,0.9202020202020202,0.0071371630589701,15,1.3333333333333333,1.6666666666666667,48.0,3.2,0.4512889004818952,0.8477293391160937,0.1763440860215054,1.4414703845977783,0.6212944710000001,0.154296456,0.7333333333333333,0.4,C2,C2,C2
