model_type,variant,dataset,M-of-N count,RMSE (test),MAE (test),MAPE (test),rRMSE (test),rMAE (test),rMAPE (test),maxError (test),R2 (test),RMSE (train),MAE (train),MAPE (train),rRMSE (train),rMAE (train),rMAPE (train),maxError (train),R2 (train),rules,plain conditions count,complex conditions count,conditions_count,avg conditions per rule,avg rule quality,avg rule precision,avg rule coverage,training time total (s),training time growing (s),training time pruning (s),pvalue significance fdr,pvalue significance fwer,induction measure,pruning measure,voting measure
at_least_M-of-N,no_discretization,pharynx,14,0.1873082495965321,0.1327953330298409,10940705118484.344,0.6329939961642695,0.44877173700351686,109407051184.84344,0.6884811890197863,0.3275894706325374,0.18963166142068338,0.13558876367314557,8041885813587.103,0.6273413844259671,0.44855612231660147,80418858135.87103,0.6884811890197863,0.3230943969066684,15,10,1,25.0,1.6666666666666667,0.4246350257380044,0.810002338360733,0.4266666666666666,0.1582775115966797,0.057717107999999996,0.020924907,0.8,0.7333333333333333,C2,C2,C2
