model_type,variant,dataset,M-of-N count,RMSE (test),MAE (test),MAPE (test),rRMSE (test),rMAE (test),rMAPE (test),maxError (test),R2 (test),RMSE (train),MAE (train),MAPE (train),rRMSE (train),rMAE (train),rMAPE (train),maxError (train),R2 (train),rules,plain conditions count,complex conditions count,conditions_count,avg conditions per rule,avg rule quality,avg rule precision,avg rule coverage,training time total (s),training time growing (s),training time pruning (s),pvalue significance fdr,pvalue significance fwer,induction measure,pruning measure,voting measure
exact_M-of-N,no_discretization,ele-1,0,0.1628686987975862,0.0891717113128988,4600607700129.426,0.7450164224197343,0.4079015171966598,46006077001.29426,0.7529953917050691,0.2657364829681805,0.1173615789544543,0.073346153329701,678252668518.0283,0.5398160181584475,0.337362779117377,6782526685.180284,0.7529953917050691,0.4013970313186112,26,0.9230769230769231,2.923076923076923,100.0,3.8461538461538463,0.4465907597013537,0.7922629686647914,0.0833189282627484,337.88201689720154,15.465329469,149.598733567,0.9230769230769232,0.7307692307692307,C2,C2,C2
