model_type,variant,dataset,M-of-N count,RMSE (test),MAE (test),MAPE (test),rRMSE (test),rMAE (test),rMAPE (test),maxError (test),R2 (test),RMSE (train),MAE (train),MAPE (train),rRMSE (train),rMAE (train),rMAPE (train),maxError (train),R2 (train),rules,plain conditions count,complex conditions count,conditions_count,avg conditions per rule,avg rule quality,avg rule precision,avg rule coverage,training time total (s),training time growing (s),training time pruning (s),pvalue significance fdr,pvalue significance fwer,induction measure,pruning measure,voting measure
complex,no_discretization,bodyfat,0,0.04126324168516474,0.020323691089721034,6752841546530.624,0.10231164099603816,0.05039231290530189,67528415465.306244,0.3232258197611382,0.9445953996552112,0.04080148002659941,0.02007633378199706,3724781646697.4873,0.10120052132581744,0.0497956310340872,37247816466.97488,0.3232258197611382,0.9461549631297372,55,80,71,161.0,2.9272727272727272,0.7507696248461112,0.8584797564262534,0.04776334776334773,960.433420427,898.991261126,61.402993590000015,0.9818181818181818,0.9818181818181818,C2,C2,C2
