model_type,variant,dataset,M-of-N count,RMSE (test),MAE (test),MAPE (test),rRMSE (test),rMAE (test),rMAPE (test),maxError (test),R2 (test),RMSE (train),MAE (train),MAPE (train),rRMSE (train),rMAE (train),rMAPE (train),maxError (train),R2 (train),rules,plain conditions count,complex conditions count,conditions_count,avg conditions per rule,avg rule quality,avg rule precision,avg rule coverage,training time total (s),training time growing (s),training time pruning (s),pvalue significance fdr,pvalue significance fwer,induction measure,pruning measure,voting measure
plain,no_discretization,cholesterol,0,0.2568324634663196,0.2013238172305786,37948374093516.75,0.677364279518564,0.5309669991395037,379483740935.1675,0.6932746722620433,-0.2383506703886744,0.0898695505076436,0.0603373117190026,4044832461461.587,0.326046006738493,0.218903281836747,40448324614.61587,0.3538812785388128,0.4412852047093489,72,4.5,0.3333333333333333,348.0,4.833333333333333,0.3494359986138231,0.7663731878095911,0.025173611111111,16.250578516,13.579388734000004,2.6615224739999994,0.1666666666666666,0.0277777777777777,C2,C2,C2
