model_type,variant,dataset,M-of-N count,RMSE (test),MAE (test),MAPE (test),rRMSE (test),rMAE (test),rMAPE (test),maxError (test),R2 (test),RMSE (train),MAE (train),MAPE (train),rRMSE (train),rMAE (train),rMAPE (train),maxError (train),R2 (train),rules,plain conditions count,complex conditions count,conditions_count,avg conditions per rule,avg rule quality,avg rule precision,avg rule coverage,training time total (s),training time growing (s),training time pruning (s),pvalue significance fdr,pvalue significance fwer,induction measure,pruning measure,voting measure
at_least_M-of-N,no_discretization,cholesterol,0.2549019607843137,0.3020513528841019,0.2472494637727882,40100544627272.45,0.7235115171323181,0.592243116729366,401005446272.72455,0.728569445083498,-0.2796619949549896,0.1132691034590539,0.0774503164085519,4595471339285.392,0.4065325902573214,0.2779758714802554,45954713392.85391,0.731769106170957,0.1006095019565939,51,2.215686274509804,2.1176470588235294,234.0,4.588235294117647,0.3577695882972099,0.8233144499105759,0.0430941607412195,8.328360319137573,4.333531741000001,2.475889199000001,0.1764705882352941,0.0392156862745098,C2,C2,C2
