model_type,variant,dataset,M-of-N count,RMSE (test),MAE (test),MAPE (test),rRMSE (test),rMAE (test),rMAPE (test),maxError (test),R2 (test),RMSE (train),MAE (train),MAPE (train),rRMSE (train),rMAE (train),rMAPE (train),maxError (train),R2 (train),rules,plain conditions count,complex conditions count,conditions_count,avg conditions per rule,avg rule quality,avg rule precision,avg rule coverage,training time total (s),training time growing (s),training time pruning (s),pvalue significance fdr,pvalue significance fwer,induction measure,pruning measure,voting measure
exact_M-of-N,no_discretization,machine,0.6,0.1814160197154236,0.113288940167209,4735492702344.768,1.0366452065575646,0.6473542797628664,47354927023.44768,0.6518250705868165,0.4327963874810305,0.0961733272515721,0.0425303633439039,1037116366762.4677,1.0706102400957624,0.4734518791459686,10371163667.624676,0.6844405594405594,0.5597956109193196,15,1.7333333333333334,0.4666666666666667,42.0,2.8,0.6540441372227929,0.8835047459627338,0.3812056737588652,31.331130027771,1.973971647,1.203093632,0.8,0.7333333333333333,C2,C2,C2
