model_type,variant,dataset,M-of-N count,RMSE (test),MAE (test),MAPE (test),rRMSE (test),rMAE (test),rMAPE (test),maxError (test),R2 (test),RMSE (train),MAE (train),MAPE (train),rRMSE (train),rMAE (train),rMAPE (train),maxError (train),R2 (train),rules,plain conditions count,complex conditions count,conditions_count,avg conditions per rule,avg rule quality,avg rule precision,avg rule coverage,training time total (s),training time growing (s),training time pruning (s),pvalue significance fdr,pvalue significance fwer,induction measure,pruning measure,voting measure
plain,no_discretization,veteran,0,0.2911390873476193,0.1753057134417822,47741799940289.83,1.235037805662923,0.7436623698376869,477417999402.8983,0.9498997995991983,-0.3637780908164534,0.1446648632421868,0.0646424298388223,938477892561.4736,1.1635559312299442,0.5199264075766478,9384778925.614737,0.9128256513026052,0.2099658368072612,21,2.4761904761904763,0.38095238095238093,60.0,2.857142857142857,0.3838729392383204,0.7233067894221891,0.0828493999225706,0.774971616,0.665994997,0.104947506,0.4761904761904761,0.3333333333333333,C2,C2,C2
