model_type,variant,dataset,M-of-N count,RMSE (test),MAE (test),MAPE (test),rRMSE (test),rMAE (test),rMAPE (test),maxError (test),R2 (test),RMSE (train),MAE (train),MAPE (train),rRMSE (train),rMAE (train),rMAPE (train),maxError (train),R2 (train),rules,plain conditions count,complex conditions count,conditions_count,avg conditions per rule,avg rule quality,avg rule precision,avg rule coverage,training time total (s),training time growing (s),training time pruning (s),pvalue significance fdr,pvalue significance fwer,induction measure,pruning measure,voting measure
at_least_M-of-N,no_discretization,pollution,0.13333333333333333,0.4306686162917196,0.3835406710332845,361891867347138.8,0.7269571649797685,0.6474064473737584,3618918673471.388,0.6637757010060504,-0.3556244519272264,0.1241916307732085,0.0889487881664675,20960513489509.445,0.2687053886594053,0.1924527324929037,209605134895.09445,0.4058798534843975,0.5875376039910031,15,3.2666666666666666,0.13333333333333333,53.0,3.533333333333333,0.4384627519559982,0.7668313532309476,0.137037037037037,0.5628418922424316,0.3459020490000001,0.1251479479999999,0.0,0.0,C2,C2,C2
