model_type,variant,dataset,M-of-N count,RMSE (test),MAE (test),MAPE (test),rRMSE (test),rMAE (test),rMAPE (test),maxError (test),R2 (test),RMSE (train),MAE (train),MAPE (train),rRMSE (train),rMAE (train),rMAPE (train),maxError (train),R2 (train),rules,plain conditions count,complex conditions count,conditions_count,avg conditions per rule,avg rule quality,avg rule precision,avg rule coverage,training time total (s),training time growing (s),training time pruning (s),pvalue significance fdr,pvalue significance fwer,induction measure,pruning measure,voting measure
complex,no_discretization,pharynx,0,0.3087654824671472,0.2031493973582343,33356477429447.93,1.045859712829827,0.6881137382487107,333564774294.47925,0.8758888485644563,-0.5455033136575462,0.1338234439363812,0.0753594122708881,3207014132556.1807,0.4315436580656384,0.2430132978532209,32070141325.56181,0.6661147902869757,0.6694412843303374,63,0.20634920634920634,1.2857142857142858,94.0,1.492063492063492,0.5565691969992467,0.7121434878036421,0.0541496598639455,2830.398044199,2829.769529221,0.322803179,0.984126984126984,0.8571428571428571,C2,C2,C2
