model_type,variant,dataset,M-of-N count,RMSE (test),MAE (test),MAPE (test),rRMSE (test),rMAE (test),rMAPE (test),maxError (test),R2 (test),RMSE (train),MAE (train),MAPE (train),rRMSE (train),rMAE (train),rMAPE (train),maxError (train),R2 (train),rules,plain conditions count,complex conditions count,conditions_count,avg conditions per rule,avg rule quality,avg rule precision,avg rule coverage,training time total (s),training time growing (s),training time pruning (s),pvalue significance fdr,pvalue significance fwer,induction measure,pruning measure,voting measure
plain,no_discretization,pwlinear,0,0.2263717286836715,0.1868929510956863,97938542114871.98,0.6425770664881261,0.530512908836736,979385421148.7198,0.5526833769796966,0.2417172082371028,0.0955201661464606,0.0574912231165675,7571553958679.828,0.2050773334734655,0.1234309697158185,75715539586.79828,0.4449781659388647,0.7706769624482672,46,4.260869565217392,0.391304347826087,214.0,4.6521739130434785,0.4872887019080354,0.8160973084886131,0.0400966183574879,0.172959903,0.141169519,0.026826335,0.9130434782608696,0.3043478260869565,C2,C2,C2
