model_type,variant,dataset,M-of-N count,RMSE (test),MAE (test),MAPE (test),rRMSE (test),rMAE (test),rMAPE (test),maxError (test),R2 (test),RMSE (train),MAE (train),MAPE (train),rRMSE (train),rMAE (train),rMAPE (train),maxError (train),R2 (train),rules,plain conditions count,complex conditions count,conditions_count,avg conditions per rule,avg rule quality,avg rule precision,avg rule coverage,training time total (s),training time growing (s),training time pruning (s),pvalue significance fdr,pvalue significance fwer,induction measure,pruning measure,voting measure
exact_M-of-N,no_discretization,auto-price,0.07692307692307693,0.12021573634655,0.0759560353889381,26327449713067.48,0.4932773315677117,0.3116679362601044,263274497130.6748,0.4166151012821278,0.8023131121867084,0.1111036818914669,0.0724900132429895,2795068832213.552,0.5319425728417182,0.3470679233427604,27950688322.13552,0.579558590173463,0.6786436018022914,13,2.4615384615384617,0.7692307692307693,43.0,3.3076923076923075,0.5476422169519591,0.8007030007030006,0.14308768154922,1.434900999069214,0.602032002,0.335921802,0.4615384615384615,0.4615384615384615,C2,C2,C2
