model_type,variant,dataset,M-of-N count,RMSE (test),MAE (test),MAPE (test),rRMSE (test),rMAE (test),rMAPE (test),maxError (test),R2 (test),RMSE (train),MAE (train),MAPE (train),rRMSE (train),rMAE (train),rMAPE (train),maxError (train),R2 (train),rules,plain conditions count,complex conditions count,conditions_count,avg conditions per rule,avg rule quality,avg rule precision,avg rule coverage,training time total (s),training time growing (s),training time pruning (s),pvalue significance fdr,pvalue significance fwer,induction measure,pruning measure,voting measure
complex,no_discretization,pollution,0,0.3691338561629598,0.3338697631387139,361891867347138.8,0.6230881272121948,0.5635632765016336,3618918673471.388,0.482136820264063,0.004088601645804,0.1285274154808923,0.0992183555038279,18391180248838.457,0.27808644523921,0.2146723302674798,183911802488.38455,0.3020504120363623,0.5582350561489267,9,0.3333333333333333,2.888888888888889,29.0,3.2222222222222223,0.376341738551691,0.6879078137698827,0.1440329218106996,9.888263985,6.927757144999999,2.944325117999999,0.1111111111111111,0.1111111111111111,C2,C2,C2
