model_type,variant,dataset,M-of-N count,RMSE (test),MAE (test),MAPE (test),rRMSE (test),rMAE (test),rMAPE (test),maxError (test),R2 (test),RMSE (train),MAE (train),MAPE (train),rRMSE (train),rMAE (train),rMAPE (train),maxError (train),R2 (train),rules,plain conditions count,complex conditions count,conditions_count,avg conditions per rule,avg rule quality,avg rule precision,avg rule coverage,training time total (s),training time growing (s),training time pruning (s),pvalue significance fdr,pvalue significance fwer,induction measure,pruning measure,voting measure
exact_M-of-N,no_discretization,pollution,1.9230769230769231,0.3809379135224624,0.3420302960271064,317033334305899.2,0.6609595366927594,0.5934515257527216,3170333343058.992,0.5257382000618915,0.0852410970232616,0.1111848133190073,0.0794992878617803,21611059457523.88,0.2352369949072724,0.1681989924308879,216110594575.2388,0.3475806626698466,0.6659354416576638,13,1.1538461538461537,0.15384615384615385,42.0,3.230769230769231,0.4062875042293604,0.6901972386587771,0.121082621082621,1.723966121673584,0.7606729579999999,0.7505763289999999,0.0,0.0,C2,C2,C2
