model_type,variant,dataset,M-of-N count,RMSE (test),MAE (test),MAPE (test),rRMSE (test),rMAE (test),rMAPE (test),maxError (test),R2 (test),RMSE (train),MAE (train),MAPE (train),rRMSE (train),rMAE (train),rMAPE (train),maxError (train),R2 (train),rules,plain conditions count,complex conditions count,conditions_count,avg conditions per rule,avg rule quality,avg rule precision,avg rule coverage,training time total (s),training time growing (s),training time pruning (s),pvalue significance fdr,pvalue significance fwer,induction measure,pruning measure,voting measure
at_least_M-of-N,no_discretization,concrete,0,0.2541663952126002,0.2128194867541031,190849559497311.6,0.4993473461459115,0.4181152501687131,1908495594973.116,0.4661482654256639,0.1940433401059977,0.11002435073545,0.0799952660676992,9917338428234.145,0.2410806991053513,0.1752822401569123,99173384282.34145,0.3722786647314949,0.6792866379555551,13,2.5384615384615383,0.6153846153846154,41.0,3.1538461538461537,0.4323845878423557,0.763753644016802,0.1145484949832776,1.4737870693206787,0.746368611,0.130022628,0.6153846153846154,0.2307692307692307,C2,C2,C2
