model_type,variant,dataset,M-of-N count,RMSE (test),MAE (test),MAPE (test),rRMSE (test),rMAE (test),rMAPE (test),maxError (test),R2 (test),RMSE (train),MAE (train),MAPE (train),rRMSE (train),rMAE (train),rMAPE (train),maxError (train),R2 (train),rules,plain conditions count,complex conditions count,conditions_count,avg conditions per rule,avg rule quality,avg rule precision,avg rule coverage,training time total (s),training time growing (s),training time pruning (s),pvalue significance fdr,pvalue significance fwer,induction measure,pruning measure,voting measure
complex,no_discretization,mbagrade,0,0.3397902171076175,0.2934129224673976,394028205333789.6,0.637300012663149,0.550316194491204,3940282053337.896,0.524951023095962,0.0381076935805378,0.2342549524451238,0.1703840654678735,46042556709556.99,0.4247820135413333,0.3089628870141235,460425567095.57,0.8119533527696796,0.0852423794094567,11,0.18181818181818182,1.1818181818181819,15.0,1.3636363636363635,0.4026031982368897,0.7792689180592405,0.2760330578512396,0.241244022,0.234579857,0.0037650049999999,0.0,0.0,C2,C2,C2
