model_type,variant,dataset,M-of-N count,RMSE (test),MAE (test),MAPE (test),rRMSE (test),rMAE (test),rMAPE (test),maxError (test),R2 (test),RMSE (train),MAE (train),MAPE (train),rRMSE (train),rMAE (train),rMAPE (train),maxError (train),R2 (train),rules,plain conditions count,complex conditions count,conditions_count,avg conditions per rule,avg rule quality,avg rule precision,avg rule coverage,training time total (s),training time growing (s),training time pruning (s),pvalue significance fdr,pvalue significance fwer,induction measure,pruning measure,voting measure
complex,no_discretization,auto-mpg,0,0.2021403839672928,0.1412674536442223,30181982113751.21,0.5180532265302724,0.3620457165845027,301819821137.5121,0.6276595744680851,0.4425117427374619,0.1442246069100639,0.0975012568937545,1776488001909.822,0.3697159757560443,0.2499419003609696,17764880019.09822,0.574468085106383,0.5255031875040344,23,1.4782608695652173,6.130434782608695,175.0,7.608695652173913,0.6452174217701213,0.9127333159205016,0.1414865193101773,731.320785099,723.0088754259999,8.302747421000001,1.0,1.0,C2,C2,C2
