model_type,variant,dataset,M-of-N count,RMSE (test),MAE (test),MAPE (test),rRMSE (test),rMAE (test),rMAPE (test),maxError (test),R2 (test),RMSE (train),MAE (train),MAPE (train),rRMSE (train),rMAE (train),rMAPE (train),maxError (train),R2 (train),rules,plain conditions count,complex conditions count,conditions_count,avg conditions per rule,avg rule quality,avg rule precision,avg rule coverage,training time total (s),training time growing (s),training time pruning (s),pvalue significance fdr,pvalue significance fwer,induction measure,pruning measure,voting measure
complex,no_discretization,pharynx,0,0.2773973660432529,0.2026338358152522,26221289221170.406,0.8338111489043304,0.6090841952034334,262212892211.70407,0.7781456953642384,0.0242829809313864,0.098869940786193,0.042709774735019,4678132876931.995,0.3308288562822691,0.1429112409222042,46781328769.319954,0.6650110375275938,0.813906783639003,67,0.1791044776119403,1.4029850746268657,106.0,1.5820895522388059,0.5462974531992355,0.7141764052802565,0.0326652452025586,2055.766987057,2055.26851522,0.191205679,0.9701492537313432,0.835820895522388,C2,C2,C2
