model_type,variant,dataset,M-of-N count,RMSE (test),MAE (test),MAPE (test),rRMSE (test),rMAE (test),rMAPE (test),maxError (test),R2 (test),RMSE (train),MAE (train),MAPE (train),rRMSE (train),rMAE (train),rMAPE (train),maxError (train),R2 (train),rules,plain conditions count,complex conditions count,conditions_count,avg conditions per rule,avg rule quality,avg rule precision,avg rule coverage,training time total (s),training time growing (s),training time pruning (s),pvalue significance fdr,pvalue significance fwer,induction measure,pruning measure,voting measure
complex,no_discretization,bolts,0,0.2676895774975504,0.2384408946320929,66142804467270.17,0.5021803050417339,0.4473103597089582,661428044672.7017,0.3914631566465625,0.6718974613798786,0.1550555455053359,0.1035635289331407,7006093453519.222,0.497880107359435,0.3325403211843181,70060934535.19221,0.4890270665691293,0.7745553851264524,13,0.3076923076923077,2.076923076923077,31.0,2.3846153846153846,0.6363335819399878,0.7931471306471305,0.2350427350427351,1.386137379,1.311492606,0.062457179,0.7692307692307693,0.6923076923076923,C2,C2,C2
