model_type,variant,dataset,M-of-N count,RMSE (test),MAE (test),MAPE (test),rRMSE (test),rMAE (test),rMAPE (test),maxError (test),R2 (test),RMSE (train),MAE (train),MAPE (train),rRMSE (train),rMAE (train),rMAPE (train),maxError (train),R2 (train),rules,plain conditions count,complex conditions count,conditions_count,avg conditions per rule,avg rule quality,avg rule precision,avg rule coverage,training time total (s),training time growing (s),training time pruning (s),pvalue significance fdr,pvalue significance fwer,induction measure,pruning measure,voting measure
plain,no_discretization,cpu,0,0.2150672844507092,0.116662390788227,4390004406521.9873,1.5185620432519649,0.8237379245220903,43900044065.21987,0.799091370836235,0.0623681976123449,0.0939604287615962,0.0276285328669924,490372832643.812,1.285249427246193,0.3779203278547428,4903728326.43812,0.7612428454619787,0.4910186021033311,34,2.764705882352941,0.47058823529411764,110.0,3.235294117647059,0.6695607499908762,0.8865181488359832,0.0739987484355444,7.360657194,6.376734279,0.978286743,0.9411764705882352,0.9411764705882352,C2,C2,C2
