model_type,variant,dataset,M-of-N count,RMSE (test),MAE (test),MAPE (test),rRMSE (test),rMAE (test),rMAPE (test),maxError (test),R2 (test),RMSE (train),MAE (train),MAPE (train),rRMSE (train),rMAE (train),rMAPE (train),maxError (train),R2 (train),rules,plain conditions count,complex conditions count,conditions_count,avg conditions per rule,avg rule quality,avg rule precision,avg rule coverage,training time total (s),training time growing (s),training time pruning (s),pvalue significance fdr,pvalue significance fwer,induction measure,pruning measure,voting measure
exact_M-of-N,no_discretization,pollution,2,0.3331487570867976,0.2944923663786977,261290950861867.5,0.6906157079909817,0.6104812033009496,2612909508618.675,0.4758565205481132,0.091149955710181,0.1256184175840846,0.0879027755711651,12668445061422.154,0.2668707502536495,0.1867455435056136,126684450614.22154,0.3833056342502823,0.5480668622450012,13,1.0769230769230769,0.07692307692307693,41.0,3.1538461538461537,0.4701364318128017,0.757808857808858,0.1239316239316239,3.971947431564331,1.215779609,2.586807624,0.1538461538461538,0.0769230769230769,C2,C2,C2
