model_type,variant,dataset,M-of-N count,RMSE (test),MAE (test),MAPE (test),rRMSE (test),rMAE (test),rMAPE (test),maxError (test),R2 (test),RMSE (train),MAE (train),MAPE (train),rRMSE (train),rMAE (train),rMAPE (train),maxError (train),R2 (train),rules,plain conditions count,complex conditions count,conditions_count,avg conditions per rule,avg rule quality,avg rule precision,avg rule coverage,training time total (s),training time growing (s),training time pruning (s),pvalue significance fdr,pvalue significance fwer,induction measure,pruning measure,voting measure
complex,no_discretization,fishcatch,0,0.2779416133600156,0.1855822935956986,18271890655129.844,0.65313429130948,0.4360993603725393,182718906551.29843,0.6050291864022036,0.3672457807688003,0.1231455396215265,0.0704246073270634,2639085796334.075,0.5194807521033393,0.2970812267604871,26390857963.34075,0.5757575757575757,0.6827388128292544,17,0.6470588235294118,2.2941176470588234,50.0,2.9411764705882355,0.7344966238443027,0.8558036510811906,0.1246893123446561,80.804710085,79.95516470899999,0.8362481749999999,1.0,1.0,C2,C2,C2
