model_type,variant,dataset,M-of-N count,RMSE (test),MAE (test),MAPE (test),rRMSE (test),rMAE (test),rMAPE (test),maxError (test),R2 (test),RMSE (train),MAE (train),MAPE (train),rRMSE (train),rMAE (train),rMAPE (train),maxError (train),R2 (train),rules,plain conditions count,complex conditions count,conditions_count,avg conditions per rule,avg rule quality,avg rule precision,avg rule coverage,training time total (s),training time growing (s),training time pruning (s),pvalue significance fdr,pvalue significance fwer,induction measure,pruning measure,voting measure
plain,no_discretization,cloud,0,0.329222677425842,0.2482639859370336,32813594532551.79,0.92263085485689,0.6957479823875725,328135945325.5179,0.7183333333333333,-0.3201195231159814,0.0972137477622529,0.062922297814735,3721129276888.125,0.4644426300905532,0.3006138345770462,37211292768.88125,0.500175996223916,0.7260838045776843,18,1.8333333333333333,0.2777777777777778,38.0,2.111111111111111,0.5323799664238117,0.7992574511886906,0.1597938144329896,0.85210966,0.7472740629999999,0.101999363,0.5555555555555556,0.4444444444444444,C2,C2,C2
