model_type,variant,dataset,M-of-N count,RMSE (test),MAE (test),MAPE (test),rRMSE (test),rMAE (test),rMAPE (test),maxError (test),R2 (test),RMSE (train),MAE (train),MAPE (train),rRMSE (train),rMAE (train),rMAPE (train),maxError (train),R2 (train),rules,plain conditions count,complex conditions count,conditions_count,avg conditions per rule,avg rule quality,avg rule precision,avg rule coverage,training time total (s),training time growing (s),training time pruning (s),pvalue significance fdr,pvalue significance fwer,induction measure,pruning measure,voting measure
complex,no_discretization,cpu,0,0.2224355470599438,0.0842259739471523,1632941186549.4868,1.837794613980166,0.695887160677588,16329411865.494867,0.9762878168438268,-0.0169113703771408,0.0894535059925456,0.0267907486429547,349179948867.99225,1.350016928902531,0.404321371249276,3491799488.6799226,0.7636958299264105,0.4558993004139531,27,1.4814814814814814,3.111111111111111,124.0,4.592592592592593,0.6863405221208105,0.8785769346567265,0.1024428684003152,78.211177728,75.74125824000001,2.4526839280000003,0.9629629629629628,0.9629629629629628,C2,C2,C2
