model_type,variant,dataset,M-of-N count,RMSE (test),MAE (test),MAPE (test),rRMSE (test),rMAE (test),rMAPE (test),maxError (test),R2 (test),RMSE (train),MAE (train),MAPE (train),rRMSE (train),rMAE (train),rMAPE (train),maxError (train),R2 (train),rules,plain conditions count,complex conditions count,conditions_count,avg conditions per rule,avg rule quality,avg rule precision,avg rule coverage,training time total (s),training time growing (s),training time pruning (s),pvalue significance fdr,pvalue significance fwer,induction measure,pruning measure,voting measure
complex,no_discretization,fishcatch,0,0.2456938870764286,0.1392757320970857,6719606439593.489,0.7531635805281434,0.4269435040290151,67196064395.93489,0.8351515151515152,0.3666357345460077,0.0850766971019198,0.0496151118394688,2356512473347.355,0.3534553892293746,0.2061284613090921,23565124733.47355,0.3625505728189272,0.8435706823502582,23,0.7391304347826086,3.217391304347826,91.0,3.9565217391304346,0.6979480574516133,0.8648246535825765,0.1034905082669932,92.763392429,91.596924151,1.15334071,0.9130434782608696,0.8695652173913043,C2,C2,C2
