model_type,variant,dataset,M-of-N count,RMSE (test),MAE (test),MAPE (test),rRMSE (test),rMAE (test),rMAPE (test),maxError (test),R2 (test),RMSE (train),MAE (train),MAPE (train),rRMSE (train),rMAE (train),rMAPE (train),maxError (train),R2 (train),rules,plain conditions count,complex conditions count,conditions_count,avg conditions per rule,avg rule quality,avg rule precision,avg rule coverage,training time total (s),training time growing (s),training time pruning (s),pvalue significance fdr,pvalue significance fwer,induction measure,pruning measure,voting measure
complex,no_discretization,fruitfly,0,0.2866168440115832,0.2276925598323818,85944116907279.36,0.8254565107533597,0.6557545723172598,859441169072.7936,0.6881416046199603,0.0671160307432755,0.1907247217465258,0.1223504298304383,9720698526593.668,0.6734966736674194,0.4320499553387355,97206985265.93668,0.7667499792769205,0.0781352270803458,24,0.3333333333333333,1.5416666666666667,45.0,1.875,0.3771632162652681,0.8198233887572123,0.0837020648967551,1.717584165,1.689465576,0.018343079,0.0416666666666666,0.0416666666666666,C2,C2,C2
