model_type,variant,dataset,M-of-N count,RMSE (test),MAE (test),MAPE (test),rRMSE (test),rMAE (test),rMAPE (test),maxError (test),R2 (test),RMSE (train),MAE (train),MAPE (train),rRMSE (train),rMAE (train),rMAPE (train),maxError (train),R2 (train),rules,plain conditions count,complex conditions count,conditions_count,avg conditions per rule,avg rule quality,avg rule precision,avg rule coverage,training time total (s),training time growing (s),training time pruning (s),pvalue significance fdr,pvalue significance fwer,induction measure,pruning measure,voting measure
complex,no_discretization,pollution,0,0.5158286396163249,0.4813975375240267,124503435543622.05,0.6514615136461611,0.6079770380609397,1245034355436.2205,0.6709730296595195,-1.0992968528773432,0.1598740336107723,0.1098721608733299,17886023140592.848,0.3946584765699018,0.2712259060985488,178860231405.92847,0.6944006745176092,0.4305121378008193,11,0.36363636363636365,3.1818181818181817,39.0,3.5454545454545454,0.4311449965824422,0.7593359502450412,0.1548821548821548,14.504960784,10.525019524,3.963158994,0.0,0.0,C2,C2,C2
