model_type,variant,dataset,M-of-N count,RMSE (test),MAE (test),MAPE (test),rRMSE (test),rMAE (test),rMAPE (test),maxError (test),R2 (test),RMSE (train),MAE (train),MAPE (train),rRMSE (train),rMAE (train),rMAPE (train),maxError (train),R2 (train),rules,plain conditions count,complex conditions count,conditions_count,avg conditions per rule,avg rule quality,avg rule precision,avg rule coverage,training time total (s),training time growing (s),training time pruning (s),pvalue significance fdr,pvalue significance fwer,induction measure,pruning measure,voting measure
plain,no_discretization,mbagrade,0,0.18238810092949917,0.138336110461582,16483599246929.197,0.3216650333519575,0.24397364388702744,164835992469.29196,0.4467930029154519,0.4134115930666815,0.1898828792663882,0.14533081684168372,18375159816248.926,0.34396826760378685,0.2632632783514251,183751598162.48926,0.4467930029154519,0.3617002739208107,9,8,6,17.0,1.8888888888888888,0.3667343927425957,0.6856701940035274,0.22768670309653916,0.179009908,0.14745375200000005,0.008813966000000001,0.1111111111111111,0.1111111111111111,C2,C2,C2
