model_type,variant,dataset,M-of-N count,RMSE (test),MAE (test),MAPE (test),rRMSE (test),rMAE (test),rMAPE (test),maxError (test),R2 (test),RMSE (train),MAE (train),MAPE (train),rRMSE (train),rMAE (train),rMAPE (train),maxError (train),R2 (train),rules,plain conditions count,complex conditions count,conditions_count,avg conditions per rule,avg rule quality,avg rule precision,avg rule coverage,training time total (s),training time growing (s),training time pruning (s),pvalue significance fdr,pvalue significance fwer,induction measure,pruning measure,voting measure
exact_M-of-N,no_discretization,pyrim,3.0833333333333335,0.4778542160123986,0.4218338810294074,360991657631418.4,1.241024310478964,1.0955351732788785,3609916576314.184,0.743953183294251,-0.6436574973247191,0.1186031590413752,0.0694819441086105,41538882926693.86,0.1714697515781225,0.1004530721758614,415388829266.9386,0.6087499999999999,0.4455915692683083,12,0.08333333333333333,0,38.0,3.1666666666666665,0.4482259348016604,0.7833867521367522,0.130050505050505,3.457708835601806,0.964398958,2.420459715,0.25,0.0833333333333333,C2,C2,C2
