dataset,RMSE (test),MAE (test),MAPE (test),rRMSE (test),rMAE (test),rMAPE (test),maxError (test),R2 (test),RMSE (train),MAE (train),MAPE (train),rRMSE (train),rMAE (train),rMAPE (train),maxError (train),R2 (train),rules,conditions_count,avg conditions per rule
breasttumor,0.3069297303537082,0.2306696428571429,64337137533865.2,0.696225413663095,0.523240506329114,643371375338.652,0.84375,-0.4151520535898061,0.032849197363738744,0.007131782945736435,0.015050013479056485,0.06587201088018493,0.014301259132597543,0.00015050013479056486,0.20000000000000007,0.9755513932266652,201,401,16.22942643391521
