dataset,BAcc (test),BAcc (train),Acc (test),Acc (train),rules,conditions_count,avg conditions per rule
bupa-liver-disorders,0.5333333333333333,1.0,0.5428571428571428,1.0,83,165,19.66060606060606
bupa-liver-disorders,0.6083333333333334,1.0,0.6285714285714286,1.0,81,161,20.8944099378882
bupa-liver-disorders,0.5083333333333333,1.0,0.5142857142857142,1.0,84,167,20.131736526946103
bupa-liver-disorders,0.5666666666666667,1.0,0.6,1.0,76,151,18.75496688741722
bupa-liver-disorders,0.6583333333333333,1.0,0.6571428571428571,1.0,79,157,21.75796178343949
bupa-liver-disorders,0.675,1.0,0.7058823529411765,1.0,79,157,20.64968152866242
bupa-liver-disorders,0.6607142857142857,1.0,0.6764705882352942,1.0,78,155,20.954838709677414
bupa-liver-disorders,0.7178571428571429,1.0,0.7058823529411765,1.0,84,167,22.131736526946103
bupa-liver-disorders,0.7678571428571428,1.0,0.7647058823529411,1.0,85,169,21.183431952662723
