model_type,variant,dataset,M-of-N count,RMSE (test),MAE (test),MAPE (test),rRMSE (test),rMAE (test),rMAPE (test),maxError (test),R2 (test),RMSE (train),MAE (train),MAPE (train),rRMSE (train),rMAE (train),rMAPE (train),maxError (train),R2 (train),rules,plain conditions count,complex conditions count,conditions_count,avg conditions per rule,avg rule quality,avg rule precision,avg rule coverage,training time total (s),training time growing (s),training time pruning (s),pvalue significance fdr,pvalue significance fwer,induction measure,pruning measure,voting measure
complex,no_discretization,elusage,0,0.3598500371021226,0.307445136277634,57854919125457.93,0.8519870733784372,0.7279123381256728,578549191254.5793,0.5439378238822106,-0.2532602405980548,0.1647877559564654,0.0993236425970535,7084275811281.33,0.4937129153645542,0.2975789364118368,70842758112.8133,0.7429827525860121,0.6625381747599506,3,0.3333333333333333,0.6666666666666666,3.0,1.0,0.6907175384392038,0.8230072463768116,0.4013605442176871,0.144439427,0.139057384,0.002603519,0.6666666666666666,0.6666666666666666,C2,C2,C2
