model_type,variant,dataset,M-of-N count,RMSE (test),MAE (test),MAPE (test),rRMSE (test),rMAE (test),rMAPE (test),maxError (test),R2 (test),RMSE (train),MAE (train),MAPE (train),rRMSE (train),rMAE (train),rMAPE (train),maxError (train),R2 (train),rules,plain conditions count,complex conditions count,conditions_count,avg conditions per rule,avg rule quality,avg rule precision,avg rule coverage,training time total (s),training time growing (s),training time pruning (s),pvalue significance fdr,pvalue significance fwer,induction measure,pruning measure,voting measure
exact_M-of-N,no_discretization,servo,2,0.1717253067164809,0.0966361210503583,1580504077764.8657,0.9495649992105895,0.534355011287869,15805040777.648657,0.734522863136869,0.40367471762331397,0.16732799028563192,0.09443932376050235,1741393714423.5051,0.9265982698448189,0.5229687743958413,17413937144.23505,0.734522863136869,0.4376291246616639,3,2,1,5.0,1.6666666666666667,0.33824261635661945,0.7760162601626016,0.3732534930139721,0.13149452209472656,0.013267979,0.0012308459999999998,0.3333333333333333,0.3333333333333333,C2,C2,C2
