model_type,variant,dataset,M-of-N count,RMSE (test),MAE (test),MAPE (test),rRMSE (test),rMAE (test),rMAPE (test),maxError (test),R2 (test),RMSE (train),MAE (train),MAPE (train),rRMSE (train),rMAE (train),rMAPE (train),maxError (train),R2 (train),rules,plain conditions count,complex conditions count,conditions_count,avg conditions per rule,avg rule quality,avg rule precision,avg rule coverage,training time total (s),training time growing (s),training time pruning (s),pvalue significance fdr,pvalue significance fwer,induction measure,pruning measure,voting measure
at_least_M-of-N,no_discretization,pyrim,1.3333333333333333,0.3281950608058787,0.2830117564969626,389239682079879.1,0.7334154930253822,0.6324446395187228,3892396820798.791,0.605,-0.2938041478182791,0.1024538396091175,0.0593321145363855,43775660557090.13,0.145791430245273,0.0844293768856098,437756605570.9013,0.6512499999999999,0.6144405183141228,12,1.0833333333333333,0.5833333333333334,36.0,3.0,0.4662272773173341,0.7701731139231139,0.1393034825870646,7.0687994956970215,1.233149418,5.750957317000001,0.6666666666666666,0.5,C2,C2,C2
