model_type,variant,dataset,M-of-N count,RMSE (test),MAE (test),MAPE (test),rRMSE (test),rMAE (test),rMAPE (test),maxError (test),R2 (test),RMSE (train),MAE (train),MAPE (train),rRMSE (train),rMAE (train),rMAPE (train),maxError (train),R2 (train),rules,plain conditions count,complex conditions count,conditions_count,avg conditions per rule,avg rule quality,avg rule precision,avg rule coverage,training time total (s),training time growing (s),training time pruning (s),pvalue significance fdr,pvalue significance fwer,induction measure,pruning measure,voting measure
complex,no_discretization,pyrim,0,0.533752201733993,0.499176978631882,584622541510392.5,0.8091436975370035,0.7567292554548489,5846225415103.925,0.9086859688195992,-2.428739842961279,0.1458322069672915,0.1030373028380439,22605576030746.67,0.2938819856777219,0.2076414242548819,226055760307.4667,0.5058511995556729,0.6480174198270608,15,0.2,3.066666666666667,49.0,3.2666666666666666,0.4956160542275448,0.760246692305516,0.1223880597014925,172.051946222,150.17364506299998,21.855077676,0.3333333333333333,0.2,C2,C2,C2
