model_type,variant,dataset,M-of-N count,RMSE (test),MAE (test),MAPE (test),rRMSE (test),rMAE (test),rMAPE (test),maxError (test),R2 (test),RMSE (train),MAE (train),MAPE (train),rRMSE (train),rMAE (train),rMAPE (train),maxError (train),R2 (train),rules,plain conditions count,complex conditions count,conditions_count,avg conditions per rule,avg rule quality,avg rule precision,avg rule coverage,training time total (s),training time growing (s),training time pruning (s),pvalue significance fdr,pvalue significance fwer,induction measure,pruning measure,voting measure
exact_M-of-N,no_discretization,cholesterol,27,0.10463554198682021,0.06810792721627945,3940480356434.2456,0.381377350283676,0.24824089713541006,39404803564.34245,0.7168949771689498,0.22133632873975928,0.10505200939310819,0.06905439827644838,4343631812043.0034,0.3812379648508877,0.25060118711677803,43436318120.43003,0.7168949771689498,0.2076441830727367,73,298,100,425.0,5.821917808219178,0.3726458590927834,0.8205831722438839,0.032551200325512016,52.01730394363403,21.560071933999996,19.751125265000006,0.0684931506849315,0.0136986301369863,C2,C2,C2
