model_type,variant,dataset,M-of-N count,RMSE (test),MAE (test),MAPE (test),rRMSE (test),rMAE (test),rMAPE (test),maxError (test),R2 (test),RMSE (train),MAE (train),MAPE (train),rRMSE (train),rMAE (train),rMAPE (train),maxError (train),R2 (train),rules,plain conditions count,complex conditions count,conditions_count,avg conditions per rule,avg rule quality,avg rule precision,avg rule coverage,training time total (s),training time growing (s),training time pruning (s),pvalue significance fdr,pvalue significance fwer,induction measure,pruning measure,voting measure
complex,no_discretization,concrete,0,0.2491758527031897,0.1980437050544592,164289643773321.94,0.6010746955030191,0.4777311220991158,1642896437733.2195,0.5403967102080312,0.2077796386173878,0.1277964125750884,0.0790312192508542,18016179042131.688,0.2748691713087756,0.1699832202272555,180161790421.3169,0.5568456700532172,0.5590344202524211,21,1.2380952380952381,2.8095238095238093,85.0,4.0476190476190474,0.5110250779116847,0.8096952456196153,0.0865335381464413,11.474448093,10.808818228,0.6505060590000001,0.6190476190476191,0.238095238095238,C2,C2,C2
