model_type,variant,dataset,M-of-N count,RMSE (test),MAE (test),MAPE (test),rRMSE (test),rMAE (test),rMAPE (test),maxError (test),R2 (test),RMSE (train),MAE (train),MAPE (train),rRMSE (train),rMAE (train),rMAPE (train),maxError (train),R2 (train),rules,plain conditions count,complex conditions count,conditions_count,avg conditions per rule,avg rule quality,avg rule precision,avg rule coverage,training time total (s),training time growing (s),training time pruning (s),pvalue significance fdr,pvalue significance fwer,induction measure,pruning measure,voting measure
at_least_M-of-N,no_discretization,ozone,3,0.1340908221988486,0.09944690289602216,3054880914006.3604,0.4566363673815252,0.33865906511066773,30548809140.063602,0.5923641382003244,0.6141665304251132,0.13370266789680485,0.09893152595793704,3360369005406.9565,0.4590859322328422,0.339694581537236,33603690054.069565,0.5923641382003244,0.6175293649542775,45,204,44,251.0,5.5777777777777775,0.45200250031627065,0.8395678667498433,0.07225589225589225,2923.48362326622,42.94796331199999,86.049892159,0.4444444444444444,0.37777777777777777,C2,C2,C2
