model_type,variant,dataset,M-of-N count,RMSE (test),MAE (test),MAPE (test),rRMSE (test),rMAE (test),rMAPE (test),maxError (test),R2 (test),RMSE (train),MAE (train),MAPE (train),rRMSE (train),rMAE (train),rMAPE (train),maxError (train),R2 (train),rules,plain conditions count,complex conditions count,conditions_count,avg conditions per rule,avg rule quality,avg rule precision,avg rule coverage,training time total (s),training time growing (s),training time pruning (s),pvalue significance fdr,pvalue significance fwer,induction measure,pruning measure,voting measure
at_least_M-of-N,no_discretization,machine,0.09090909090909091,0.2473333943286537,0.1012611827215853,5176851786585.768,1.8916115240313909,0.7744478690114692,51768517865.85767,0.8072789946998103,0.10284336865905,0.0957969232184461,0.0443886569510961,1141743610595.006,1.170305928454283,0.5422753324502213,11417436105.950062,0.9753727536949092,0.3502757494747269,11,2.090909090909091,1.3636363636363635,39.0,3.5454545454545454,0.5996427803538806,0.8814858468493512,0.4095744680851064,8.325324058532715,0.863698409,0.409503378,0.8181818181818182,0.7272727272727273,C2,C2,C2
