model_type,variant,dataset,M-of-N count,RMSE (test),MAE (test),MAPE (test),rRMSE (test),rMAE (test),rMAPE (test),maxError (test),R2 (test),RMSE (train),MAE (train),MAPE (train),rRMSE (train),rMAE (train),rMAPE (train),maxError (train),R2 (train),rules,plain conditions count,complex conditions count,conditions_count,avg conditions per rule,avg rule quality,avg rule precision,avg rule coverage,training time total (s),training time growing (s),training time pruning (s),pvalue significance fdr,pvalue significance fwer,induction measure,pruning measure,voting measure
at_least_M-of-N,no_discretization,ele-1,0,0.2131437072856099,0.1507027735759793,9068214449831.332,0.6485937707053485,0.4585867507616439,90682144498.31332,0.6793943383805134,0.0726913879263073,0.1007706308761876,0.0674529314282954,1992567300636.0889,0.4688516062235722,0.3138356381186252,19925673006.36089,0.4835929766551351,0.5575720771489339,22,1.2272727272727273,3.227272727272727,98.0,4.454545454545454,0.4312330150373473,0.8071486465113563,0.0818385650224215,3823.1581139564514,71.55191316099999,1126.529287803,0.7272727272727273,0.5454545454545454,C2,C2,C2
