model_type,variant,dataset,M-of-N count,RMSE (test),MAE (test),MAPE (test),rRMSE (test),rMAE (test),rMAPE (test),maxError (test),R2 (test),RMSE (train),MAE (train),MAPE (train),rRMSE (train),rMAE (train),rMAPE (train),maxError (train),R2 (train),rules,plain conditions count,complex conditions count,conditions_count,avg conditions per rule,avg rule quality,avg rule precision,avg rule coverage,training time total (s),training time growing (s),training time pruning (s),pvalue significance fdr,pvalue significance fwer,induction measure,pruning measure,voting measure
plain,no_discretization,pharynx,0,0.1636275549652365,0.1313879374965965,40673535096196.77,0.6491196072059484,0.5212232523886944,406735350961.9677,0.468945868945869,0.6109683788344127,0.1785580188207477,0.1283414408174576,9296808021988.58,0.5682568937394141,0.4084437595053282,92968080219.8858,0.7099715099715099,0.4242981423681288,11,3.3636363636363638,0,37.0,3.3636363636363638,0.3791506038337247,0.7296570883185055,0.1111688311688311,0.427893602,0.405998539,0.015120542,0.0909090909090909,0.0909090909090909,C2,C2,C2
