dataset,RMSE (test),MAE (test),MAPE (test),rRMSE (test),rMAE (test),rMAPE (test),maxError (test),R2 (test),RMSE (train),MAE (train),MAPE (train),rRMSE (train),rMAE (train),rMAPE (train),maxError (train),R2 (train),rules,conditions_count,avg conditions per rule
mbagrade,0.2888914887402619,0.2295147154572492,413365258983425.5,0.4951829561511781,0.3934064508992849,4133652589834.255,0.5507131537242475,0.1803598893588556,0.15712567825143997,0.09720501368678863,1.4081596095511697,0.30298070139550076,0.1874374930547838,0.014081596095511698,0.46724775488642356,0.6136358184112353,31,61,10.0
