model_type,variant,dataset,M-of-N count,RMSE (test),MAE (test),MAPE (test),rRMSE (test),rMAE (test),rMAPE (test),maxError (test),R2 (test),RMSE (train),MAE (train),MAPE (train),rRMSE (train),rMAE (train),rMAPE (train),maxError (train),R2 (train),rules,plain conditions count,complex conditions count,conditions_count,avg conditions per rule,avg rule quality,avg rule precision,avg rule coverage,training time total (s),training time growing (s),training time pruning (s),pvalue significance fdr,pvalue significance fwer,induction measure,pruning measure,voting measure
exact_M-of-N,no_discretization,servo,0.6666666666666666,0.2864906729490575,0.1502567297952939,17106632371095.607,1.3082832878241004,0.6861597498123064,171066323710.9561,0.9408076787308112,0.0914768013726158,0.1619768864047288,0.0914314079324708,1938751668724.7336,0.898572356905318,0.5072188850189763,19387516687.247337,0.734522863136869,0.4773304055237846,3,0.6666666666666666,0.3333333333333333,5.0,1.6666666666666667,0.3727560933506673,0.7808558558558558,0.3755555555555556,0.0207934379577636,0.008561887,0.000887515,0.6666666666666666,0.6666666666666666,C2,C2,C2
