model_type,variant,dataset,M-of-N count,RMSE (test),MAE (test),MAPE (test),rRMSE (test),rMAE (test),rMAPE (test),maxError (test),R2 (test),RMSE (train),MAE (train),MAPE (train),rRMSE (train),rMAE (train),rMAPE (train),maxError (train),R2 (train),rules,plain conditions count,complex conditions count,conditions_count,avg conditions per rule,avg rule quality,avg rule precision,avg rule coverage,training time total (s),training time growing (s),training time pruning (s),pvalue significance fdr,pvalue significance fwer,induction measure,pruning measure,voting measure
at_least_M-of-N,no_discretization,veteran,3,0.14585603228236738,0.07402695992208494,2262725141149.736,1.1507362102972722,0.5840382601088088,22627251411.49736,0.9298597194388778,0.1580388502413932,0.14066650098569128,0.06946230566311566,2493952527836.5215,1.1637884553896665,0.5746885637235358,24939525278.365215,0.9298597194388778,0.20289033737035833,17,51,3,57.0,3.3529411764705883,0.4279913518687414,0.8159472698866101,0.1816230141691713,1.0931315422058105,0.46332212500000003,0.090606606,0.6470588235294118,0.47058823529411764,C2,C2,C2
