model_type,variant,dataset,M-of-N count,RMSE (test),MAE (test),MAPE (test),rRMSE (test),rMAE (test),rMAPE (test),maxError (test),R2 (test),RMSE (train),MAE (train),MAPE (train),rRMSE (train),rMAE (train),rMAPE (train),maxError (train),R2 (train),rules,plain conditions count,complex conditions count,conditions_count,avg conditions per rule,avg rule quality,avg rule precision,avg rule coverage,training time total (s),training time growing (s),training time pruning (s),pvalue significance fdr,pvalue significance fwer,induction measure,pruning measure,voting measure
at_least_M-of-N,no_discretization,elusage,0,0.1925515763240446,0.1637395348732633,138756904863649.84,0.3943578343197766,0.3353489470087726,1387569048636.4983,0.3343050654275254,0.6371449934018596,0.1449513734809251,0.0876045259778477,13739912590879.85,0.4086900895987792,0.2470007748899096,137399125908.7985,0.6734395173154615,0.6990559252439847,6,0.8333333333333334,0.8333333333333334,10.0,1.6666666666666667,0.5886290140437737,0.7680640347307014,0.2333333333333333,0.0567598342895507,0.038862472,0.003012893,0.8333333333333334,0.8333333333333334,C2,C2,C2
