model_type,variant,dataset,M-of-N count,RMSE (test),MAE (test),MAPE (test),rRMSE (test),rMAE (test),rMAPE (test),maxError (test),R2 (test),RMSE (train),MAE (train),MAPE (train),rRMSE (train),rMAE (train),rMAPE (train),maxError (train),R2 (train),rules,plain conditions count,complex conditions count,conditions_count,avg conditions per rule,avg rule quality,avg rule precision,avg rule coverage,training time total (s),training time growing (s),training time pruning (s),pvalue significance fdr,pvalue significance fwer,induction measure,pruning measure,voting measure
exact_M-of-N,no_discretization,echomonths,1.1111111111111112,0.2845684604893773,0.2174441712454537,49694907634666.64,0.6293568026590792,0.4809034990615222,496949076346.6664,0.5233807024586281,0.3375193681426497,0.1878356538222999,0.122726944786334,9733115185538.271,0.4757599602510133,0.3108492194379269,97331151855.38274,0.6842105263157894,0.5527451842218059,27,1.6666666666666667,2,129.0,4.777777777777778,0.5316731569965903,0.8370818253661393,0.1073124406457739,2.759466648101806,1.5458937519999998,0.575476759,0.6666666666666666,0.4444444444444444,C2,C2,C2
