model_type,variant,dataset,M-of-N count,RMSE (test),MAE (test),MAPE (test),rRMSE (test),rMAE (test),rMAPE (test),maxError (test),R2 (test),RMSE (train),MAE (train),MAPE (train),rRMSE (train),rMAE (train),rMAPE (train),maxError (train),R2 (train),rules,plain conditions count,complex conditions count,conditions_count,avg conditions per rule,avg rule quality,avg rule precision,avg rule coverage,training time total (s),training time growing (s),training time pruning (s),pvalue significance fdr,pvalue significance fwer,induction measure,pruning measure,voting measure
exact_M-of-N,no_discretization,lowbwt,0.6153846153846154,0.1796293361387177,0.1477208936451827,87746948281987.53,0.3212596876147409,0.2641927491730724,877469482819.8754,0.3701909928283695,0.5083824870416962,0.1199886477819804,0.0920735301127013,13386716452141.703,0.2310541363829303,0.1772998560878256,133867164521.41704,0.5053161881960591,0.5243766888723411,13,0.9230769230769231,1.9230769230769231,45.0,3.4615384615384617,0.5173565432235251,0.8484619129129735,0.2135746606334842,0.4341182708740234,0.148632428,0.035212411,0.4615384615384615,0.2307692307692307,C2,C2,C2
