model_type,variant,dataset,M-of-N count,RMSE (test),MAE (test),MAPE (test),rRMSE (test),rMAE (test),rMAPE (test),maxError (test),R2 (test),RMSE (train),MAE (train),MAPE (train),rRMSE (train),rMAE (train),rMAPE (train),maxError (train),R2 (train),rules,plain conditions count,complex conditions count,conditions_count,avg conditions per rule,avg rule quality,avg rule precision,avg rule coverage,training time total (s),training time growing (s),training time pruning (s),pvalue significance fdr,pvalue significance fwer,induction measure,pruning measure,voting measure
exact_M-of-N,no_discretization,ele-1,0,0.264457401240832,0.1944538347841807,11359220126212.326,0.7008441187990271,0.515326195625373,113592201262.12326,0.7207663166317569,-0.2670304441603719,0.1088004242569214,0.0707742055208918,623993033839.5333,0.5097316743164866,0.3315782500387477,6239930338.395333,0.4984414716654025,0.4934351844233315,22,0.8181818181818182,2.3181818181818183,69.0,3.1363636363636362,0.435066049600523,0.7635783267454463,0.0978393803505911,2929.2936248779297,66.305505813,906.156920236,0.7727272727272727,0.6818181818181818,C2,C2,C2
