model_type,variant,dataset,M-of-N count,RMSE (test),MAE (test),MAPE (test),rRMSE (test),rMAE (test),rMAPE (test),maxError (test),R2 (test),RMSE (train),MAE (train),MAPE (train),rRMSE (train),rMAE (train),rMAPE (train),maxError (train),R2 (train),rules,plain conditions count,complex conditions count,conditions_count,avg conditions per rule,avg rule quality,avg rule precision,avg rule coverage,training time total (s),training time growing (s),training time pruning (s),pvalue significance fdr,pvalue significance fwer,induction measure,pruning measure,voting measure
exact_M-of-N,no_discretization,echomonths,1.25,0.3869484149616712,0.3290827710229659,97709197360245.16,0.6020857576430636,0.5120477093523369,977091973602.4517,0.6021505376344085,-0.1010300406736288,0.1992158768154275,0.1527956324590978,62225684918165.24,0.5080576223640865,0.3896726856098371,622256849181.6525,0.7382581134080856,0.5145131548885024,24,0.7916666666666666,0.75,67.0,2.7916666666666665,0.4694809475036852,0.8275899184509025,0.11502849002849,0.3937540054321289,0.268753606,0.0662908939999999,0.4166666666666667,0.25,C2,C2,C2
