model_type,variant,dataset,M-of-N count,RMSE (test),MAE (test),MAPE (test),rRMSE (test),rMAE (test),rMAPE (test),maxError (test),R2 (test),RMSE (train),MAE (train),MAPE (train),rRMSE (train),rMAE (train),rMAPE (train),maxError (train),R2 (train),rules,plain conditions count,complex conditions count,conditions_count,avg conditions per rule,avg rule quality,avg rule precision,avg rule coverage,training time total (s),training time growing (s),training time pruning (s),pvalue significance fdr,pvalue significance fwer,induction measure,pruning measure,voting measure
exact_M-of-N,no_discretization,concrete,1.7777777777777777,0.2464597583821424,0.2059417165362402,142189570099167.88,0.6693433492191609,0.559303146262834,1421895700991.6787,0.4250225583111871,0.413941295937914,0.1193708122377791,0.0719648548791273,2342806117312.554,0.2644871236842135,0.159450849973427,23428061173.12554,0.6279632317368167,0.6104702129935897,18,1.6111111111111112,0.3333333333333333,67.0,3.7222222222222223,0.4776850208375955,0.7692440275773609,0.0925925925925925,0.561671257019043,0.40030691,0.072162665,0.6111111111111112,0.3333333333333333,C2,C2,C2
