model_type,variant,dataset,M-of-N count,RMSE (test),MAE (test),MAPE (test),rRMSE (test),rMAE (test),rMAPE (test),maxError (test),R2 (test),RMSE (train),MAE (train),MAPE (train),rRMSE (train),rMAE (train),rMAPE (train),maxError (train),R2 (train),rules,plain conditions count,complex conditions count,conditions_count,avg conditions per rule,avg rule quality,avg rule precision,avg rule coverage,training time total (s),training time growing (s),training time pruning (s),pvalue significance fdr,pvalue significance fwer,induction measure,pruning measure,voting measure
complex,no_discretization,gascons,0,0.1905042199538401,0.1766797547049961,281542138480332.0,0.3112377861029299,0.2886519559352325,2815421384803.32,0.2579977510970912,0.8107760048601305,0.1679753827439891,0.1056786450161602,88007825361306.61,0.307333076815305,0.1933529937299764,880078253613.066,0.5310000924961051,0.6809753629920412,6,0.3333333333333333,1.5,11.0,1.8333333333333333,0.657520313443516,0.8325498575498576,0.2916666666666666,0.2303534,0.213419109,0.004266232,0.6666666666666666,0.6666666666666666,C2,C2,C2
