model_type,variant,dataset,M-of-N count,RMSE (test),MAE (test),MAPE (test),rRMSE (test),rMAE (test),rMAPE (test),maxError (test),R2 (test),RMSE (train),MAE (train),MAPE (train),rRMSE (train),rMAE (train),rMAPE (train),maxError (train),R2 (train),rules,plain conditions count,complex conditions count,conditions_count,avg conditions per rule,avg rule quality,avg rule precision,avg rule coverage,training time total (s),training time growing (s),training time pruning (s),pvalue significance fdr,pvalue significance fwer,induction measure,pruning measure,voting measure
complex,no_discretization,auto-price,0,0.2490013654301333,0.1500184444604941,47304091191406.52,0.937497627645844,0.5648239540449244,473040911914.0653,0.6350925919892317,0.3265235595577112,0.1332552043694002,0.078806613030652,2604400997769.7905,0.620997833903864,0.3672557197366236,26044009977.697903,0.7618881762798723,0.549291947946445,11,0.9090909090909091,3.090909090909091,44.0,4.0,0.5839745666710334,0.8472447335088137,0.221233312142403,726.768574311,706.225489551,20.525593215,0.9090909090909092,0.9090909090909092,C2,C2,C2
