model_type,variant,dataset,M-of-N count,RMSE (test),MAE (test),MAPE (test),rRMSE (test),rMAE (test),rMAPE (test),maxError (test),R2 (test),RMSE (train),MAE (train),MAPE (train),rRMSE (train),rMAE (train),rMAPE (train),maxError (train),R2 (train),rules,plain conditions count,complex conditions count,conditions_count,avg conditions per rule,avg rule quality,avg rule precision,avg rule coverage,training time total (s),training time growing (s),training time pruning (s),pvalue significance fdr,pvalue significance fwer,induction measure,pruning measure,voting measure
complex,no_discretization,ozone,0,0.2149883688539432,0.1472915072592694,59839269439221.86,0.8362475336029809,0.5729247601757896,598392694392.2186,0.8378378378378378,0.2615631249394237,0.1487835003345706,0.0921439179523429,4098279759187.351,0.5015281856369929,0.3106041455148149,40982797591.87351,0.7837837837837838,0.5265564020277611,52,0.9615384615384616,5.365384615384615,329.0,6.326923076923077,0.4967157447561158,0.8886055483636993,0.0431235431235431,1493.886017366,1469.0465487779995,24.821294665,0.6346153846153846,0.5,C2,C2,C2
