model_type,variant,dataset,M-of-N count,RMSE (test),MAE (test),MAPE (test),rRMSE (test),rMAE (test),rMAPE (test),maxError (test),R2 (test),RMSE (train),MAE (train),MAPE (train),rRMSE (train),rMAE (train),rMAPE (train),maxError (train),R2 (train),rules,plain conditions count,complex conditions count,conditions_count,avg conditions per rule,avg rule quality,avg rule precision,avg rule coverage,training time total (s),training time growing (s),training time pruning (s),pvalue significance fdr,pvalue significance fwer,induction measure,pruning measure,voting measure
complex,no_discretization,bolts,0,0.3925406107120596,0.2927507087168032,81743735238856.86,1.0326594727035965,0.7701414433240716,817437352388.5686,0.7256595857693214,-0.080769000217342,0.1625762953165563,0.0984814378194786,9658387872978.443,0.4757513901325383,0.2881888829711618,96583878729.78444,0.5448072673704885,0.7722069260533706,9,0.2222222222222222,2.888888888888889,28.0,3.111111111111111,0.6499261977632946,0.7918663761801017,0.2469135802469136,0.721344746,0.6713453739999999,0.03878122,0.8888888888888888,0.8888888888888888,C2,C2,C2
