model_type,variant,dataset,M-of-N count,RMSE (test),MAE (test),MAPE (test),rRMSE (test),rMAE (test),rMAPE (test),maxError (test),R2 (test),RMSE (train),MAE (train),MAPE (train),rRMSE (train),rMAE (train),rMAPE (train),maxError (train),R2 (train),rules,plain conditions count,complex conditions count,conditions_count,avg conditions per rule,avg rule quality,avg rule precision,avg rule coverage,training time total (s),training time growing (s),training time pruning (s),pvalue significance fdr,pvalue significance fwer,induction measure,pruning measure,voting measure
exact_M-of-N,no_discretization,echomonths,12,0.1802348607412164,0.11992711785548173,33757368039222.38,0.4637292771154214,0.3085624803156666,337573680392.2238,0.6725465384970299,0.599226505452747,0.1802803418408385,0.12004217618018069,28260882068326.207,0.4648146600698028,0.30950331436852435,282608820683.2621,0.6725465384970299,0.5820217314783331,27,73,21,106.0,3.925925925925926,0.493867124121646,0.840447878115367,0.10427350427350429,2.2185819149017334,1.2473610210000001,0.28809747399999996,0.6296296296296297,0.37037037037037035,C2,C2,C2
