model_type,variant,dataset,M-of-N count,RMSE (test),MAE (test),MAPE (test),rRMSE (test),rMAE (test),rMAPE (test),maxError (test),R2 (test),RMSE (train),MAE (train),MAPE (train),rRMSE (train),rMAE (train),rMAPE (train),maxError (train),R2 (train),rules,plain conditions count,complex conditions count,conditions_count,avg conditions per rule,avg rule quality,avg rule precision,avg rule coverage,training time total (s),training time growing (s),training time pruning (s),pvalue significance fdr,pvalue significance fwer,induction measure,pruning measure,voting measure
at_least_M-of-N,no_discretization,pollution,0.3333333333333333,0.3889792394586899,0.3510062493203776,436431933794796.8,0.7144506326760385,0.6447044249692402,4364319337947.968,0.5814441378967747,0.0379907823180393,0.1402673003556115,0.1063615805221316,33366929499003.55,0.3098547698238031,0.2349559944992734,333669294990.0355,0.4261774151232167,0.4714774906364574,9,3.2222222222222223,0.2222222222222222,34.0,3.7777777777777777,0.4194305020484911,0.7532887228965659,0.2325102880658436,2.339765787124634,0.817057969,1.320841659,0.1111111111111111,0.1111111111111111,C2,C2,C2
