model_type,variant,dataset,M-of-N count,RMSE (test),MAE (test),MAPE (test),rRMSE (test),rMAE (test),rMAPE (test),maxError (test),R2 (test),RMSE (train),MAE (train),MAPE (train),rRMSE (train),rMAE (train),rMAPE (train),maxError (train),R2 (train),rules,plain conditions count,complex conditions count,conditions_count,avg conditions per rule,avg rule quality,avg rule precision,avg rule coverage,training time total (s),training time growing (s),training time pruning (s),pvalue significance fdr,pvalue significance fwer,induction measure,pruning measure,voting measure
complex,no_discretization,bodyfat,0,0.1935165102958815,0.1700628059562546,19721025736696.496,0.3370573057798878,0.2962068254607369,197210257366.96497,0.3415419943695189,0.5218328960938176,0.0582587958579058,0.0280106359785068,10329220544797.451,0.1462846319076591,0.0703331662331168,103292205447.97452,0.52063532677704,0.8918183404875719,52,0.7115384615384616,2.3846153846153846,161.0,3.0961538461538463,0.7332133142530698,0.8514107802964112,0.0637919349373093,1373.662154344,1311.531628223,62.11009914900001,0.9615384615384616,0.9615384615384616,C2,C2,C2
