model_type,variant,dataset,M-of-N count,RMSE (test),MAE (test),MAPE (test),rRMSE (test),rMAE (test),rMAPE (test),maxError (test),R2 (test),RMSE (train),MAE (train),MAPE (train),rRMSE (train),rMAE (train),rMAPE (train),maxError (train),R2 (train),rules,plain conditions count,complex conditions count,conditions_count,avg conditions per rule,avg rule quality,avg rule precision,avg rule coverage,training time total (s),training time growing (s),training time pruning (s),pvalue significance fdr,pvalue significance fwer,induction measure,pruning measure,voting measure
exact_M-of-N,no_discretization,gascons,0,0.6733318148126803,0.6513941381066833,1082935712251947.6,1.346663629625361,1.302788276213367,10829357122519.477,0.8218682114409848,-0.8135029313557507,0.1658297832393113,0.1065956007169905,86634856980156.1,0.2844432266661973,0.1828404766869086,866348569801.5609,0.5190799352276181,0.6844437851889296,3,0,1.3333333333333333,4.0,1.3333333333333333,0.6988382158418922,0.8694444444444445,0.3733333333333333,0.011531114578247,0.003241599,0.000165719,0.3333333333333333,0.3333333333333333,C2,C2,C2
