model_type,variant,dataset,M-of-N count,RMSE (test),MAE (test),MAPE (test),rRMSE (test),rMAE (test),rMAPE (test),maxError (test),R2 (test),RMSE (train),MAE (train),MAPE (train),rRMSE (train),rMAE (train),rMAPE (train),maxError (train),R2 (train),rules,plain conditions count,complex conditions count,conditions_count,avg conditions per rule,avg rule quality,avg rule precision,avg rule coverage,training time total (s),training time growing (s),training time pruning (s),pvalue significance fdr,pvalue significance fwer,induction measure,pruning measure,voting measure
exact_M-of-N,no_discretization,diabetes,0,0.3452723026293346,0.3194444444444443,437849963772132.94,1.242980289465604,1.149999999999999,4378499637721.3296,0.4999999999999996,0.3223684210526322,0.127869859425601,0.0918847168082876,22453844296006.97,0.2732561379505994,0.1963563811245598,224538442960.0697,0.3888888888888887,0.5790130182482385,7,0.7142857142857143,1.5714285714285714,16.0,2.2857142857142856,0.493182354857154,0.8047619047619048,0.1978021978021978,0.1054887771606445,0.0551188559999999,0.0160126,0.4285714285714285,0.4285714285714285,C2,C2,C2
