model_type,variant,dataset,M-of-N count,RMSE (test),MAE (test),MAPE (test),rRMSE (test),rMAE (test),rMAPE (test),maxError (test),R2 (test),RMSE (train),MAE (train),MAPE (train),rRMSE (train),rMAE (train),rMAPE (train),maxError (train),R2 (train),rules,plain conditions count,complex conditions count,conditions_count,avg conditions per rule,avg rule quality,avg rule precision,avg rule coverage,training time total (s),training time growing (s),training time pruning (s),pvalue significance fdr,pvalue significance fwer,induction measure,pruning measure,voting measure
at_least_M-of-N,no_discretization,strike,0.14285714285714285,0.2138783773171651,0.1319371898889056,1675884318512.9512,1.5049435096895285,0.9283688239112508,16758843185.12951,0.9815714285714284,-0.5207371950677047,0.0869753847811981,0.0360330568078322,1057971405847.6472,1.9561232333392404,0.810402848660585,10579714058.476473,0.9906104571060604,-0.090349913667806,49,2.2448979591836733,3,264.0,5.387755102040816,0.501386665918969,0.94397242869645,0.1796426755755683,8106.54797744751,69.510239541,286.94124854100005,0.4285714285714285,0.4081632653061224,C2,C2,C2
