model_type,variant,dataset,M-of-N count,RMSE (test),MAE (test),MAPE (test),rRMSE (test),rMAE (test),rMAPE (test),maxError (test),R2 (test),RMSE (train),MAE (train),MAPE (train),rRMSE (train),rMAE (train),rMAPE (train),maxError (train),R2 (train),rules,plain conditions count,complex conditions count,conditions_count,avg conditions per rule,avg rule quality,avg rule precision,avg rule coverage,training time total (s),training time growing (s),training time pruning (s),pvalue significance fdr,pvalue significance fwer,induction measure,pruning measure,voting measure
exact_M-of-N,no_discretization,ozone,0.16666666666666666,0.1906335409776458,0.147589308709092,48178658216575.89,0.741513735437763,0.5740831285528561,481786582165.7589,0.5135135135135135,0.4193932558025292,0.1556207684595844,0.1086370944350131,4362294666989.4185,0.5245756517185195,0.3662003161798649,43622946669.89419,0.8648648648648649,0.4820428701581455,24,3.0833333333333335,1.5,114.0,4.75,0.4784147513582295,0.8713146202085932,0.092732884399551,1069.6896226406095,15.965771615999998,34.523866561,0.6666666666666666,0.625,C2,C2,C2
