model_type,variant,dataset,M-of-N count,RMSE (test),MAE (test),MAPE (test),rRMSE (test),rMAE (test),rMAPE (test),maxError (test),R2 (test),RMSE (train),MAE (train),MAPE (train),rRMSE (train),rMAE (train),rMAPE (train),maxError (train),R2 (train),rules,plain conditions count,complex conditions count,conditions_count,avg conditions per rule,avg rule quality,avg rule precision,avg rule coverage,training time total (s),training time growing (s),training time pruning (s),pvalue significance fdr,pvalue significance fwer,induction measure,pruning measure,voting measure
complex,no_discretization,pollution,0,0.3433192363560082,0.3205365292542056,250860239865610.62,1.3009175854857054,1.21458853317775,2508602398656.1064,0.532629405588332,0.0061973928725427,0.1348684020494612,0.0956132358906488,21018548568164.75,0.2547378625147532,0.1805931631782098,210185485681.6475,0.3589229957655515,0.5989386215186204,11,0.18181818181818182,2.8181818181818183,33.0,3.0,0.480348785650841,0.7878954378954379,0.1397306397306397,9.388169887,6.0946457160000005,3.276529581,0.2727272727272727,0.1818181818181818,C2,C2,C2
