model_type,variant,dataset,M-of-N count,RMSE (test),MAE (test),MAPE (test),rRMSE (test),rMAE (test),rMAPE (test),maxError (test),R2 (test),RMSE (train),MAE (train),MAPE (train),rRMSE (train),rMAE (train),rMAPE (train),maxError (train),R2 (train),rules,plain conditions count,complex conditions count,conditions_count,avg conditions per rule,avg rule quality,avg rule precision,avg rule coverage,training time total (s),training time growing (s),training time pruning (s),pvalue significance fdr,pvalue significance fwer,induction measure,pruning measure,voting measure
plain,no_discretization,auto-price,0,0.1835290103024637,0.1185577050844626,21360571526188.64,0.6332100978110077,0.4090467000778754,213605715261.8864,0.4990075243799642,0.5380145538943379,0.0886366345854293,0.0584161706857428,2504726717914.987,0.4323538606853095,0.2849437711682334,25047267179.149868,0.4000830820068252,0.7793294466337727,11,2.272727272727273,0.09090909090909091,26.0,2.3636363636363638,0.5367564931000072,0.7892583847129301,0.1563890654799745,1.226289443,1.069573159,0.151533024,0.2727272727272727,0.2727272727272727,C2,C2,C2
