model_type,variant,dataset,M-of-N count,RMSE (test),MAE (test),MAPE (test),rRMSE (test),rMAE (test),rMAPE (test),maxError (test),R2 (test),RMSE (train),MAE (train),MAPE (train),rRMSE (train),rMAE (train),rMAPE (train),maxError (train),R2 (train),rules,plain conditions count,complex conditions count,conditions_count,avg conditions per rule,avg rule quality,avg rule precision,avg rule coverage,training time total (s),training time growing (s),training time pruning (s),pvalue significance fdr,pvalue significance fwer,induction measure,pruning measure,voting measure
exact_M-of-N,no_discretization,pharynx,0.8571428571428571,0.241364129524609,0.1750617917871559,38087284054238.91,0.6622910314920374,0.480360751557901,380872840542.389,0.7134947014293216,0.3515917294089388,0.165507518178802,0.1163952662512404,8081198952930.121,0.570734199122386,0.4013760812591711,80811989529.30121,0.6955428500304045,0.4498071552855468,14,1.2857142857142858,2.857142857142857,70.0,5.0,0.4916636775798125,0.8578328798686454,0.1579591836734693,0.3058290481567383,0.134512378,0.036802625,0.4285714285714285,0.4285714285714285,C2,C2,C2
