model_type,variant,dataset,M-of-N count,RMSE (test),MAE (test),MAPE (test),rRMSE (test),rMAE (test),rMAPE (test),maxError (test),R2 (test),RMSE (train),MAE (train),MAPE (train),rRMSE (train),rMAE (train),rMAPE (train),maxError (train),R2 (train),rules,plain conditions count,complex conditions count,conditions_count,avg conditions per rule,avg rule quality,avg rule precision,avg rule coverage,training time total (s),training time growing (s),training time pruning (s),pvalue significance fdr,pvalue significance fwer,induction measure,pruning measure,voting measure
exact_M-of-N,no_discretization,strike,0.4,0.3071285353543982,0.206622376066425,1375609321854.535,1.409301563520562,0.9481152160372724,13756093218.545347,0.9908571428571428,-0.7478618473133525,0.0849354109154694,0.0343358825492419,1272559944441.0415,1.929748232985601,0.7801175971626786,12725599444.410418,0.9894483363660036,-0.0375794410271863,35,1.9428571428571428,3,187.0,5.3428571428571425,0.4545945703333994,0.931076787961192,0.1429588205388916,28957.200707674023,62.60326563300001,261.29504829099994,0.6571428571428571,0.4285714285714285,C2,C2,C2
