model_type,variant,dataset,M-of-N count,RMSE (test),MAE (test),MAPE (test),rRMSE (test),rMAE (test),rMAPE (test),maxError (test),R2 (test),RMSE (train),MAE (train),MAPE (train),rRMSE (train),rMAE (train),rMAPE (train),maxError (train),R2 (train),rules,plain conditions count,complex conditions count,conditions_count,avg conditions per rule,avg rule quality,avg rule precision,avg rule coverage,training time total (s),training time growing (s),training time pruning (s),pvalue significance fdr,pvalue significance fwer,induction measure,pruning measure,voting measure
plain,no_discretization,pwlinear,0,0.1723592142926484,0.1240722544747958,17915554073216.18,0.3201311978114979,0.2304454659021008,179155540732.1618,0.4934423029873189,0.5319093136992524,0.0899971181011499,0.0631469424800838,8019670118342.886,0.2091137787623653,0.146725762312286,80196701183.42886,0.3575674439871971,0.799462239386131,41,4.365853658536586,0.2682926829268293,190.0,4.634146341463414,0.4614222959313255,0.8024392214671984,0.0432249322493224,0.16261534,0.132765825,0.024928685,0.6829268292682927,0.2195121951219512,C2,C2,C2
