model_type,variant,dataset,M-of-N count,RMSE (test),MAE (test),MAPE (test),rRMSE (test),rMAE (test),rMAPE (test),maxError (test),R2 (test),RMSE (train),MAE (train),MAPE (train),rRMSE (train),rMAE (train),rMAPE (train),maxError (train),R2 (train),rules,plain conditions count,complex conditions count,conditions_count,avg conditions per rule,avg rule quality,avg rule precision,avg rule coverage,training time total (s),training time growing (s),training time pruning (s),pvalue significance fdr,pvalue significance fwer,induction measure,pruning measure,voting measure
complex,no_discretization,breasttumor,0,0.270530618040189,0.220941044318045,155296538874845.06,0.5114333717839297,0.4176851554904372,1552965388748.4507,0.5,0.0050867106181419,0.1894309147633383,0.1401227040878548,52571201875920.54,0.3873010747349081,0.2864879471008648,525712018759.2054,0.5,0.0829783408511928,22,0.4090909090909091,1.7727272727272727,48.0,2.1818181818181817,0.4866496069376103,0.9467425882198608,0.0320127343473647,2.80408481,2.743776373,0.051203898,0.7272727272727273,0.5909090909090909,C2,C2,C2
