dataset,RMSE (test),MAE (test),MAPE (test),rRMSE (test),rMAE (test),rMAPE (test),maxError (test),R2 (test),RMSE (train),MAE (train),MAPE (train),rRMSE (train),rMAE (train),rMAPE (train),maxError (train),R2 (train),rules,conditions_count,avg conditions per rule
breasttumor,0.34664103741239605,0.28599206349206346,38602282520319.23,0.6470632698364727,0.5338518518518518,386022825203.19226,0.7333333333333334,-0.7262800546571717,0.03514091235198985,0.00813953488372093,2618371876378.2124,0.0710863680948203,0.01646542261251372,26183718763.782124,0.20000000000000007,0.9700815235787971,197,393,15.821882951653944
