model_type,variant,dataset,M-of-N count,RMSE (test),MAE (test),MAPE (test),rRMSE (test),rMAE (test),rMAPE (test),maxError (test),R2 (test),RMSE (train),MAE (train),MAPE (train),rRMSE (train),rMAE (train),rMAPE (train),maxError (train),R2 (train),rules,plain conditions count,complex conditions count,conditions_count,avg conditions per rule,avg rule quality,avg rule precision,avg rule coverage,training time total (s),training time growing (s),training time pruning (s),pvalue significance fdr,pvalue significance fwer,induction measure,pruning measure,voting measure
plain,no_discretization,auto-mpg,0,0.16408930193974,0.1277048629422141,58001520056623.83,0.4690406530332295,0.3650376447571964,580015200566.2383,0.4612194956155256,0.6241155052487806,0.1167652863120514,0.0862152384053274,2005946365671.288,0.3034977535315637,0.2240916971357131,20059463656.712875,0.5017703732970002,0.6781000537881381,24,2.2916666666666665,0.5,67.0,2.7916666666666665,0.467833063200315,0.8034718687154297,0.1163873370577281,4.052329631,3.250563321,0.796559717,0.875,0.6666666666666666,C2,C2,C2
