model_type,variant,dataset,M-of-N count,RMSE (test),MAE (test),MAPE (test),rRMSE (test),rMAE (test),rMAPE (test),maxError (test),R2 (test),RMSE (train),MAE (train),MAPE (train),rRMSE (train),rMAE (train),rMAPE (train),maxError (train),R2 (train),rules,plain conditions count,complex conditions count,conditions_count,avg conditions per rule,avg rule quality,avg rule precision,avg rule coverage,training time total (s),training time growing (s),training time pruning (s),pvalue significance fdr,pvalue significance fwer,induction measure,pruning measure,voting measure
at_least_M-of-N,no_discretization,cholesterol,10,0.09965420275872651,0.06454038287445583,3571060323018.5327,0.36322128285570965,0.23523785264145036,35710603230.185326,0.7043223929095779,0.2937105894564743,0.09979171517211903,0.06413887439542713,3936416329663.9595,0.3621481456754883,0.2327625533638151,39364163296.639595,0.7043223929095779,0.28500912834425385,76,327,99,436.0,5.7368421052631575,0.36395190161902674,0.8024023437432874,0.028660760812923406,57.437230587005615,25.531274333000006,20.970380824000003,0.13157894736842105,0.02631578947368421,C2,C2,C2
