model_type,variant,dataset,M-of-N count,RMSE (test),MAE (test),MAPE (test),rRMSE (test),rMAE (test),rMAPE (test),maxError (test),R2 (test),RMSE (train),MAE (train),MAPE (train),rRMSE (train),rMAE (train),rMAPE (train),maxError (train),R2 (train),rules,plain conditions count,complex conditions count,conditions_count,avg conditions per rule,avg rule quality,avg rule precision,avg rule coverage,training time total (s),training time growing (s),training time pruning (s),pvalue significance fdr,pvalue significance fwer,induction measure,pruning measure,voting measure
complex,no_discretization,fishcatch,0,0.1810165997462775,0.1067407673699113,11821393510500.062,0.5236316549024137,0.3087719288827797,118213935105.00064,0.5878787878787879,0.5831055372063951,0.1174276074894227,0.0709275409809443,2668929425651.677,0.5091187882306349,0.3075132372057373,26689294256.516773,0.5878787878787879,0.6790545372898003,13,0.6923076923076923,2.230769230769231,38.0,2.923076923076923,0.6767773422004032,0.8011469448425971,0.1413867822318526,72.834907905,72.000801647,0.8224412290000002,1.0,1.0,C2,C2,C2
