model_type,variant,dataset,M-of-N count,RMSE (test),MAE (test),MAPE (test),rRMSE (test),rMAE (test),rMAPE (test),maxError (test),R2 (test),RMSE (train),MAE (train),MAPE (train),rRMSE (train),rMAE (train),rMAPE (train),maxError (train),R2 (train),rules,plain conditions count,complex conditions count,conditions_count,avg conditions per rule,avg rule quality,avg rule precision,avg rule coverage,training time total (s),training time growing (s),training time pruning (s),pvalue significance fdr,pvalue significance fwer,induction measure,pruning measure,voting measure
plain,no_discretization,pollution,0,0.4148996911828917,0.3669466261469731,159354272091180.47,0.76065142772096,0.6727372447068088,1593542720911.8047,0.7764159816202384,-0.1648396666810037,0.1367615161231299,0.0903093373932946,18646905590020.457,0.2902364068109551,0.1916552136122093,186469055900.20456,0.4763431889164237,0.5127498740619685,18,3.4444444444444446,0.16666666666666666,65.0,3.611111111111111,0.4070918950191982,0.7169312169312172,0.0946502057613168,1.119888159,0.921993312,0.193107605,0.0555555555555555,0.0555555555555555,C2,C2,C2
