model_type,variant,dataset,M-of-N count,RMSE (test),MAE (test),MAPE (test),rRMSE (test),rMAE (test),rMAPE (test),maxError (test),R2 (test),RMSE (train),MAE (train),MAPE (train),rRMSE (train),rMAE (train),rMAPE (train),maxError (train),R2 (train),rules,plain conditions count,complex conditions count,conditions_count,avg conditions per rule,avg rule quality,avg rule precision,avg rule coverage,training time total (s),training time growing (s),training time pruning (s),pvalue significance fdr,pvalue significance fwer,induction measure,pruning measure,voting measure
at_least_M-of-N,no_discretization,pharynx,0.8461538461538461,0.2665594402183844,0.1682614221635188,37891619770971.27,0.9028981392974902,0.5699401411652297,378916197709.7127,0.827262693156733,-0.1518623645413037,0.2022841913839425,0.1399220648179618,4328453145276.489,0.6523106665837672,0.4512100265805896,43284531452.76489,0.6943101866166596,0.2447198071307222,13,0.8461538461538461,0.5384615384615384,29.0,2.230769230769231,0.4653903818658472,0.8372460639111191,0.374065934065934,0.2159576416015625,0.10403762,0.0342150769999999,0.8461538461538461,0.7692307692307693,C2,C2,C2
