model_type,variant,dataset,M-of-N count,RMSE (test),MAE (test),MAPE (test),rRMSE (test),rMAE (test),rMAPE (test),maxError (test),R2 (test),RMSE (train),MAE (train),MAPE (train),rRMSE (train),rMAE (train),rMAPE (train),maxError (train),R2 (train),rules,plain conditions count,complex conditions count,conditions_count,avg conditions per rule,avg rule quality,avg rule precision,avg rule coverage,training time total (s),training time growing (s),training time pruning (s),pvalue significance fdr,pvalue significance fwer,induction measure,pruning measure,voting measure
plain,no_discretization,concrete,0,0.3558305888535664,0.2910200641886299,158446784432562.97,0.7167661633476895,0.5862152985153399,1584467844325.6296,0.5678698525673616,-0.0325750759538636,0.1506206884060594,0.0955972628978717,20978609388153.816,0.3361794095440116,0.2133693036137875,209786093881.53815,0.8162175902389426,0.3423700300303512,21,2.8095238095238093,0.6190476190476191,72.0,3.4285714285714284,0.3593892770751492,0.6846284667713239,0.0817805383022774,7.533977309,6.122968379999999,1.405841099,0.0,0.0,C2,C2,C2
