model_type,variant,dataset,M-of-N count,RMSE (test),MAE (test),MAPE (test),rRMSE (test),rMAE (test),rMAPE (test),maxError (test),R2 (test),RMSE (train),MAE (train),MAPE (train),rRMSE (train),rMAE (train),rMAPE (train),maxError (train),R2 (train),rules,plain conditions count,complex conditions count,conditions_count,avg conditions per rule,avg rule quality,avg rule precision,avg rule coverage,training time total (s),training time growing (s),training time pruning (s),pvalue significance fdr,pvalue significance fwer,induction measure,pruning measure,voting measure
exact_M-of-N,no_discretization,ele-1,0,0.1971442767125398,0.1253009727063704,5775518152810.995,0.6941157360494499,0.4411661263928651,57755181528.10996,0.6937979680435898,0.3439727007648461,0.1109289675613974,0.0707996607796262,726126894460.594,0.5092181949482546,0.3250050573597515,7261268944.60594,0.6937979680435898,0.4717715414897034,23,0.6956521739130435,2.260869565217391,68.0,2.9565217391304346,0.4274774306499116,0.790013953920333,0.121152906692721,11540.817210435867,144.593134289,3378.0974318830004,0.782608695652174,0.782608695652174,C2,C2,C2
