model_type,variant,dataset,M-of-N count,RMSE (test),MAE (test),MAPE (test),rRMSE (test),rMAE (test),rMAPE (test),maxError (test),R2 (test),RMSE (train),MAE (train),MAPE (train),rRMSE (train),rMAE (train),rMAPE (train),maxError (train),R2 (train),rules,plain conditions count,complex conditions count,conditions_count,avg conditions per rule,avg rule quality,avg rule precision,avg rule coverage,training time total (s),training time growing (s),training time pruning (s),pvalue significance fdr,pvalue significance fwer,induction measure,pruning measure,voting measure
plain,no_discretization,elusage,0,0.269756766970726,0.186985508225026,140903450191985.5,0.8609732151538821,0.5967950906720123,1409034501919.855,0.5597176862547399,0.5197431333155119,0.1904954252397353,0.1285062378376955,10143784882813.78,0.5374113145323773,0.3625320981595992,101437848828.1378,0.5597176862547399,0.4297778001683696,7,1.1428571428571428,0,8.0,1.1428571428571428,0.3518442442582245,0.6575757575757575,0.1571428571428571,0.013640314,0.011794177,0.000620527,0.8571428571428571,0.5714285714285714,C2,C2,C2
