model_type,variant,dataset,M-of-N count,RMSE (test),MAE (test),MAPE (test),rRMSE (test),rMAE (test),rMAPE (test),maxError (test),R2 (test),RMSE (train),MAE (train),MAPE (train),rRMSE (train),rMAE (train),rMAPE (train),maxError (train),R2 (train),rules,plain conditions count,complex conditions count,conditions_count,avg conditions per rule,avg rule quality,avg rule precision,avg rule coverage,training time total (s),training time growing (s),training time pruning (s),pvalue significance fdr,pvalue significance fwer,induction measure,pruning measure,voting measure
exact_M-of-N,no_discretization,auto93,1.6666666666666667,0.2482012958993108,0.1489922818687869,20969701465261.094,1.115434282361725,0.6695819149597264,209697014652.61093,0.7001931573926248,0.2568021930991185,0.1174917259048445,0.0704858519649933,3645963024611.464,0.523787244320166,0.3142314054881093,36459630246.11463,0.7001931573926248,0.5408298719583372,15,1.0666666666666667,0.26666666666666666,45.0,3.0,0.5503931688264355,0.8097952012854094,0.1658730158730158,0.3799772262573242,0.229278296,0.085176767,0.6,0.5333333333333333,C2,C2,C2
