model_type,variant,dataset,M-of-N count,RMSE (test),MAE (test),MAPE (test),rRMSE (test),rMAE (test),rMAPE (test),maxError (test),R2 (test),RMSE (train),MAE (train),MAPE (train),rRMSE (train),rMAE (train),rMAPE (train),maxError (train),R2 (train),rules,plain conditions count,complex conditions count,conditions_count,avg conditions per rule,avg rule quality,avg rule precision,avg rule coverage,training time total (s),training time growing (s),training time pruning (s),pvalue significance fdr,pvalue significance fwer,induction measure,pruning measure,voting measure
complex,no_discretization,ozone,0,0.234403572006552,0.1820412429915665,60087013584796.58,0.6555354132386624,0.5090983914170929,600870135847.9658,0.6237837837837837,0.318096273771583,0.1196010020748091,0.0785392998964628,3278623807349.916,0.4113600662911041,0.2701309441509328,32786238073.49916,0.7302101659654421,0.7010124561994195,54,1.2592592592592593,5.37037037037037,358.0,6.62962962962963,0.516019424304425,0.8933761100468333,0.0515026811323107,1395.483729295,1367.499569594,27.961209323999995,0.8703703703703703,0.6481481481481481,C2,C2,C2
