model_type,variant,dataset,M-of-N count,RMSE (test),MAE (test),MAPE (test),rRMSE (test),rMAE (test),rMAPE (test),maxError (test),R2 (test),RMSE (train),MAE (train),MAPE (train),rRMSE (train),rMAE (train),rMAPE (train),maxError (train),R2 (train),rules,plain conditions count,complex conditions count,conditions_count,avg conditions per rule,avg rule quality,avg rule precision,avg rule coverage,training time total (s),training time growing (s),training time pruning (s),pvalue significance fdr,pvalue significance fwer,induction measure,pruning measure,voting measure
complex,no_discretization,machine,0,0.2789931531082722,0.1863512696098244,4556908496550.093,1.1124851980192356,0.7430756875691749,45569084965.50093,0.6844405594405594,-0.1272776006744491,0.101849744643071,0.0413071460633165,980923954772.4104,1.145660474888838,0.4646449015758168,9809239547.724102,0.8520718307909851,0.5114849347688177,17,1,4.705882352941177,97.0,5.705882352941177,0.5072738665691889,0.8451911962051112,0.1210888610763454,55.408750798,53.41496687099999,1.98147364,0.9411764705882352,0.8823529411764706,C2,C2,C2
