model_type,variant,dataset,M-of-N count,RMSE (test),MAE (test),MAPE (test),rRMSE (test),rMAE (test),rMAPE (test),maxError (test),R2 (test),RMSE (train),MAE (train),MAPE (train),rRMSE (train),rMAE (train),rMAPE (train),maxError (train),R2 (train),rules,plain conditions count,complex conditions count,conditions_count,avg conditions per rule,avg rule quality,avg rule precision,avg rule coverage,training time total (s),training time growing (s),training time pruning (s),pvalue significance fdr,pvalue significance fwer,induction measure,pruning measure,voting measure
plain,no_discretization,gascons,0,0.3149952936855861,0.3093805957787164,443804974016706.56,0.658340163802875,0.6466054451775173,4438049740167.065,0.3877858569114269,0.4079613360222253,0.1864944395085265,0.1400733206630872,55475621752089.805,0.3483640073453605,0.2616512504981885,554756217520.8981,0.3994273443092342,0.6577511814110955,6,1.3333333333333333,0.3333333333333333,10.0,1.6666666666666667,0.4567893996023142,0.6968253968253969,0.2222222222222222,0.043782652,0.03975161,0.001610707,0.1666666666666666,0.1666666666666666,C2,C2,C2
