model_type,variant,dataset,M-of-N count,RMSE (test),MAE (test),MAPE (test),rRMSE (test),rMAE (test),rMAPE (test),maxError (test),R2 (test),RMSE (train),MAE (train),MAPE (train),rRMSE (train),rMAE (train),rMAPE (train),maxError (train),R2 (train),rules,plain conditions count,complex conditions count,conditions_count,avg conditions per rule,avg rule quality,avg rule precision,avg rule coverage,training time total (s),training time growing (s),training time pruning (s),pvalue significance fdr,pvalue significance fwer,induction measure,pruning measure,voting measure
exact_M-of-N,no_discretization,pwlinear,4.434782608695652,0.2513366132716189,0.2038706522270613,63742917715488.33,0.4668197832691122,0.3786589325317214,637429177154.8833,0.5582990397805212,0.0046575968980986,0.1317686945211491,0.0922183826862206,4777402160335.6455,0.3061725776922315,0.214275022153438,47774021603.35645,0.4476451760402378,0.5701039624471389,46,0.2391304347826087,0.21739130434782608,225.0,4.891304347826087,0.3618159246606359,0.7664570587053422,0.0370772946859903,192.43492245674133,28.893957123,163.29305643899997,0.0,0.0,C2,C2,C2
