model_type,variant,dataset,M-of-N count,RMSE (test),MAE (test),MAPE (test),rRMSE (test),rMAE (test),rMAPE (test),maxError (test),R2 (test),RMSE (train),MAE (train),MAPE (train),rRMSE (train),rMAE (train),rMAPE (train),maxError (train),R2 (train),rules,plain conditions count,complex conditions count,conditions_count,avg conditions per rule,avg rule quality,avg rule precision,avg rule coverage,training time total (s),training time growing (s),training time pruning (s),pvalue significance fdr,pvalue significance fwer,induction measure,pruning measure,voting measure
plain,no_discretization,fruitfly,0,0.2710558691217303,0.1908318656831264,99578388273080.31,0.8542366784442413,0.6014095160922774,995783882730.8032,0.8012853165891545,-0.1400316709551936,0.1796039227824775,0.122062113507667,10297865001609.982,0.6351491824544757,0.4316590105715879,102978650016.09982,0.7816385341279024,0.1556520311873742,27,1.8148148148148149,0.48148148148148145,62.0,2.2962962962962963,0.2787684676927637,0.7056633951906306,0.1114417989417989,1.101769125,0.961225487,0.137814106,0.0,0.0,C2,C2,C2
