model_type,variant,dataset,M-of-N count,RMSE (test),MAE (test),MAPE (test),rRMSE (test),rMAE (test),rMAPE (test),maxError (test),R2 (test),RMSE (train),MAE (train),MAPE (train),rRMSE (train),rMAE (train),rMAPE (train),maxError (train),R2 (train),rules,plain conditions count,complex conditions count,conditions_count,avg conditions per rule,avg rule quality,avg rule precision,avg rule coverage,training time total (s),training time growing (s),training time pruning (s),pvalue significance fdr,pvalue significance fwer,induction measure,pruning measure,voting measure
plain,no_discretization,bodyfat,0,0.10811697383057582,0.08578330815391916,7025683629218.982,0.2680745515956126,0.21269853430957483,70256836292.18982,0.31999999999999995,0.619629434680707,0.1082128743120688,0.08566473819063128,3875277874847.1396,0.2684020110889896,0.21247553173266814,38752778748.4714,0.31999999999999995,0.6212508120231887,14,5,26,36.0,2.5714285714285716,0.49857830198434705,0.7468041383219955,0.08475056689342401,87.760254176,67.89495884499999,19.860229838000002,0.5714285714285714,0.5,C2,C2,C2
