model_type,variant,dataset,M-of-N count,RMSE (test),MAE (test),MAPE (test),rRMSE (test),rMAE (test),rMAPE (test),maxError (test),R2 (test),RMSE (train),MAE (train),MAPE (train),rRMSE (train),rMAE (train),rMAPE (train),maxError (train),R2 (train),rules,plain conditions count,complex conditions count,conditions_count,avg conditions per rule,avg rule quality,avg rule precision,avg rule coverage,training time total (s),training time growing (s),training time pruning (s),pvalue significance fdr,pvalue significance fwer,induction measure,pruning measure,voting measure
complex,no_discretization,bodyfat,0,0.1409197259286295,0.1073743567593707,30066957813820.68,0.2872594413160525,0.218878496471025,300669578138.2068,0.3663331251832578,0.7391638151924881,0.0598800574097027,0.0292854740977368,1552242069983.4414,0.1510154621747776,0.0738569666962375,15522420699.834414,0.6303253408816671,0.8809522622340477,35,0.8857142857142857,1.9714285714285715,100.0,2.857142857142857,0.726609134797473,0.8591460863403172,0.0576485461441213,353.318538929,325.200398329,28.101373987999995,1.0,0.9428571428571428,C2,C2,C2
