model_type,variant,dataset,M-of-N count,RMSE (test),MAE (test),MAPE (test),rRMSE (test),rMAE (test),rMAPE (test),maxError (test),R2 (test),RMSE (train),MAE (train),MAPE (train),rRMSE (train),rMAE (train),rMAPE (train),maxError (train),R2 (train),rules,plain conditions count,complex conditions count,conditions_count,avg conditions per rule,avg rule quality,avg rule precision,avg rule coverage,training time total (s),training time growing (s),training time pruning (s),pvalue significance fdr,pvalue significance fwer,induction measure,pruning measure,voting measure
plain,no_discretization,auto-price,0,0.10188133237451,0.0784730172567379,63190878261427.02,0.3683445788968925,0.2837135108318782,631908782614.2703,0.2244990975747878,0.8726186385529275,0.129041536706298,0.0764225746789483,3326136756146.496,0.5755049076512461,0.3408326334735291,33261367561.464954,0.617956382154323,0.585861756566815,12,2.3333333333333335,0.08333333333333333,29.0,2.4166666666666665,0.5239442986117956,0.7803240740740741,0.12004662004662,1.136809452,0.966108313,0.1654357199999999,0.5833333333333334,0.5,C2,C2,C2
