model_type,variant,dataset,M-of-N count,RMSE (test),MAE (test),MAPE (test),rRMSE (test),rMAE (test),rMAPE (test),maxError (test),R2 (test),RMSE (train),MAE (train),MAPE (train),rRMSE (train),rMAE (train),rMAPE (train),maxError (train),R2 (train),rules,plain conditions count,complex conditions count,conditions_count,avg conditions per rule,avg rule quality,avg rule precision,avg rule coverage,training time total (s),training time growing (s),training time pruning (s),pvalue significance fdr,pvalue significance fwer,induction measure,pruning measure,voting measure
exact_M-of-N,no_discretization,pyrim,2.5,0.3415104070130748,0.2777251505149625,339177346936340.94,0.6445554104965187,0.5241692338486353,3391773469363.409,0.6024999999999999,-0.1476120451536688,0.1136268697895769,0.0702598101896446,41112405689253.47,0.1658190410682309,0.1025322124323052,411124056892.53467,0.6024999999999999,0.4792286835944466,12,0.6666666666666666,0.08333333333333333,39.0,3.25,0.4363533532863228,0.7476414788914788,0.1287878787878787,1.476806640625,0.503341946,0.923669166,0.25,0.0833333333333333,C2,C2,C2
