model_type,variant,dataset,M-of-N count,RMSE (test),MAE (test),MAPE (test),rRMSE (test),rMAE (test),rMAPE (test),maxError (test),R2 (test),RMSE (train),MAE (train),MAPE (train),rRMSE (train),rMAE (train),rMAPE (train),maxError (train),R2 (train),rules,plain conditions count,complex conditions count,conditions_count,avg conditions per rule,avg rule quality,avg rule precision,avg rule coverage,training time total (s),training time growing (s),training time pruning (s),pvalue significance fdr,pvalue significance fwer,induction measure,pruning measure,voting measure
at_least_M-of-N,no_discretization,cpu,0.058823529411764705,0.2810351665799181,0.1786312440807102,2361194640386.654,1.1174705278723644,0.7102853107196594,23611946403.86654,0.7170891251022077,0.1226347546217301,0.1029686744810806,0.0334555763105096,457047412093.5661,1.5214298252932317,0.4943281233608135,4570474120.935661,0.9762878168438268,0.3701296274623792,17,2.176470588235294,1.1176470588235294,57.0,3.3529411764705883,0.605024497707585,0.8573700006071222,0.2453066332916145,9.058045148849487,1.825547699,1.1245101489999998,0.8823529411764706,0.8823529411764706,C2,C2,C2
