model_type,variant,dataset,M-of-N count,RMSE (test),MAE (test),MAPE (test),rRMSE (test),rMAE (test),rMAPE (test),maxError (test),R2 (test),RMSE (train),MAE (train),MAPE (train),rRMSE (train),rMAE (train),rMAPE (train),maxError (train),R2 (train),rules,plain conditions count,complex conditions count,conditions_count,avg conditions per rule,avg rule quality,avg rule precision,avg rule coverage,training time total (s),training time growing (s),training time pruning (s),pvalue significance fdr,pvalue significance fwer,induction measure,pruning measure,voting measure
plain,no_discretization,pharynx,0,0.2653649020506612,0.2208076850647242,60804992556690.46,0.8196274706187264,0.68200445124512,608049925566.9047,0.5435286961005567,0.1912759653735561,0.1555320202745962,0.1012922818317286,4624797282953.183,0.5202213795000529,0.3388010423459847,46247972829.53183,0.6832229580573952,0.5443347161618213,33,3.515151515151515,0.18181818181818182,122.0,3.696969696969697,0.3974868651126664,0.789275296895618,0.0652548209366391,3.47511711,3.2061997680000003,0.262755808,0.4545454545454545,0.1212121212121212,C2,C2,C2
