model_type,variant,dataset,M-of-N count,RMSE (test),MAE (test),MAPE (test),rRMSE (test),rMAE (test),rMAPE (test),maxError (test),R2 (test),RMSE (train),MAE (train),MAPE (train),rRMSE (train),rMAE (train),rMAPE (train),maxError (train),R2 (train),rules,plain conditions count,complex conditions count,conditions_count,avg conditions per rule,avg rule quality,avg rule precision,avg rule coverage,training time total (s),training time growing (s),training time pruning (s),pvalue significance fdr,pvalue significance fwer,induction measure,pruning measure,voting measure
exact_M-of-N,no_discretization,strike,0.5263157894736842,0.1613367518654225,0.075114703728997,808271834503.108,1.954264641317773,0.909860945155794,8082718345.03108,0.9836441962511416,-0.2269633217328246,0.0869931129176476,0.0376238845845093,1102647834604.7063,1.967002553182588,0.8507142066342098,11026478346.047064,0.9921583058140936,-0.1276836117673654,57,1.4736842105263157,2.3859649122807016,250.0,4.385964912280702,0.4585135227786659,0.946512437236171,0.1347318474121246,6223.053104639053,52.54582780299998,173.596618589,0.6842105263157895,0.631578947368421,C2,C2,C2
