model_type,variant,dataset,M-of-N count,RMSE (test),MAE (test),MAPE (test),rRMSE (test),rMAE (test),rMAPE (test),maxError (test),R2 (test),RMSE (train),MAE (train),MAPE (train),rRMSE (train),rMAE (train),rMAPE (train),maxError (train),R2 (train),rules,plain conditions count,complex conditions count,conditions_count,avg conditions per rule,avg rule quality,avg rule precision,avg rule coverage,training time total (s),training time growing (s),training time pruning (s),pvalue significance fdr,pvalue significance fwer,induction measure,pruning measure,voting measure
complex,no_discretization,mbagrade,0,0.2838609397931488,0.2374111358233693,405038476788075.75,0.4865601957176428,0.4069415425593349,4050384767880.757,0.5396196513470681,0.2086566048192663,0.2531127796713329,0.1862038046917573,72280795056777.56,0.4880697309975335,0.3590511746764883,722807950567.7756,0.8827258320126786,-0.0026068639171423,11,0.18181818181818182,1.3636363636363635,17.0,1.5454545454545454,0.3561945925879801,0.7747884983869113,0.2628099173553719,0.2833625,0.276543135,0.004100068,0.0909090909090909,0.0909090909090909,C2,C2,C2
