model_type,variant,dataset,M-of-N count,RMSE (test),MAE (test),MAPE (test),rRMSE (test),rMAE (test),rMAPE (test),maxError (test),R2 (test),RMSE (train),MAE (train),MAPE (train),rRMSE (train),rMAE (train),rMAPE (train),maxError (train),R2 (train),rules,plain conditions count,complex conditions count,conditions_count,avg conditions per rule,avg rule quality,avg rule precision,avg rule coverage,training time total (s),training time growing (s),training time pruning (s),pvalue significance fdr,pvalue significance fwer,induction measure,pruning measure,voting measure
plain,no_discretization,breasttumor,0,0.2500721096016602,0.1942362375326417,128674275067728.95,0.6196477052076536,0.4812933319392892,1286742750677.2898,0.501568611150628,-0.3791356129533001,0.1647087202943476,0.1204925521227885,32929301417494.203,0.336193432246374,0.2459420763265778,329293014174.942,0.6000000000000001,0.3855651378943228,57,3.473684210526316,0.10526315789473684,204.0,3.5789473684210527,0.3588988188031407,0.801691116474398,0.0327077383380933,1.07300683,0.951909755,0.1162621939999999,0.2631578947368421,0.2456140350877192,C2,C2,C2
