model_type,variant,dataset,M-of-N count,RMSE (test),MAE (test),MAPE (test),rRMSE (test),rMAE (test),rMAPE (test),maxError (test),R2 (test),RMSE (train),MAE (train),MAPE (train),rRMSE (train),rMAE (train),rMAPE (train),maxError (train),R2 (train),rules,plain conditions count,complex conditions count,conditions_count,avg conditions per rule,avg rule quality,avg rule precision,avg rule coverage,training time total (s),training time growing (s),training time pruning (s),pvalue significance fdr,pvalue significance fwer,induction measure,pruning measure,voting measure
complex,no_discretization,veteran,0,0.2647710498385098,0.1213023928637231,12639494913235.064,1.899966593254882,0.8704520160475353,126394949132.35065,0.9202020202020202,-0.0584993006517648,0.1457826422130583,0.0731310652521113,1218042416957.342,1.2159449081447913,0.6099721137620052,12180424169.57342,0.9202020202020202,-0.023001621981443,22,1,2.590909090909091,79.0,3.590909090909091,0.4556426557699284,0.8256819581918395,0.1290322580645161,2.639052127,2.510110198,0.118314931,0.7727272727272727,0.5454545454545454,C2,C2,C2
