model_type,variant,dataset,M-of-N count,RMSE (test),MAE (test),MAPE (test),rRMSE (test),rMAE (test),rMAPE (test),maxError (test),R2 (test),RMSE (train),MAE (train),MAPE (train),rRMSE (train),rMAE (train),rMAPE (train),maxError (train),R2 (train),rules,plain conditions count,complex conditions count,conditions_count,avg conditions per rule,avg rule quality,avg rule precision,avg rule coverage,training time total (s),training time growing (s),training time pruning (s),pvalue significance fdr,pvalue significance fwer,induction measure,pruning measure,voting measure
exact_M-of-N,no_discretization,machine,0.3333333333333333,0.1930909284886472,0.1113119902738775,5212328666469.421,1.2921955061381745,0.7449177169379954,52123286664.69421,0.665008477453057,0.2335338062809364,0.1166506905953377,0.0439297830377968,1138569087532.7185,1.2897850021867323,0.4857234451189096,11385690875.327185,0.9778174274462936,0.3566747135416015,12,1.3333333333333333,1.8333333333333333,42.0,3.5,0.6251334787806104,0.906420155751676,0.3298059964726632,53.27178859710693,2.459153847,1.7829546790000002,0.6666666666666666,0.6666666666666666,C2,C2,C2
