model_type,variant,dataset,M-of-N count,RMSE (test),MAE (test),MAPE (test),rRMSE (test),rMAE (test),rMAPE (test),maxError (test),R2 (test),RMSE (train),MAE (train),MAPE (train),rRMSE (train),rMAE (train),rMAPE (train),maxError (train),R2 (train),rules,plain conditions count,complex conditions count,conditions_count,avg conditions per rule,avg rule quality,avg rule precision,avg rule coverage,training time total (s),training time growing (s),training time pruning (s),pvalue significance fdr,pvalue significance fwer,induction measure,pruning measure,voting measure
plain,no_discretization,fruitfly,0,0.4038061285233659,0.3279789273114136,109843893350500.66,0.8814424820379442,0.7159241510342425,1098438933505.0066,0.8536585365853658,-0.9396245932818346,0.1973687463101677,0.1234742371648293,5884494286634.655,0.7247639208766815,0.4534135922118323,58844942866.34655,0.8048780487804877,-0.0104478805716019,18,1.6666666666666667,0.5,39.0,2.1666666666666665,0.2987200341973964,0.7407947246293112,0.0828373015873015,0.340226369,0.295987702,0.041973434,0.0555555555555555,0.0555555555555555,C2,C2,C2
