model_type,variant,dataset,M-of-N count,RMSE (test),MAE (test),MAPE (test),rRMSE (test),rMAE (test),rMAPE (test),maxError (test),R2 (test),RMSE (train),MAE (train),MAPE (train),rRMSE (train),rMAE (train),rMAPE (train),maxError (train),R2 (train),rules,plain conditions count,complex conditions count,conditions_count,avg conditions per rule,avg rule quality,avg rule precision,avg rule coverage,training time total (s),training time growing (s),training time pruning (s),pvalue significance fdr,pvalue significance fwer,induction measure,pruning measure,voting measure
exact_M-of-N,no_discretization,veteran,0.6071428571428571,0.3937915021740227,0.2615919802135041,10766118694565.752,1.262087441713064,0.8383927821134556,107661186945.65752,0.9759519038076152,-0.7167101999133065,0.1556422818144733,0.067279704694572,2310232995349.5205,1.369486965941786,0.5919900272437454,23102329953.495205,0.9729458917835672,-0.0016637700627881,28,1.9642857142857142,0.75,93.0,3.3214285714285716,0.4746442812821567,0.8583931948914526,0.1451800232288037,0.7790851593017578,0.4930189129999999,0.0713696399999999,0.7142857142857143,0.5714285714285714,C2,C2,C2
