model_type,variant,dataset,M-of-N count,RMSE (test),MAE (test),MAPE (test),rRMSE (test),rMAE (test),rMAPE (test),maxError (test),R2 (test),RMSE (train),MAE (train),MAPE (train),rRMSE (train),rMAE (train),rMAPE (train),maxError (train),R2 (train),rules,plain conditions count,complex conditions count,conditions_count,avg conditions per rule,avg rule quality,avg rule precision,avg rule coverage,training time total (s),training time growing (s),training time pruning (s),pvalue significance fdr,pvalue significance fwer,induction measure,pruning measure,voting measure
exact_M-of-N,no_discretization,cpu,0.21428571428571427,0.2259650026904103,0.0871584950350834,2256624834576.1665,1.8669554861235256,0.7201160734211558,22566248345.761665,0.9885527391659852,-0.0494387128039413,0.0867522309387786,0.034903387638544,475471143687.681,1.30924975033592,0.5267559238204529,4754711436.87681,0.7759607522485691,0.4882641358299622,14,1.5,1.2857142857142858,42.0,3.0,0.6526387688106526,0.8889338120380625,0.273176291793313,9.54402494430542,1.1422004649999995,0.4013269199999999,0.9285714285714286,0.7857142857142857,C2,C2,C2
