model_type,variant,dataset,M-of-N count,RMSE (test),MAE (test),MAPE (test),rRMSE (test),rMAE (test),rMAPE (test),maxError (test),R2 (test),RMSE (train),MAE (train),MAPE (train),rRMSE (train),rMAE (train),rMAPE (train),maxError (train),R2 (train),rules,plain conditions count,complex conditions count,conditions_count,avg conditions per rule,avg rule quality,avg rule precision,avg rule coverage,training time total (s),training time growing (s),training time pruning (s),pvalue significance fdr,pvalue significance fwer,induction measure,pruning measure,voting measure
at_least_M-of-N,no_discretization,cpu,0.15384615384615385,0.232781799218871,0.0964964921364883,1919946781474.1816,1.9187659949727696,0.795398043863221,19199467814.741817,0.9787408013082584,-0.1695066005132264,0.0953559829294315,0.0325330966470817,511777120971.1703,1.3666449272190786,0.4662653578052453,5117771209.711703,0.9754701553556828,0.4488153154700733,13,1.3076923076923077,1.0769230769230769,33.0,2.5384615384615383,0.6702756957592892,0.8489363277119791,0.2478632478632478,9.013782262802124,1.123306689,0.390662309,0.8461538461538461,0.8461538461538461,C2,C2,C2
