model_type,variant,dataset,M-of-N count,RMSE (test),MAE (test),MAPE (test),rRMSE (test),rMAE (test),rMAPE (test),maxError (test),R2 (test),RMSE (train),MAE (train),MAPE (train),rRMSE (train),rMAE (train),rMAPE (train),maxError (train),R2 (train),rules,plain conditions count,complex conditions count,conditions_count,avg conditions per rule,avg rule quality,avg rule precision,avg rule coverage,training time total (s),training time growing (s),training time pruning (s),pvalue significance fdr,pvalue significance fwer,induction measure,pruning measure,voting measure
plain,no_discretization,bolts,0,0.5143392718294252,0.4247116893521911,72878097836146.28,1.0873340338858724,0.8978576976617749,728780978361.4628,0.8617870804921663,-1.05688325359535,0.148311349177304,0.0724371507759656,6886966098484.277,0.4285914510533771,0.2093295201847865,68869660984.84277,0.5769324554986588,0.8106875921442905,9,2.111111111111111,0.1111111111111111,20.0,2.2222222222222223,0.6545864958027285,0.7967268388837015,0.2376543209876543,0.079334013,0.071602276,0.0051857369999999,0.8888888888888888,0.6666666666666666,C2,C2,C2
