model_type,variant,dataset,M-of-N count,RMSE (test),MAE (test),MAPE (test),rRMSE (test),rMAE (test),rMAPE (test),maxError (test),R2 (test),RMSE (train),MAE (train),MAPE (train),rRMSE (train),rMAE (train),rMAPE (train),maxError (train),R2 (train),rules,plain conditions count,complex conditions count,conditions_count,avg conditions per rule,avg rule quality,avg rule precision,avg rule coverage,training time total (s),training time growing (s),training time pruning (s),pvalue significance fdr,pvalue significance fwer,induction measure,pruning measure,voting measure
exact_M-of-N,no_discretization,pwlinear,0.5454545454545454,0.2639072723882977,0.1984434688649843,82789844035306.6,0.7864331751757747,0.5913536444072044,827898440353.0659,0.7240311386693682,-0.3662891585628838,0.1179063128835355,0.0749654528004535,10643463769019.13,0.2402914980513461,0.1527785961156441,106434637690.19131,0.4631873252562907,0.679155257663622,44,3.25,1,211.0,4.795454545454546,0.4072029162328807,0.7850947663447664,0.0318181818181818,11.36027717590332,7.193193629999997,3.878876492,0.25,0.0909090909090909,C2,C2,C2
