model_type,variant,dataset,M-of-N count,RMSE (test),MAE (test),MAPE (test),rRMSE (test),rMAE (test),rMAPE (test),maxError (test),R2 (test),RMSE (train),MAE (train),MAPE (train),rRMSE (train),rMAE (train),rMAPE (train),maxError (train),R2 (train),rules,plain conditions count,complex conditions count,conditions_count,avg conditions per rule,avg rule quality,avg rule precision,avg rule coverage,training time total (s),training time growing (s),training time pruning (s),pvalue significance fdr,pvalue significance fwer,induction measure,pruning measure,voting measure
plain,no_discretization,pharynx,0,0.2124253581965324,0.1552942415181394,39269798075306.48,0.6385159113105888,0.4667891111780651,392697980753.0648,0.5382529860037399,0.4278209758095759,0.1700064113314159,0.1133721250719535,6684102182893.194,0.5688587064399208,0.3793546367439769,66841021828.931946,0.6890683707061394,0.4497847873022532,28,3.607142857142857,0.2857142857142857,109.0,3.892857142857143,0.3956556676778044,0.8037009260119726,0.0832653061224489,1.851506382,1.7307144339999998,0.114805646,0.2857142857142857,0.1785714285714285,C2,C2,C2
