dataset,BAcc (test),BAcc (train),Acc (test),Acc (train),rules,conditions_count,avg conditions per rule
soybean,0.8654970760233918,0.9993581514762516,0.8840579710144928,0.998371335504886,62,123,9.252032520325203
