model_type,variant,dataset,M-of-N count,RMSE (test),MAE (test),MAPE (test),rRMSE (test),rMAE (test),rMAPE (test),maxError (test),R2 (test),RMSE (train),MAE (train),MAPE (train),rRMSE (train),rMAE (train),rMAPE (train),maxError (train),R2 (train),rules,plain conditions count,complex conditions count,conditions_count,avg conditions per rule,avg rule quality,avg rule precision,avg rule coverage,training time total (s),training time growing (s),training time pruning (s),pvalue significance fdr,pvalue significance fwer,induction measure,pruning measure,voting measure
complex,no_discretization,auto-price,0,0.1270372554341779,0.06847589495265,2377264242694.345,0.6086232301487919,0.32806140396353956,23772642426.94345,0.6708497700973852,0.568444483092641,0.12754747064030694,0.06840163625510243,2616485801707.579,0.6034575498168608,0.3236244796603905,26164858017.07579,0.6708497700973852,0.5752910691358599,22,66,61,128.0,5.818181818181818,0.5820590721698505,0.8255772005772006,0.09090909090909091,2353.552057042,2310.917127857,42.62348212399999,0.9090909090909091,0.8636363636363636,C2,C2,C2
