model_type,variant,dataset,M-of-N count,RMSE (test),MAE (test),MAPE (test),rRMSE (test),rMAE (test),rMAPE (test),maxError (test),R2 (test),RMSE (train),MAE (train),MAPE (train),rRMSE (train),rMAE (train),rMAPE (train),maxError (train),R2 (train),rules,plain conditions count,complex conditions count,conditions_count,avg conditions per rule,avg rule quality,avg rule precision,avg rule coverage,training time total (s),training time growing (s),training time pruning (s),pvalue significance fdr,pvalue significance fwer,induction measure,pruning measure,voting measure
plain,no_discretization,ozone,0,0.1387336128797942,0.1007675073724962,45107605676935.69,0.5396368288061958,0.3919587834298997,451076056769.3569,0.4203858298793247,0.6924987829817997,0.1241580092144572,0.0886023165978244,3610407826248.092,0.4185191298336412,0.2986659070838934,36104078262.48092,0.5405405405405406,0.6703081698897702,49,2.836734693877551,0.5102040816326531,164.0,3.3469387755102042,0.4725885847287006,0.837214489177156,0.0694702123273551,100.777264926,85.20012964099999,15.571507064,0.7142857142857143,0.5510204081632653,C2,C2,C2
