model_type,variant,dataset,M-of-N count,RMSE (test),MAE (test),MAPE (test),rRMSE (test),rMAE (test),rMAPE (test),maxError (test),R2 (test),RMSE (train),MAE (train),MAPE (train),rRMSE (train),rMAE (train),rMAPE (train),maxError (train),R2 (train),rules,plain conditions count,complex conditions count,conditions_count,avg conditions per rule,avg rule quality,avg rule precision,avg rule coverage,training time total (s),training time growing (s),training time pruning (s),pvalue significance fdr,pvalue significance fwer,induction measure,pruning measure,voting measure
exact_M-of-N,no_discretization,veteran,0.4444444444444444,0.3305475201620331,0.1942669066371531,6862883421457.569,1.4154734298963136,0.8318914161517356,68628834214.57569,0.939879759519038,-0.44969843141535,0.1673434329552232,0.0801136668831891,1699769648674.7168,1.34376108909436,0.6433095482814816,16997696486.747168,0.9493505312335792,-0.0580053929408161,18,1.3333333333333333,0.7222222222222222,45.0,2.5,0.4434591418317437,0.8595970685205959,0.2073170731707317,0.8264684677124023,0.307755186,0.06679855,0.8333333333333334,0.7777777777777778,C2,C2,C2
