model_type,variant,dataset,M-of-N count,RMSE (test),MAE (test),MAPE (test),rRMSE (test),rMAE (test),rMAPE (test),maxError (test),R2 (test),RMSE (train),MAE (train),MAPE (train),rRMSE (train),rMAE (train),rMAPE (train),maxError (train),R2 (train),rules,plain conditions count,complex conditions count,conditions_count,avg conditions per rule,avg rule quality,avg rule precision,avg rule coverage,training time total (s),training time growing (s),training time pruning (s),pvalue significance fdr,pvalue significance fwer,induction measure,pruning measure,voting measure
plain,no_discretization,ozone,0,0.2138354272894286,0.1681439475806221,56152473674123.59,0.5980143305551817,0.4702330737424177,561524736741.236,0.5135135135135135,0.4325155962714115,0.1497836008637126,0.103553626772047,2258630698299.488,0.5151712018439241,0.356166136024421,22586306982.994877,0.5945945945945946,0.5310657081211101,31,3.161290322580645,0.5806451612903226,116.0,3.7419354838709675,0.4461194045062496,0.8202376524667226,0.069295101553166,82.03574611,69.728011876,12.302558478000002,0.4516129032258064,0.3548387096774194,C2,C2,C2
