model_type,variant,dataset,M-of-N count,RMSE (test),MAE (test),MAPE (test),rRMSE (test),rMAE (test),rMAPE (test),maxError (test),R2 (test),RMSE (train),MAE (train),MAPE (train),rRMSE (train),rMAE (train),rMAPE (train),maxError (train),R2 (train),rules,plain conditions count,complex conditions count,conditions_count,avg conditions per rule,avg rule quality,avg rule precision,avg rule coverage,training time total (s),training time growing (s),training time pruning (s),pvalue significance fdr,pvalue significance fwer,induction measure,pruning measure,voting measure
at_least_M-of-N,no_discretization,fruitfly,0.4,0.3228212709605287,0.223075334988887,29802923226330.78,0.95495036432975,0.6598879676880567,298029232263.3078,0.9578912403910032,-0.5253835143103696,0.1986817329285496,0.1288117862549083,7788808963262.98,0.7372787093776297,0.4780016065029957,77888089632.6298,0.7926829268292683,-0.0412866298428378,15,0.5333333333333333,1.4,35.0,2.3333333333333335,0.3682541536327551,0.8660031758174174,0.1634218289085545,0.2624504566192627,0.1272180369999999,0.0149553689999999,0.1333333333333333,0.0666666666666666,C2,C2,C2
