model_type,variant,dataset,M-of-N count,RMSE (test),MAE (test),MAPE (test),rRMSE (test),rMAE (test),rMAPE (test),maxError (test),R2 (test),RMSE (train),MAE (train),MAPE (train),rRMSE (train),rMAE (train),rMAPE (train),maxError (train),R2 (train),rules,plain conditions count,complex conditions count,conditions_count,avg conditions per rule,avg rule quality,avg rule precision,avg rule coverage,training time total (s),training time growing (s),training time pruning (s),pvalue significance fdr,pvalue significance fwer,induction measure,pruning measure,voting measure
at_least_M-of-N,no_discretization,mbagrade,0,0.2979835982484928,0.2363499150253037,388162109925658.0,0.7685189460395423,0.6095616962122531,3881621099256.58,0.5171358140718549,0.1813578811782138,0.2260949679940478,0.1594978021806059,13249391959664.56,0.4065948448519065,0.2868307274027913,132493919596.6456,0.838192419825073,0.1694327980432975,7,1,1.2857142857142858,16.0,2.2857142857142856,0.3919682168822843,0.7434201266713583,0.1688311688311688,0.0348119735717773,0.023203598,0.001333719,0.1428571428571428,0.1428571428571428,C2,C2,C2
