model_type,variant,dataset,M-of-N count,RMSE (test),MAE (test),MAPE (test),rRMSE (test),rMAE (test),rMAPE (test),maxError (test),R2 (test),RMSE (train),MAE (train),MAPE (train),rRMSE (train),rMAE (train),rMAPE (train),maxError (train),R2 (train),rules,plain conditions count,complex conditions count,conditions_count,avg conditions per rule,avg rule quality,avg rule precision,avg rule coverage,training time total (s),training time growing (s),training time pruning (s),pvalue significance fdr,pvalue significance fwer,induction measure,pruning measure,voting measure
at_least_M-of-N,no_discretization,auto-mpg,0.16666666666666666,0.2257551674360434,0.1640020330309171,29944146458580.867,0.5181795405575257,0.3764365577613472,299441464585.80865,0.5571433436033316,0.4056992358662806,0.1180011183927537,0.0790307905913135,1672857344055.0042,0.3091815810451161,0.2070731626876538,16728573440.55004,0.7154255319148936,0.6582538297214691,12,1.3333333333333333,3.25,57.0,4.75,0.6421671456021838,0.8568866196317865,0.2255586592178771,19.40942144393921,1.7225264189999998,2.169036546,1.0,1.0,C2,C2,C2
