model_type,variant,dataset,M-of-N count,RMSE (test),MAE (test),MAPE (test),rRMSE (test),rMAE (test),rMAPE (test),maxError (test),R2 (test),RMSE (train),MAE (train),MAPE (train),rRMSE (train),rMAE (train),rMAPE (train),maxError (train),R2 (train),rules,plain conditions count,complex conditions count,conditions_count,avg conditions per rule,avg rule quality,avg rule precision,avg rule coverage,training time total (s),training time growing (s),training time pruning (s),pvalue significance fdr,pvalue significance fwer,induction measure,pruning measure,voting measure
complex,no_discretization,strike,0,0.1854462887739174,0.0865732046042917,463556374466.1052,2.2463023509781173,1.0486572382767565,4635563744.661053,0.9807142857142858,-0.6210680821466166,0.0854388728202713,0.0352303453684129,482084775117.0968,1.9318596075255905,0.7965938562834748,4820847751.170967,0.9930534099426496,-0.0877486324144072,60,1.55,5.866666666666666,445.0,7.416666666666667,0.48001680115851,0.8988942223189422,0.0737544483985765,4713.539028414,4627.985556457,85.53169408800002,0.8333333333333334,0.75,C2,C2,C2
