model_type,variant,dataset,M-of-N count,RMSE (test),MAE (test),MAPE (test),rRMSE (test),rMAE (test),rMAPE (test),maxError (test),R2 (test),RMSE (train),MAE (train),MAPE (train),rRMSE (train),rMAE (train),rMAPE (train),maxError (train),R2 (train),rules,plain conditions count,complex conditions count,conditions_count,avg conditions per rule,avg rule quality,avg rule precision,avg rule coverage,training time total (s),training time growing (s),training time pruning (s),pvalue significance fdr,pvalue significance fwer,induction measure,pruning measure,voting measure
complex,no_discretization,concrete,0,0.2499780312146346,0.1902965732647794,186192696243459.28,0.4911186877297278,0.3738656668634132,1861926962434.5928,0.5597484276729561,0.2203869215474883,0.0936534542747626,0.0530068796427785,1574900481795.5945,0.2052094838939699,0.1161464304606605,15749004817.955944,0.5147556845670052,0.767626271527786,26,0.5769230769230769,2.5384615384615383,81.0,3.1153846153846154,0.5225531290653597,0.7852514315749611,0.072324414715719,9.890552301,9.461588970000005,0.413244348,0.7692307692307693,0.5,C2,C2,C2
