model_type,variant,dataset,M-of-N count,RMSE (test),MAE (test),MAPE (test),rRMSE (test),rMAE (test),rMAPE (test),maxError (test),R2 (test),RMSE (train),MAE (train),MAPE (train),rRMSE (train),rMAE (train),rMAPE (train),maxError (train),R2 (train),rules,plain conditions count,complex conditions count,conditions_count,avg conditions per rule,avg rule quality,avg rule precision,avg rule coverage,training time total (s),training time growing (s),training time pruning (s),pvalue significance fdr,pvalue significance fwer,induction measure,pruning measure,voting measure
exact_M-of-N,no_discretization,auto93,0.21739130434782608,0.3496847219059997,0.2833509156296745,72704908112276.67,0.7977946889638631,0.6464561973718973,727049081122.7667,0.667700094906675,0.1038856248192917,0.0982587937362368,0.0578178353928949,1874406746246.5027,0.459712578154821,0.2705059278780511,18744067462.465027,0.4117904121718574,0.6730099737512927,23,2.9565217391304346,1.2173913043478262,101.0,4.391304347826087,0.5158722678733078,0.7930118033615199,0.098343685300207,1.326284885406494,0.7377116720000002,0.179847677,0.8260869565217391,0.5217391304347826,C2,C2,C2
