model_type,variant,dataset,M-of-N count,RMSE (test),MAE (test),MAPE (test),rRMSE (test),rMAE (test),rMAPE (test),maxError (test),R2 (test),RMSE (train),MAE (train),MAPE (train),rRMSE (train),rMAE (train),rMAPE (train),maxError (train),R2 (train),rules,plain conditions count,complex conditions count,conditions_count,avg conditions per rule,avg rule quality,avg rule precision,avg rule coverage,training time total (s),training time growing (s),training time pruning (s),pvalue significance fdr,pvalue significance fwer,induction measure,pruning measure,voting measure
at_least_M-of-N,no_discretization,lowbwt,0.8333333333333334,0.2548704051679086,0.2181887771714806,99430846356712.23,0.6363893432762778,0.5447984928769439,994308463567.1224,0.4194835769361109,-0.1235116207271203,0.130581903137112,0.0971555708379524,11933604265131.557,0.228501286677671,0.1700095680261713,119336042651.31557,0.569773429454171,0.5054789958409576,6,0.3333333333333333,0.5,10.0,1.6666666666666667,0.5597410244436372,0.7904669976098547,0.3205882352941176,0.1029582023620605,0.0297687139999999,0.000989797,1.0,1.0,C2,C2,C2
