model_type,variant,dataset,M-of-N count,RMSE (test),MAE (test),MAPE (test),rRMSE (test),rMAE (test),rMAPE (test),maxError (test),R2 (test),RMSE (train),MAE (train),MAPE (train),rRMSE (train),rMAE (train),rMAPE (train),maxError (train),R2 (train),rules,plain conditions count,complex conditions count,conditions_count,avg conditions per rule,avg rule quality,avg rule precision,avg rule coverage,training time total (s),training time growing (s),training time pruning (s),pvalue significance fdr,pvalue significance fwer,induction measure,pruning measure,voting measure
complex,no_discretization,auto-mpg,0,0.14888682417462284,0.0966497498388656,1894978735383.316,0.38329670162527224,0.24881671384632253,18949787353.83316,0.6767061189663377,0.4781569413800255,0.1509449463057355,0.09786770077780423,2085428859542.4214,0.39102287295320437,0.2535262720882989,20854288595.424213,0.6767061189663377,0.47138674169482775,39,207,54,278.0,7.128205128205129,0.616530994582887,0.8957978476295205,0.15333075634583165,1992.129923293,1977.817197073,14.282035893999998,0.9487179487179487,0.9230769230769231,C2,C2,C2
