model_type,variant,dataset,M-of-N count,RMSE (test),MAE (test),MAPE (test),rRMSE (test),rMAE (test),rMAPE (test),maxError (test),R2 (test),RMSE (train),MAE (train),MAPE (train),rRMSE (train),rMAE (train),rMAPE (train),maxError (train),R2 (train),rules,plain conditions count,complex conditions count,conditions_count,avg conditions per rule,avg rule quality,avg rule precision,avg rule coverage,training time total (s),training time growing (s),training time pruning (s),pvalue significance fdr,pvalue significance fwer,induction measure,pruning measure,voting measure
plain,no_discretization,echomonths,0,0.257256405769193,0.1925975445645091,12155464581297.137,0.4002869943049605,0.2996788048629234,121554645812.97134,0.4912280701754385,0.5133402600220749,0.1837917805331904,0.1267522013313947,18097861120963.992,0.4687217531073984,0.3232544667988801,180978611209.63992,0.5614035087719298,0.5867796107871868,17,3.176470588235294,0.4117647058823529,61.0,3.588235294117647,0.4525331371367889,0.7876723196566736,0.1030668677727501,1.469262192,1.20710344,0.258156205,0.5294117647058824,0.4705882352941176,C2,C2,C2
