model_type,variant,dataset,M-of-N count,RMSE (test),MAE (test),MAPE (test),rRMSE (test),rMAE (test),rMAPE (test),maxError (test),R2 (test),RMSE (train),MAE (train),MAPE (train),rRMSE (train),rMAE (train),rMAPE (train),maxError (train),R2 (train),rules,plain conditions count,complex conditions count,conditions_count,avg conditions per rule,avg rule quality,avg rule precision,avg rule coverage,training time total (s),training time growing (s),training time pruning (s),pvalue significance fdr,pvalue significance fwer,induction measure,pruning measure,voting measure
plain,no_discretization,fruitfly,0,0.3226094228266607,0.2383532049151171,173215370283481.94,1.2217078577479197,0.9026332238307262,1732153702834.819,0.7682926829268293,-0.4527499124973553,0.1752437363206471,0.1091220273426514,6865243334406.948,0.6338867563484928,0.3947131544367508,68652433344.06948,0.8048780487804877,0.1446503243593458,33,1.878787878787879,0.696969696969697,85.0,2.5757575757575757,0.2874637134180239,0.6608562733562735,0.053030303030303,0.955077149,0.8578624970000001,0.0936472989999999,0.0303030303030303,0.0303030303030303,C2,C2,C2
