model_type,variant,dataset,M-of-N count,RMSE (test),MAE (test),MAPE (test),rRMSE (test),rMAE (test),rMAPE (test),maxError (test),R2 (test),RMSE (train),MAE (train),MAPE (train),rRMSE (train),rMAE (train),rMAPE (train),maxError (train),R2 (train),rules,plain conditions count,complex conditions count,conditions_count,avg conditions per rule,avg rule quality,avg rule precision,avg rule coverage,training time total (s),training time growing (s),training time pruning (s),pvalue significance fdr,pvalue significance fwer,induction measure,pruning measure,voting measure
at_least_M-of-N,no_discretization,kidney,0.23076923076923078,0.4697614828116935,0.3440304132586332,201053554793326.1,0.9503220801707822,0.6959695716496488,2010535547933.2607,0.86423737766159,-0.9120713712780611,0.2040314372221326,0.1434306004697515,23527275181503.984,0.6255649862656049,0.4397614545803655,235272751815.03983,0.6428571428571428,0.2044917105808916,13,1.1538461538461537,1.1538461538461537,33.0,2.5384615384615383,0.5501576950560936,0.908856037888296,0.1447963800904977,0.1644949913024902,0.108394725,0.0123812429999999,0.7692307692307693,0.6923076923076923,C2,C2,C2
