model_type,variant,dataset,M-of-N count,RMSE (test),MAE (test),MAPE (test),rRMSE (test),rMAE (test),rMAPE (test),maxError (test),R2 (test),RMSE (train),MAE (train),MAPE (train),rRMSE (train),rMAE (train),rMAPE (train),maxError (train),R2 (train),rules,plain conditions count,complex conditions count,conditions_count,avg conditions per rule,avg rule quality,avg rule precision,avg rule coverage,training time total (s),training time growing (s),training time pruning (s),pvalue significance fdr,pvalue significance fwer,induction measure,pruning measure,voting measure
complex,no_discretization,concrete,0,0.2160282223063121,0.1706348514359579,80609291019991.78,0.4845593729176747,0.3827403462704533,806092910199.9178,0.5532172230285439,0.4096371102101346,0.0853259007249224,0.0544566437065432,1267025199640.077,0.1848685722394228,0.1179867060933245,12670251996.400766,0.3981615868408321,0.7818446764506872,24,0.625,2.5416666666666665,76.0,3.1666666666666665,0.4906006389754973,0.7909992784992789,0.0738224637681159,8.346621412,7.799695861000001,0.5249675549999999,0.75,0.3333333333333333,C2,C2,C2
