model_type,variant,dataset,M-of-N count,RMSE (test),MAE (test),MAPE (test),rRMSE (test),rMAE (test),rMAPE (test),maxError (test),R2 (test),RMSE (train),MAE (train),MAPE (train),rRMSE (train),rMAE (train),rMAPE (train),maxError (train),R2 (train),rules,plain conditions count,complex conditions count,conditions_count,avg conditions per rule,avg rule quality,avg rule precision,avg rule coverage,training time total (s),training time growing (s),training time pruning (s),pvalue significance fdr,pvalue significance fwer,induction measure,pruning measure,voting measure
plain,no_discretization,echomonths,0,0.2735213317366208,0.2305364016652277,12597481475162.574,0.4768924866278494,0.4019469967857264,125974814751.62576,0.5272727272727273,0.2346592128078186,0.18593089143284,0.1158777677453283,20555097954450.555,0.4885525873296555,0.3044807821319674,205550979544.50555,0.7090909090909091,0.5484374388079034,18,3.2777777777777777,0.4444444444444444,67.0,3.7222222222222223,0.4605782509000463,0.8299664944109391,0.0968660968660968,2.74036151,2.133725521,0.6022587779999999,0.5,0.3333333333333333,C2,C2,C2
