model_type,variant,dataset,M-of-N count,RMSE (test),MAE (test),MAPE (test),rRMSE (test),rMAE (test),rMAPE (test),maxError (test),R2 (test),RMSE (train),MAE (train),MAPE (train),rRMSE (train),rMAE (train),rMAPE (train),maxError (train),R2 (train),rules,plain conditions count,complex conditions count,conditions_count,avg conditions per rule,avg rule quality,avg rule precision,avg rule coverage,training time total (s),training time growing (s),training time pruning (s),pvalue significance fdr,pvalue significance fwer,induction measure,pruning measure,voting measure
complex,no_discretization,fruitfly,0,0.311407745520705,0.2359993944739248,86959748902479.6,0.8438145362496524,0.6394822301874094,869597489024.7959,0.8009489584768512,-0.3685081513887069,0.202100493289281,0.1271605080165875,7290523894945.374,0.7338021829226009,0.4617042583392239,72905238949.45374,0.8170731707317074,-0.014805478518969,17,0.29411764705882354,2.0588235294117645,40.0,2.3529411764705883,0.3948928941094556,0.8355796982049428,0.0910983862571577,1.288141633,1.2554362019999996,0.021783251,0.2941176470588235,0.0588235294117647,C2,C2,C2
