model_type,variant,dataset,M-of-N count,RMSE (test),MAE (test),MAPE (test),rRMSE (test),rMAE (test),rMAPE (test),maxError (test),R2 (test),RMSE (train),MAE (train),MAPE (train),rRMSE (train),rMAE (train),rMAPE (train),maxError (train),R2 (train),rules,plain conditions count,complex conditions count,conditions_count,avg conditions per rule,avg rule quality,avg rule precision,avg rule coverage,training time total (s),training time growing (s),training time pruning (s),pvalue significance fdr,pvalue significance fwer,induction measure,pruning measure,voting measure
at_least_M-of-N,no_discretization,mbagrade,0,0.4245928316995159,0.3173881049905049,650356316427510.6,0.6782859417764945,0.5070266703289399,6503563164275.106,0.866448668049871,-0.2115997590746385,0.2150052243235523,0.1538332883057107,47208419099524.13,0.3802806634974512,0.2720855975892773,472084190995.2413,0.576530612244898,0.1712202931665734,13,0.8461538461538461,1.2307692307692308,27.0,2.076923076923077,0.3933904686658547,0.7168161798221769,0.1748251748251748,0.1514983177185058,0.082753344,0.03915733,0.0,0.0,C2,C2,C2
