model_type,variant,dataset,M-of-N count,RMSE (test),MAE (test),MAPE (test),rRMSE (test),rMAE (test),rMAPE (test),maxError (test),R2 (test),RMSE (train),MAE (train),MAPE (train),rRMSE (train),rMAE (train),rMAPE (train),maxError (train),R2 (train),rules,plain conditions count,complex conditions count,conditions_count,avg conditions per rule,avg rule quality,avg rule precision,avg rule coverage,training time total (s),training time growing (s),training time pruning (s),pvalue significance fdr,pvalue significance fwer,induction measure,pruning measure,voting measure
plain,no_discretization,servo,0,0.2008727146198924,0.1216572365416467,12829964774699.645,0.6438299478668272,0.3899313672762702,128299647746.99644,0.4879047649113341,0.6966837425917229,0.1446952232343118,0.0791261544296138,2079689310511.14,0.8268354697987736,0.4521525286652718,20796893105.1114,0.6677116124625784,0.5609671163655343,15,1.8666666666666667,0,28.0,1.8666666666666667,0.3954555596825857,0.7610555734512178,0.0955555555555555,0.034578416,0.029598554,0.0018107179999999,0.8666666666666667,0.8666666666666667,C2,C2,C2
