model_type,variant,dataset,M-of-N count,RMSE (test),MAE (test),MAPE (test),rRMSE (test),rMAE (test),rMAPE (test),maxError (test),R2 (test),RMSE (train),MAE (train),MAPE (train),rRMSE (train),rMAE (train),rMAPE (train),maxError (train),R2 (train),rules,plain conditions count,complex conditions count,conditions_count,avg conditions per rule,avg rule quality,avg rule precision,avg rule coverage,training time total (s),training time growing (s),training time pruning (s),pvalue significance fdr,pvalue significance fwer,induction measure,pruning measure,voting measure
complex,no_discretization,dee,0,0.1495523773638115,0.1266018151908137,33789872781667.527,0.3121142935708449,0.264216703268731,337898727816.6753,0.2961614622709728,0.7308095700535415,0.1202309594401392,0.0866859436292183,3677852319566.085,0.239818574304712,0.1729080389129572,36778523195.66084,0.4642218733868501,0.7015345448851346,41,1.4878048780487805,4.439024390243903,243.0,5.926829268292683,0.5024406783173136,0.8247368377175177,0.075698988697204,2387.438735573,2370.48711961,16.933999955999997,0.951219512195122,0.8536585365853658,C2,C2,C2
