model_type,variant,dataset,M-of-N count,RMSE (test),MAE (test),MAPE (test),rRMSE (test),rMAE (test),rMAPE (test),maxError (test),R2 (test),RMSE (train),MAE (train),MAPE (train),rRMSE (train),rMAE (train),rMAPE (train),maxError (train),R2 (train),rules,plain conditions count,complex conditions count,conditions_count,avg conditions per rule,avg rule quality,avg rule precision,avg rule coverage,training time total (s),training time growing (s),training time pruning (s),pvalue significance fdr,pvalue significance fwer,induction measure,pruning measure,voting measure
plain,no_discretization,kidney,0,0.3782201757262142,0.2956839691376895,261122727795228.97,0.7712725152063977,0.6029633880454845,2611227277952.2896,0.6504511618852791,-0.4891570956169397,0.1583262258813351,0.1023042472365113,26306289425767.68,0.4325009097246229,0.2794652607436408,263062894257.6768,0.5357142857142856,0.5980503087561378,23,2.391304347826087,0.30434782608695654,62.0,2.6956521739130435,0.5225387740365612,0.8460897640481764,0.0933503836317135,0.176919056,0.16283978,0.01065893,0.5652173913043478,0.391304347826087,C2,C2,C2
