model_type,variant,dataset,M-of-N count,RMSE (test),MAE (test),MAPE (test),rRMSE (test),rMAE (test),rMAPE (test),maxError (test),R2 (test),RMSE (train),MAE (train),MAPE (train),rRMSE (train),rMAE (train),rMAPE (train),maxError (train),R2 (train),rules,plain conditions count,complex conditions count,conditions_count,avg conditions per rule,avg rule quality,avg rule precision,avg rule coverage,training time total (s),training time growing (s),training time pruning (s),pvalue significance fdr,pvalue significance fwer,induction measure,pruning measure,voting measure
plain,no_discretization,dee,0,0.2085959534941365,0.1773091847215241,38115896193471.51,0.5176852320819764,0.4400389600338454,381158961934.7151,0.4693230038687275,0.519161460365388,0.123350970395082,0.0911826589838932,4231890301479.7134,0.2418677101271499,0.1787917911071282,42318903014.79714,0.4483435504644252,0.6933581875848283,34,2.5,0.35294117647058826,97.0,2.8529411764705883,0.4466446272685183,0.7693595365489293,0.1185437589670014,3725.737417498,2632.287883797,1093.443508186,0.7647058823529411,0.5882352941176471,C2,C2,C2
