model_type,variant,dataset,M-of-N count,RMSE (test),MAE (test),MAPE (test),rRMSE (test),rMAE (test),rMAPE (test),maxError (test),R2 (test),RMSE (train),MAE (train),MAPE (train),rRMSE (train),rMAE (train),rMAPE (train),maxError (train),R2 (train),rules,plain conditions count,complex conditions count,conditions_count,avg conditions per rule,avg rule quality,avg rule precision,avg rule coverage,training time total (s),training time growing (s),training time pruning (s),pvalue significance fdr,pvalue significance fwer,induction measure,pruning measure,voting measure
exact_M-of-N,no_discretization,auto-price,0,0.1437133836074273,0.109550507334178,24798391203521.49,0.5823961029238854,0.4439516135744398,247983912035.21487,0.3410987829005628,0.6587410124609272,0.1267864983631134,0.075141907607298,3054885845132.511,0.58868058379284,0.3488903204100259,30548858451.32511,0.6096933662903334,0.5916161256197727,14,2.7142857142857144,1.2857142857142858,56.0,4.0,0.5031172411144398,0.8213457722038958,0.1343656343656343,5.22290825843811,1.295143508,0.53905768,0.7142857142857143,0.7142857142857143,C2,C2,C2
