model_type,variant,dataset,M-of-N count,RMSE (test),MAE (test),MAPE (test),rRMSE (test),rMAE (test),rMAPE (test),maxError (test),R2 (test),RMSE (train),MAE (train),MAPE (train),rRMSE (train),rMAE (train),rMAPE (train),maxError (train),R2 (train),rules,plain conditions count,complex conditions count,conditions_count,avg conditions per rule,avg rule quality,avg rule precision,avg rule coverage,training time total (s),training time growing (s),training time pruning (s),pvalue significance fdr,pvalue significance fwer,induction measure,pruning measure,voting measure
plain,no_discretization,pollution,0,0.2819432071076135,0.2583402817364978,264046132428319.9,0.4759126315938038,0.4360715215989375,2640461324283.199,0.380362834057085,0.4189998896332869,0.10668382145692,0.067899560267714,18391180248838.41,0.2308248754749135,0.1469098812693484,183911802488.38416,0.3993666704918693,0.6956335153807742,17,3.0588235294117645,0.29411764705882354,57.0,3.3529411764705883,0.4492707888006744,0.7203739071386129,0.0991285403050109,1.221557204,1.022659185,0.194044791,0.2941176470588235,0.1764705882352941,C2,C2,C2
