model_type,variant,dataset,M-of-N count,RMSE (test),MAE (test),MAPE (test),rRMSE (test),rMAE (test),rMAPE (test),maxError (test),R2 (test),RMSE (train),MAE (train),MAPE (train),rRMSE (train),rMAE (train),rMAPE (train),maxError (train),R2 (train),rules,plain conditions count,complex conditions count,conditions_count,avg conditions per rule,avg rule quality,avg rule precision,avg rule coverage,training time total (s),training time growing (s),training time pruning (s),pvalue significance fdr,pvalue significance fwer,induction measure,pruning measure,voting measure
exact_M-of-N,no_discretization,ozone,0.19047619047619047,0.2683317006181626,0.2022536211138907,19044039616192.133,0.6793477182316975,0.5120548026613583,190440396161.92133,0.5763236688549274,0.2604980314589461,0.1369351711631966,0.1035030811012926,4407126695823.37,0.4784675980643459,0.3616519422009873,44071266958.2337,0.4864864864864865,0.583606169243017,21,3.1904761904761907,0.8095238095238095,88.0,4.190476190476191,0.4649468075296278,0.8525476309719529,0.0952380952380952,2792.808452129364,23.493951258,47.820588376,0.6190476190476191,0.5238095238095238,C2,C2,C2
