model_type,variant,dataset,M-of-N count,RMSE (test),MAE (test),MAPE (test),rRMSE (test),rMAE (test),rMAPE (test),maxError (test),R2 (test),RMSE (train),MAE (train),MAPE (train),rRMSE (train),rMAE (train),rMAPE (train),maxError (train),R2 (train),rules,plain conditions count,complex conditions count,conditions_count,avg conditions per rule,avg rule quality,avg rule precision,avg rule coverage,training time total (s),training time growing (s),training time pruning (s),pvalue significance fdr,pvalue significance fwer,induction measure,pruning measure,voting measure
exact_M-of-N,no_discretization,ozone,0.15151515151515152,0.2581767171696125,0.2013588821716237,17895458645635.934,0.6439407654986267,0.5022265142536431,178954586456.35934,0.7360307470392852,0.0407184200040039,0.1656906182267865,0.1114528461490386,2458967855512.641,0.5668661904402733,0.381306141448252,24589678555.12641,0.7567567567567568,0.4293513519886535,33,3.3333333333333335,1.5454545454545454,166.0,5.03030303030303,0.4933609804422627,0.85609063436759,0.0761146821752882,3283.534643650055,39.241926962,91.879072996,0.7878787878787878,0.6666666666666666,C2,C2,C2
