model_type,variant,dataset,M-of-N count,RMSE (test),MAE (test),MAPE (test),rRMSE (test),rMAE (test),rMAPE (test),maxError (test),R2 (test),RMSE (train),MAE (train),MAPE (train),rRMSE (train),rMAE (train),rMAPE (train),maxError (train),R2 (train),rules,plain conditions count,complex conditions count,conditions_count,avg conditions per rule,avg rule quality,avg rule precision,avg rule coverage,training time total (s),training time growing (s),training time pruning (s),pvalue significance fdr,pvalue significance fwer,induction measure,pruning measure,voting measure
complex,no_discretization,concrete,0,0.2663629047082819,0.2466224266974511,179249397186195.44,0.7322816256679837,0.6780113460092384,1792493971861.9543,0.4305555728889609,0.1290556926465089,0.1261201886207115,0.0784319185293002,14736250477894.586,0.2764794897734949,0.1719377131773188,147362504778.94586,0.6245766811804546,0.5569508285267415,15,0.4,2.8666666666666667,49.0,3.2666666666666666,0.5241043472852192,0.8151358789129689,0.1089605734767024,6.637052641,6.222637795,0.4054376540000001,0.7333333333333333,0.4,C2,C2,C2
