dataset,RMSE (test),MAE (test),MAPE (test),rRMSE (test),rMAE (test),rMAPE (test),maxError (test),R2 (test),RMSE (train),MAE (train),MAPE (train),rRMSE (train),rMAE (train),rMAPE (train),maxError (train),R2 (train),rules,conditions_count,avg conditions per rule
breasttumor,0.3931646579689762,0.3156896551724138,108707577212391.7,0.6638588111266556,0.5330422125181951,1087075772123.917,0.84,-1.1839184393439872,0.024747754683358734,0.004435797665369652,2102848075036.8154,0.04996208133246814,0.008955223880597019,21028480750.368153,0.20000000000000007,0.9855670440023943,199,397,15.516372795969774
