model_type,variant,dataset,M-of-N count,RMSE (test),MAE (test),MAPE (test),rRMSE (test),rMAE (test),rMAPE (test),maxError (test),R2 (test),RMSE (train),MAE (train),MAPE (train),rRMSE (train),rMAE (train),rMAPE (train),maxError (train),R2 (train),rules,plain conditions count,complex conditions count,conditions_count,avg conditions per rule,avg rule quality,avg rule precision,avg rule coverage,training time total (s),training time growing (s),training time pruning (s),pvalue significance fdr,pvalue significance fwer,induction measure,pruning measure,voting measure
complex,no_discretization,pharynx,0,0.3148765656781795,0.2176278317389525,45780487643633.91,0.8640054588327277,0.5971598242358994,457804876436.3391,0.7814569536423841,-0.1035290503962387,0.0991797133965486,0.0470997499104795,4024698367426.945,0.3420101691901078,0.1624182293337364,40246983674.26945,0.5353200883002207,0.8024280968864679,66,0.16666666666666666,1.3636363636363635,101.0,1.5303030303030303,0.5490495921502335,0.7032694434370529,0.0315151515151515,2119.746362581,2118.980789224,0.246229941,0.9848484848484848,0.9545454545454546,C2,C2,C2
