model_type,variant,dataset,M-of-N count,RMSE (test),MAE (test),MAPE (test),rRMSE (test),rMAE (test),rMAPE (test),maxError (test),R2 (test),RMSE (train),MAE (train),MAPE (train),rRMSE (train),rMAE (train),rMAPE (train),maxError (train),R2 (train),rules,plain conditions count,complex conditions count,conditions_count,avg conditions per rule,avg rule quality,avg rule precision,avg rule coverage,training time total (s),training time growing (s),training time pruning (s),pvalue significance fdr,pvalue significance fwer,induction measure,pruning measure,voting measure
exact_M-of-N,no_discretization,pharynx,0.5,0.2110671092437492,0.1648724604042727,39980325050543.8,0.5991993375234572,0.4680571473408207,399803250505.438,0.5183594627889515,0.3233834025917014,0.1753501234393884,0.1276762450102525,8499598428445.8,0.5760172809007476,0.4194107311925815,84995984284.458,0.6884292209921119,0.4482067230332314,14,2.4285714285714284,0.35714285714285715,46.0,3.2857142857142856,0.4308146918702639,0.8097769801882533,0.2216326530612245,0.1487412452697754,0.086054234,0.01527115,0.7142857142857143,0.5,C2,C2,C2
