model_type,variant,dataset,M-of-N count,RMSE (test),MAE (test),MAPE (test),rRMSE (test),rMAE (test),rMAPE (test),maxError (test),R2 (test),RMSE (train),MAE (train),MAPE (train),rRMSE (train),rMAE (train),rMAPE (train),maxError (train),R2 (train),rules,plain conditions count,complex conditions count,conditions_count,avg conditions per rule,avg rule quality,avg rule precision,avg rule coverage,training time total (s),training time growing (s),training time pruning (s),pvalue significance fdr,pvalue significance fwer,induction measure,pruning measure,voting measure
exact_M-of-N,no_discretization,kidney,0,0.233276681078642,0.1639979940075012,137865294715423.7,0.5660847460841714,0.3979684654582029,1378652947154.237,0.5357142857142856,0.4925275447384174,0.2099981350597096,0.1312920101290893,20127529240754.64,0.6156546235741411,0.3849107186182102,201275292407.5464,0.7559050171706173,0.2024294773712609,17,1.1176470588235294,1.7647058823529411,49.0,2.8823529411764706,0.5023819716422195,0.870895559649885,0.1014492753623188,0.1539616584777832,0.085693682,0.0429286489999999,0.4705882352941176,0.4117647058823529,C2,C2,C2
