model_type,variant,dataset,M-of-N count,RMSE (test),MAE (test),MAPE (test),rRMSE (test),rMAE (test),rMAPE (test),maxError (test),R2 (test),RMSE (train),MAE (train),MAPE (train),rRMSE (train),rMAE (train),rMAPE (train),maxError (train),R2 (train),rules,plain conditions count,complex conditions count,conditions_count,avg conditions per rule,avg rule quality,avg rule precision,avg rule coverage,training time total (s),training time growing (s),training time pruning (s),pvalue significance fdr,pvalue significance fwer,induction measure,pruning measure,voting measure
exact_M-of-N,no_discretization,fruitfly,0,0.2799329905203167,0.2218980115801947,59165336217799.055,1.013090822835432,0.8030594704807047,591653362177.9906,0.700348418986584,-0.088711390052234,0.1729991214642055,0.1118718684763238,8262593747604.729,0.6234966392405011,0.4031912614942112,82625937476.04729,0.7560975609756098,0.1981900244590664,23,1,1.6956521739130435,62.0,2.6956521739130435,0.3209555590621936,0.7518703880660401,0.0854174682570219,1.5352833271026611,0.445766283,0.8102289850000001,0.3043478260869565,0.0869565217391304,C2,C2,C2
