model_type,variant,dataset,M-of-N count,RMSE (test),MAE (test),MAPE (test),rRMSE (test),rMAE (test),rMAPE (test),maxError (test),R2 (test),RMSE (train),MAE (train),MAPE (train),rRMSE (train),rMAE (train),rMAPE (train),maxError (train),R2 (train),rules,plain conditions count,complex conditions count,conditions_count,avg conditions per rule,avg rule quality,avg rule precision,avg rule coverage,training time total (s),training time growing (s),training time pruning (s),pvalue significance fdr,pvalue significance fwer,induction measure,pruning measure,voting measure
plain,no_discretization,servo,0,0.1721759037427079,0.1295809129694725,27085510757854.32,0.5844228901100176,0.4398411741394511,270855107578.5432,0.4305065677887058,0.57864221058345,0.1471210313216785,0.0720750090011223,1615624236449.8914,0.7808572414268821,0.3825441692383046,16156242364.498913,0.5165794692388712,0.5991132555853667,15,2.2666666666666666,0,34.0,2.2666666666666666,0.3911823017325168,0.737994227994228,0.0786666666666666,0.040304722,0.034239754,0.002439972,0.9333333333333332,0.9333333333333332,C2,C2,C2
