model_type,variant,dataset,M-of-N count,RMSE (test),MAE (test),MAPE (test),rRMSE (test),rMAE (test),rMAPE (test),maxError (test),R2 (test),RMSE (train),MAE (train),MAPE (train),rRMSE (train),rMAE (train),rMAPE (train),maxError (train),R2 (train),rules,plain conditions count,complex conditions count,conditions_count,avg conditions per rule,avg rule quality,avg rule precision,avg rule coverage,training time total (s),training time growing (s),training time pruning (s),pvalue significance fdr,pvalue significance fwer,induction measure,pruning measure,voting measure
plain,no_discretization,concrete,0,0.2278719742287757,0.1846696183275493,173433251252391.3,0.6264628324096831,0.5076914462563272,1734332512523.913,0.4105148224779998,0.362581402670142,0.1180759800290325,0.0754292593884201,1557966068013.0298,0.2588450514541272,0.1653553120858418,15579660680.1303,0.5341074020319304,0.6116656359388492,22,2.772727272727273,0.5454545454545454,73.0,3.3181818181818183,0.4259941733523104,0.7388888888888889,0.0674486803519061,9.968523802,8.311575228,1.651156873,0.3636363636363636,0.1363636363636363,C2,C2,C2
