model_type,variant,dataset,M-of-N count,RMSE (test),MAE (test),MAPE (test),rRMSE (test),rMAE (test),rMAPE (test),maxError (test),R2 (test),RMSE (train),MAE (train),MAPE (train),rRMSE (train),rMAE (train),rMAPE (train),maxError (train),R2 (train),rules,plain conditions count,complex conditions count,conditions_count,avg conditions per rule,avg rule quality,avg rule precision,avg rule coverage,training time total (s),training time growing (s),training time pruning (s),pvalue significance fdr,pvalue significance fwer,induction measure,pruning measure,voting measure
plain,no_discretization,pyrim,0,0.4710593433856179,0.3718727421739499,421408250846816.1,1.0940733136698226,0.863704433436271,4214082508468.161,0.80375,-0.4364349888522711,0.127063531824188,0.064905198208836,55706838674377.66,0.1829529174710277,0.0934540005370872,557068386743.7766,0.82875,0.3413869802233722,17,5.176470588235294,0.17647058823529413,91.0,5.352941176470588,0.4700049589328706,0.7858967829556065,0.1492537313432835,0.300174109,0.207272291,0.08589677,0.7647058823529411,0.7058823529411765,C2,C2,C2
