model_type,variant,dataset,M-of-N count,RMSE (test),MAE (test),MAPE (test),rRMSE (test),rMAE (test),rMAPE (test),maxError (test),R2 (test),RMSE (train),MAE (train),MAPE (train),rRMSE (train),rMAE (train),rMAPE (train),maxError (train),R2 (train),rules,plain conditions count,complex conditions count,conditions_count,avg conditions per rule,avg rule quality,avg rule precision,avg rule coverage,training time total (s),training time growing (s),training time pruning (s),pvalue significance fdr,pvalue significance fwer,induction measure,pruning measure,voting measure
exact_M-of-N,no_discretization,dee,0.25,0.1562337909134429,0.1275088486688788,37103672492039.19,0.3360585781223027,0.2742712836393723,371036724920.3919,0.3537486610343849,0.7071874377106027,0.1221366464674236,0.0885197769510733,2856617591813.26,0.2429031871457015,0.176046555794188,28566175918.1326,0.4197087181078097,0.6892786644083602,12,2.6666666666666665,2.3333333333333335,63.0,5.25,0.5398969191501983,0.7908709764159635,0.2459349593495935,1577.996999502182,8.644278719,19.793763464,0.9166666666666666,0.9166666666666666,C2,C2,C2
