model_type,variant,dataset,M-of-N count,RMSE (test),MAE (test),MAPE (test),rRMSE (test),rMAE (test),rMAPE (test),maxError (test),R2 (test),RMSE (train),MAE (train),MAPE (train),rRMSE (train),rMAE (train),rMAPE (train),maxError (train),R2 (train),rules,plain conditions count,complex conditions count,conditions_count,avg conditions per rule,avg rule quality,avg rule precision,avg rule coverage,training time total (s),training time growing (s),training time pruning (s),pvalue significance fdr,pvalue significance fwer,induction measure,pruning measure,voting measure
at_least_M-of-N,no_discretization,kidney,0.21428571428571427,0.3027448171940637,0.2136705233294376,134096023561493.52,0.9632789637992936,0.6798607560482105,1340960235614.935,0.7218956202315014,0.1273833952288569,0.2556355824635962,0.1835101322501634,24074255022097.883,0.7045477108697118,0.5057654429490952,240742550220.9788,0.7964701687663418,-0.0644044165892117,14,1.0714285714285714,1.2142857142857142,35.0,2.5,0.5218339699459976,0.8874441671776874,0.1873706004140787,0.8485548496246338,0.431222602,0.082145392,0.5,0.5,C2,C2,C2
