model_type,variant,dataset,M-of-N count,RMSE (test),MAE (test),MAPE (test),rRMSE (test),rMAE (test),rMAPE (test),maxError (test),R2 (test),RMSE (train),MAE (train),MAPE (train),rRMSE (train),rMAE (train),rMAPE (train),maxError (train),R2 (train),rules,plain conditions count,complex conditions count,conditions_count,avg conditions per rule,avg rule quality,avg rule precision,avg rule coverage,training time total (s),training time growing (s),training time pruning (s),pvalue significance fdr,pvalue significance fwer,induction measure,pruning measure,voting measure
complex,no_discretization,echomonths,0,0.3756773865379819,0.2564284898407106,142770312525717.1,0.8040412358221444,0.5488195117932284,1427703125257.171,0.9824561403508772,-0.216397088407358,0.2548554728949072,0.1902567024906586,187666787442591.3,0.6709953212539027,0.5009166793960531,1876667874425.913,0.912280701754386,0.1244207630381185,17,0.5882352941176471,2.0588235294117645,45.0,2.6470588235294117,0.5306374364293536,0.8694189797130975,0.0497737556561086,7.285307104,7.218710378000001,0.058584606,0.7647058823529411,0.4705882352941176,C2,C2,C2
