model_type,variant,dataset,M-of-N count,RMSE (test),MAE (test),MAPE (test),rRMSE (test),rMAE (test),rMAPE (test),maxError (test),R2 (test),RMSE (train),MAE (train),MAPE (train),rRMSE (train),rMAE (train),rMAPE (train),maxError (train),R2 (train),rules,plain conditions count,complex conditions count,conditions_count,avg conditions per rule,avg rule quality,avg rule precision,avg rule coverage,training time total (s),training time growing (s),training time pruning (s),pvalue significance fdr,pvalue significance fwer,induction measure,pruning measure,voting measure
complex,no_discretization,pwlinear,0,0.10880196843904984,0.07821762231469592,7487393929534.367,0.23605746442669204,0.16970146645311016,74873939295.34367,0.3657577939403262,0.6947932099749222,0.10752208637433273,0.07716416402843128,8236133322487.782,0.2351118410698501,0.1687300654321308,82361333224.87782,0.3657577939403262,0.6956912683715559,37,0,127,127.0,3.4324324324324325,0.3956607855107388,0.7829345690901757,0.04513513513513513,1.936464986,1.7693949899999997,0.15115877900000002,0.40540540540540543,0.16216216216216217,C2,C2,C2
