model_type,variant,dataset,M-of-N count,RMSE (test),MAE (test),MAPE (test),rRMSE (test),rMAE (test),rMAPE (test),maxError (test),R2 (test),RMSE (train),MAE (train),MAPE (train),rRMSE (train),rMAE (train),rMAPE (train),maxError (train),R2 (train),rules,plain conditions count,complex conditions count,conditions_count,avg conditions per rule,avg rule quality,avg rule precision,avg rule coverage,training time total (s),training time growing (s),training time pruning (s),pvalue significance fdr,pvalue significance fwer,induction measure,pruning measure,voting measure
at_least_M-of-N,no_discretization,pwlinear,127,0.11798721409412843,0.07189344910828896,7079578763453.484,0.25598583365182037,0.1559804987802142,70795787634.53485,0.6668122270742357,0.6410858509281533,0.11176237778767557,0.07080543013229795,7787536639798.796,0.2443838218738024,0.15482581855964775,77875366397.98796,0.6668122270742357,0.6712162731073572,52,76,57,260.0,5.0,0.39956149555582426,0.7910425610086244,0.031249999999999997,27.54770851135254,6.692269729999999,20.690334515,0.038461538461538464,0.038461538461538464,C2,C2,C2
