model_type,variant,dataset,M-of-N count,RMSE (test),MAE (test),MAPE (test),rRMSE (test),rMAE (test),rMAPE (test),maxError (test),R2 (test),RMSE (train),MAE (train),MAPE (train),rRMSE (train),rMAE (train),rMAPE (train),maxError (train),R2 (train),rules,plain conditions count,complex conditions count,conditions_count,avg conditions per rule,avg rule quality,avg rule precision,avg rule coverage,training time total (s),training time growing (s),training time pruning (s),pvalue significance fdr,pvalue significance fwer,induction measure,pruning measure,voting measure
exact_M-of-N,no_discretization,kidney,0.2727272727272727,0.3667174901604987,0.2857218456303583,89683317895148.25,0.7478160583665073,0.5826484695207307,896833178951.4825,0.6318681318681318,-0.3999559744458913,0.2393705227303993,0.1738970428482381,10550978575900.346,0.6538902084342617,0.4750358243659187,105509785759.00346,0.7600989094586579,0.0812289188121213,11,1.3636363636363635,0.6363636363636364,25.0,2.272727272727273,0.5173898548835549,0.8503321986451834,0.231283422459893,0.586266279220581,0.346190919,0.050693408,0.4545454545454545,0.4545454545454545,C2,C2,C2
