RMSE (test),MAE (test),MAPE (test),rRMSE (test),rMAE (test),rMAPE (test),maxError (test),R2 (test),RMSE (train),MAE (train),MAPE (train),rRMSE (train),rMAE (train),rMAPE (train),maxError (train),R2 (train),rules,conditions_count,avg conditions per rule,RMSE (test) (std),MAE (test) (std),MAPE (test) (std),rRMSE (test) (std),rMAE (test) (std),rMAPE (test) (std),maxError (test) (std),R2 (test) (std),RMSE (train) (std),MAE (train) (std),MAPE (train) (std),rRMSE (train) (std),rMAE (train) (std),rMAPE (train) (std),maxError (train) (std),R2 (train) (std),rules (std),conditions_count (std),avg conditions per rule (std),dataset
0.4785098482026581,0.37220617771604614,278602783070752.44,1.1592281671485951,0.8970706326133959,2786027830707.5244,0.9217905875800613,-1.173822812688119,2.767162577840452e-18,8.373733857703712e-19,7.815484933856798e-18,8.002175524124162e-18,2.4335609799181544e-18,7.815484933856798e-20,9.25185853854297e-18,1.0,46.888888888888886,92.77777777777777,14.553010096438278,0.09955706092374786,0.09912828405783343,292202475619005.06,0.2844644317226711,0.2477278740817016,2922024756190.051,0.13499203586986774,0.7429605726821098,3.1817705679061425e-18,1.0574207265393477e-18,9.869260114367243e-18,9.585876898780163e-18,3.2119652536943457e-18,9.869260114367244e-20,9.813077866773596e-18,0.0,3.2574700476153438,6.5149400952306875,2.1995458673562682,kidney
