model_type,variant,dataset,M-of-N count,RMSE (test),MAE (test),MAPE (test),rRMSE (test),rMAE (test),rMAPE (test),maxError (test),R2 (test),RMSE (train),MAE (train),MAPE (train),rRMSE (train),rMAE (train),rMAPE (train),maxError (train),R2 (train),rules,plain conditions count,complex conditions count,conditions_count,avg conditions per rule,avg rule quality,avg rule precision,avg rule coverage,training time total (s),training time growing (s),training time pruning (s),pvalue significance fdr,pvalue significance fwer,induction measure,pruning measure,voting measure
complex,no_discretization,echomonths,0,0.3483525310002906,0.2978946003893418,112284445143136.05,0.6073628834616831,0.5193879973847111,1122844451431.3604,0.8004572549466897,-0.241396151625918,0.2120823720624296,0.1347739618274918,25435297581999.785,0.5572682989880503,0.3541324803429604,254352975819.99783,0.8727272727272727,0.4124782226704611,18,0.7222222222222222,1.7777777777777777,45.0,2.5,0.507773473630965,0.8498690113632642,0.1082621082621082,5.380067867,5.295000687,0.072885581,0.6111111111111112,0.4444444444444444,C2,C2,C2
