model_type,variant,dataset,M-of-N count,RMSE (test),MAE (test),MAPE (test),rRMSE (test),rMAE (test),rMAPE (test),maxError (test),R2 (test),RMSE (train),MAE (train),MAPE (train),rRMSE (train),rMAE (train),rMAPE (train),maxError (train),R2 (train),rules,plain conditions count,complex conditions count,conditions_count,avg conditions per rule,avg rule quality,avg rule precision,avg rule coverage,training time total (s),training time growing (s),training time pruning (s),pvalue significance fdr,pvalue significance fwer,induction measure,pruning measure,voting measure
exact_M-of-N,no_discretization,echomonths,0.8076923076923077,0.3256114983175865,0.2422228246682456,26480997680653.16,0.6068744771510575,0.4514547269802428,264809976806.5316,0.7316552273877845,0.1383054386828059,0.1655742407987352,0.1143809217094881,26798739552335.49,0.4255162280873854,0.2939523571794128,267987395523.3549,0.5789473684210527,0.6558046753408558,26,1.9615384615384615,1.3461538461538463,107.0,4.115384615384615,0.4913179252789051,0.8510173733024413,0.0923734385272846,0.6175463199615479,0.4201871619999999,0.0711715219999999,0.4615384615384615,0.2307692307692307,C2,C2,C2
