model_type,variant,dataset,M-of-N count,RMSE (test),MAE (test),MAPE (test),rRMSE (test),rMAE (test),rMAPE (test),maxError (test),R2 (test),RMSE (train),MAE (train),MAPE (train),rRMSE (train),rMAE (train),rMAPE (train),maxError (train),R2 (train),rules,plain conditions count,complex conditions count,conditions_count,avg conditions per rule,avg rule quality,avg rule precision,avg rule coverage,training time total (s),training time growing (s),training time pruning (s),pvalue significance fdr,pvalue significance fwer,induction measure,pruning measure,voting measure
at_least_M-of-N,no_discretization,machine,0.16666666666666666,0.2919128433921036,0.1988088605333086,5430647497809.193,1.1640024630260133,0.7927503313765685,54306474978.091934,0.7272727272727273,-0.2340995489188915,0.1275528401794201,0.0517115000086139,1268697439353.3318,1.434782659156289,0.5816786469588194,12686974393.533318,0.972902097902098,0.2338067190842537,6,1.5,2,22.0,3.6666666666666665,0.6905205629716699,0.932062471010424,0.4973404255319149,9.968683242797852,0.338041408,0.0456216639999999,0.8333333333333334,0.8333333333333334,C2,C2,C2
