model_type,variant,dataset,M-of-N count,RMSE (test),MAE (test),MAPE (test),rRMSE (test),rMAE (test),rMAPE (test),maxError (test),R2 (test),RMSE (train),MAE (train),MAPE (train),rRMSE (train),rMAE (train),rMAPE (train),maxError (train),R2 (train),rules,plain conditions count,complex conditions count,conditions_count,avg conditions per rule,avg rule quality,avg rule precision,avg rule coverage,training time total (s),training time growing (s),training time pruning (s),pvalue significance fdr,pvalue significance fwer,induction measure,pruning measure,voting measure
plain,no_discretization,pollution,0,0.4316727929226283,0.4153298348323764,381114142703449.2,0.7928672502979628,0.7628496155171779,3811141427034.492,0.5487263625733894,-0.1847746194819794,0.1140628663705449,0.0735970188531649,18391180248838.39,0.2519683712104358,0.1625780725703773,183911802488.3839,0.2978602643111689,0.6505064431957293,18,3.4444444444444446,0.2777777777777778,67.0,3.7222222222222223,0.4692373896493005,0.7456088664421998,0.1018518518518518,1.186248822,0.973284075,0.208018286,0.3888888888888889,0.2222222222222222,C2,C2,C2
