model_type,variant,dataset,M-of-N count,RMSE (test),MAE (test),MAPE (test),rRMSE (test),rMAE (test),rMAPE (test),maxError (test),R2 (test),RMSE (train),MAE (train),MAPE (train),rRMSE (train),rMAE (train),rMAPE (train),maxError (train),R2 (train),rules,plain conditions count,complex conditions count,conditions_count,avg conditions per rule,avg rule quality,avg rule precision,avg rule coverage,training time total (s),training time growing (s),training time pruning (s),pvalue significance fdr,pvalue significance fwer,induction measure,pruning measure,voting measure
at_least_M-of-N,no_discretization,bodyfat,0,0.0885849722301007,0.0530320578397874,14746653333914.662,0.21964522190481625,0.13149225900339725,147466533339.1466,0.45514365907586346,0.7446480104504358,0.08520027967494799,0.05272456384998519,8134066719897.493,0.21132352832762694,0.13077352450980578,81340667198.97493,0.45514365907586346,0.765212005827975,39,172,64,236.0,6.051282051282051,0.5216832980860998,0.8244038793735211,0.06695156695156694,26.255104541778564,8.230799873,8.755129833000002,0.8461538461538461,0.6153846153846154,C2,C2,C2
