model_type,variant,dataset,M-of-N count,RMSE (test),MAE (test),MAPE (test),rRMSE (test),rMAE (test),rMAPE (test),maxError (test),R2 (test),RMSE (train),MAE (train),MAPE (train),rRMSE (train),rMAE (train),rMAPE (train),maxError (train),R2 (train),rules,plain conditions count,complex conditions count,conditions_count,avg conditions per rule,avg rule quality,avg rule precision,avg rule coverage,training time total (s),training time growing (s),training time pruning (s),pvalue significance fdr,pvalue significance fwer,induction measure,pruning measure,voting measure
complex,no_discretization,dee,0,0.1570774631004398,0.1371719862214804,33239817533716.344,0.3447537117682691,0.3010651589798233,332398175337.16345,0.3543286299058976,0.748958668904437,0.1159127072853563,0.0812531704034378,3599898321641.833,0.2292842427973914,0.1607250152908236,35998983216.41833,0.4828990899623858,0.7238985867227881,44,1.7272727272727273,5.090909090909091,300.0,6.818181818181818,0.4915170247116134,0.8357613666329743,0.0751108647450111,2603.75524345,2586.255625055,17.480073903999997,0.9772727272727272,0.9545454545454546,C2,C2,C2
