model_type,variant,dataset,M-of-N count,RMSE (test),MAE (test),MAPE (test),rRMSE (test),rMAE (test),rMAPE (test),maxError (test),R2 (test),RMSE (train),MAE (train),MAPE (train),rRMSE (train),rMAE (train),rMAPE (train),maxError (train),R2 (train),rules,plain conditions count,complex conditions count,conditions_count,avg conditions per rule,avg rule quality,avg rule precision,avg rule coverage,training time total (s),training time growing (s),training time pruning (s),pvalue significance fdr,pvalue significance fwer,induction measure,pruning measure,voting measure
plain,no_discretization,cpu,0,0.1714106842472323,0.0716463961879384,920604993330.474,1.4128982300689297,0.5905645077453221,9206049933.30474,0.730202571661922,0.365866914051785,0.0885922532989258,0.0271581666801552,441120024531.2173,1.26970694278812,0.3892316935526934,4411200245.312173,0.7244480784955029,0.5242347226082174,35,2.8857142857142857,0.5142857142857142,119.0,3.4,0.5580456822450703,0.8117654157153575,0.0704459561602418,9.109828502,7.546413392,1.558515302,0.7428571428571429,0.7428571428571429,C2,C2,C2
