model_type,variant,dataset,M-of-N count,RMSE (test),MAE (test),MAPE (test),rRMSE (test),rMAE (test),rMAPE (test),maxError (test),R2 (test),RMSE (train),MAE (train),MAPE (train),rRMSE (train),rMAE (train),rMAPE (train),maxError (train),R2 (train),rules,plain conditions count,complex conditions count,conditions_count,avg conditions per rule,avg rule quality,avg rule precision,avg rule coverage,training time total (s),training time growing (s),training time pruning (s),pvalue significance fdr,pvalue significance fwer,induction measure,pruning measure,voting measure
complex,no_discretization,auto-price,0,0.2602026354921262,0.1440726320818874,23988948903755.56,0.8977487319258941,0.4970780657625363,239889489037.5556,0.8924774681748657,0.0713710235403785,0.1217704286542766,0.0629897344069719,2632725976537.9414,0.5939746606155119,0.3072528078460402,26327259765.379414,0.7134798651837635,0.5835129161917285,21,0.9523809523809523,4.285714285714286,110.0,5.238095238095238,0.6076481518285809,0.8501848332333902,0.1398601398601398,1839.046158338,1805.076313227,33.951735613000004,0.8571428571428571,0.8571428571428571,C2,C2,C2
