model_type,variant,dataset,M-of-N count,RMSE (test),MAE (test),MAPE (test),rRMSE (test),rMAE (test),rMAPE (test),maxError (test),R2 (test),RMSE (train),MAE (train),MAPE (train),rRMSE (train),rMAE (train),rMAPE (train),maxError (train),R2 (train),rules,plain conditions count,complex conditions count,conditions_count,avg conditions per rule,avg rule quality,avg rule precision,avg rule coverage,training time total (s),training time growing (s),training time pruning (s),pvalue significance fdr,pvalue significance fwer,induction measure,pruning measure,voting measure
at_least_M-of-N,no_discretization,cpu,0.14285714285714285,0.2243738477555264,0.1292267498087685,2020001813353.6396,1.2936979324154445,0.7450974376591715,20200018133.536392,0.7989036800939353,0.1014939084979118,0.1054223262348361,0.0301474187193559,484401726311.6373,1.5077832133129172,0.4311778490687478,4844017263.116373,0.8053965658217498,0.3466155948383074,14,1.9285714285714286,0.8571428571428571,41.0,2.9285714285714284,0.6458246124061623,0.8773459685777959,0.2796352583586626,14.34106969833374,2.089184711,1.412745732,0.7857142857142857,0.7857142857142857,C2,C2,C2
