model_type,variant,dataset,M-of-N count,RMSE (test),MAE (test),MAPE (test),rRMSE (test),rMAE (test),rMAPE (test),maxError (test),R2 (test),RMSE (train),MAE (train),MAPE (train),rRMSE (train),rMAE (train),rMAPE (train),maxError (train),R2 (train),rules,plain conditions count,complex conditions count,conditions_count,avg conditions per rule,avg rule quality,avg rule precision,avg rule coverage,training time total (s),training time growing (s),training time pruning (s),pvalue significance fdr,pvalue significance fwer,induction measure,pruning measure,voting measure
complex,no_discretization,kidney,0,0.3121332031621539,0.2220664065734463,114887745596186.52,0.7574432396734936,0.5388811466182297,1148877455961.8652,0.6785714285714285,0.0914480658882853,0.2204864400174674,0.1626481946850365,16644670883737.814,0.6464033415990095,0.4768381064210784,166446708837.37814,0.7171956128437579,0.1207710296880226,12,0.25,1.75,24.0,2.0,0.6011834860691482,0.9466555140574748,0.1280193236714975,1.393908554,1.366525806,0.0130694249999999,0.6666666666666666,0.5833333333333334,C2,C2,C2
