model_type,variant,dataset,M-of-N count,RMSE (test),MAE (test),MAPE (test),rRMSE (test),rMAE (test),rMAPE (test),maxError (test),R2 (test),RMSE (train),MAE (train),MAPE (train),rRMSE (train),rMAE (train),rMAPE (train),maxError (train),R2 (train),rules,plain conditions count,complex conditions count,conditions_count,avg conditions per rule,avg rule quality,avg rule precision,avg rule coverage,training time total (s),training time growing (s),training time pruning (s),pvalue significance fdr,pvalue significance fwer,induction measure,pruning measure,voting measure
plain,no_discretization,breasttumor,0,0.2638990787897513,0.2039114560070229,124237231099876.05,0.4455937866027823,0.3443046418750315,1242372310998.7605,0.6,0.0160722252100081,0.1777601017039684,0.1208457518143784,44748847424678.88,0.3588715328980353,0.243969821023529,447488474246.7888,0.6,0.2553498813698498,65,3.6307692307692307,0.15384615384615385,246.0,3.7846153846153845,0.3592475227519812,0.8104323995249689,0.0263992816521999,1.073795399,0.935157383,0.13390633,0.2769230769230769,0.2307692307692307,C2,C2,C2
