model_type,variant,dataset,M-of-N count,RMSE (test),MAE (test),MAPE (test),rRMSE (test),rMAE (test),rMAPE (test),maxError (test),R2 (test),RMSE (train),MAE (train),MAPE (train),rRMSE (train),rMAE (train),rMAPE (train),maxError (train),R2 (train),rules,plain conditions count,complex conditions count,conditions_count,avg conditions per rule,avg rule quality,avg rule precision,avg rule coverage,training time total (s),training time growing (s),training time pruning (s),pvalue significance fdr,pvalue significance fwer,induction measure,pruning measure,voting measure
complex,no_discretization,pollution,0,0.3752167327283018,0.3386574989767744,350242567857897.4,0.6891725955900045,0.6220230795379945,3502425678578.9736,0.4821035537374044,0.1048603747744438,0.1260388773704555,0.0828359325000419,41851187054023.03,0.2784237469279181,0.1829871162620814,418511870540.2303,0.5018128359329206,0.5732636247897804,12,0.4166666666666667,3.5833333333333335,48.0,4.0,0.4595502678941292,0.7545875420875422,0.1311728395061728,9.003078524,5.645014306,3.341508865,0.1666666666666666,0.1666666666666666,C2,C2,C2
