model_type,variant,dataset,M-of-N count,RMSE (test),MAE (test),MAPE (test),rRMSE (test),rMAE (test),rMAPE (test),maxError (test),R2 (test),RMSE (train),MAE (train),MAPE (train),rRMSE (train),rMAE (train),rMAPE (train),maxError (train),R2 (train),rules,plain conditions count,complex conditions count,conditions_count,avg conditions per rule,avg rule quality,avg rule precision,avg rule coverage,training time total (s),training time growing (s),training time pruning (s),pvalue significance fdr,pvalue significance fwer,induction measure,pruning measure,voting measure
exact_M-of-N,no_discretization,pwlinear,3.3636363636363638,0.2059179814055325,0.1732819493761406,38841088489331.016,0.3894826511666903,0.3277533733658587,388410884893.3102,0.4140134512050673,0.3545662716577787,0.1170694640067258,0.0788835097867326,5621069207383.997,0.2553931931725786,0.1720885255948261,56210692073.83997,0.5008733624454149,0.6402111680282607,44,1.0454545454545454,0.7272727272727273,226.0,5.136363636363637,0.4006633454500016,0.7751984757666573,0.0359848484848484,25.41852879524231,7.06287786,18.218926393,0.2727272727272727,0.0454545454545454,C2,C2,C2
