model_type,variant,dataset,M-of-N count,RMSE (test),MAE (test),MAPE (test),rRMSE (test),rMAE (test),rMAPE (test),maxError (test),R2 (test),RMSE (train),MAE (train),MAPE (train),rRMSE (train),rMAE (train),rMAPE (train),maxError (train),R2 (train),rules,plain conditions count,complex conditions count,conditions_count,avg conditions per rule,avg rule quality,avg rule precision,avg rule coverage,training time total (s),training time growing (s),training time pruning (s),pvalue significance fdr,pvalue significance fwer,induction measure,pruning measure,voting measure
plain,no_discretization,ozone,0,0.2147745414606919,0.1652449083669956,18303093911724.777,0.6135499587399469,0.472057842708104,183030939117.24777,0.4936914437600583,0.4079325951090727,0.1428819456341228,0.1051054799905935,2020208405954.801,0.4874665323108897,0.3585855695798299,20202084059.54801,0.5945945945945946,0.5617111514479439,36,2.5555555555555554,0.4444444444444444,108.0,3.0,0.4894940491940934,0.8521966666057329,0.1025065469509914,71.366021769,61.816245509,9.545069897,0.6944444444444444,0.6388888888888888,C2,C2,C2
