model_type,variant,dataset,M-of-N count,RMSE (test),MAE (test),MAPE (test),rRMSE (test),rMAE (test),rMAPE (test),maxError (test),R2 (test),RMSE (train),MAE (train),MAPE (train),rRMSE (train),rMAE (train),rMAPE (train),maxError (train),R2 (train),rules,plain conditions count,complex conditions count,conditions_count,avg conditions per rule,avg rule quality,avg rule precision,avg rule coverage,training time total (s),training time growing (s),training time pruning (s),pvalue significance fdr,pvalue significance fwer,induction measure,pruning measure,voting measure
complex,no_discretization,echomonths,0,0.1747379068506794,0.11359569663664479,14588258214628.678,0.4495860728345606,0.292272261138034,145882582146.28677,0.5789473684210527,0.6232999663917367,0.175744756509798,0.11568109272514927,14800478123786.719,0.4531206143832997,0.2982591847923995,148004781237.8672,0.5789473684210527,0.6027885952459218,28,38,38,79.0,2.8214285714285716,0.5040056312833788,0.8375258009186581,0.06208791208791209,14.80650735,14.584871407000001,0.20248079800000002,0.6428571428571429,0.32142857142857145,C2,C2,C2
