model_type,variant,dataset,M-of-N count,RMSE (test),MAE (test),MAPE (test),rRMSE (test),rMAE (test),rMAPE (test),maxError (test),R2 (test),RMSE (train),MAE (train),MAPE (train),rRMSE (train),rMAE (train),rMAPE (train),maxError (train),R2 (train),rules,plain conditions count,complex conditions count,conditions_count,avg conditions per rule,avg rule quality,avg rule precision,avg rule coverage,training time total (s),training time growing (s),training time pruning (s),pvalue significance fdr,pvalue significance fwer,induction measure,pruning measure,voting measure
exact_M-of-N,no_discretization,bodyfat,0.38235294117647056,0.1232152795835024,0.0843136046394127,30309064618647.438,0.2971009656093991,0.2032998945995378,303090646186.4744,0.3926902511925386,0.6867106928122544,0.0888086814808705,0.0517158642414264,7716296553404.486,0.2198249829130384,0.1280104465423614,77162965534.04486,0.446560572269307,0.7470639893683857,34,2.823529411764706,2.235294117647059,185.0,5.4411764705882355,0.6320836726485946,0.8669131346271506,0.0904379372894532,44.26998782157898,7.585428067000001,6.228099628000002,0.9411764705882352,0.8235294117647058,C2,C2,C2
