model_type,variant,dataset,M-of-N count,RMSE (test),MAE (test),MAPE (test),rRMSE (test),rMAE (test),rMAPE (test),maxError (test),R2 (test),RMSE (train),MAE (train),MAPE (train),rRMSE (train),rMAE (train),rMAPE (train),maxError (train),R2 (train),rules,plain conditions count,complex conditions count,conditions_count,avg conditions per rule,avg rule quality,avg rule precision,avg rule coverage,training time total (s),training time growing (s),training time pruning (s),pvalue significance fdr,pvalue significance fwer,induction measure,pruning measure,voting measure
plain,no_discretization,kidney,0,0.2648646711763276,0.2110328488584731,321685687669322.06,0.7856155500992767,0.6259448906819116,3216856876693.2207,0.4429442277235971,0.4650287276161194,0.1976651111110766,0.1060437559800299,50638820260642.52,0.5716901117763473,0.3067014020260746,506388202606.4252,0.9285714285714286,0.2881030740629383,27,2.3703703703703702,0.3333333333333333,73.0,2.7037037037037037,0.4995863009140718,0.8352292768959436,0.0585077831454643,0.258820759,0.232050927,0.02439803,0.4074074074074074,0.4074074074074074,C2,C2,C2
