model_type,variant,dataset,M-of-N count,RMSE (test),MAE (test),MAPE (test),rRMSE (test),rMAE (test),rMAPE (test),maxError (test),R2 (test),RMSE (train),MAE (train),MAPE (train),rRMSE (train),rMAE (train),rMAPE (train),maxError (train),R2 (train),rules,plain conditions count,complex conditions count,conditions_count,avg conditions per rule,avg rule quality,avg rule precision,avg rule coverage,training time total (s),training time growing (s),training time pruning (s),pvalue significance fdr,pvalue significance fwer,induction measure,pruning measure,voting measure
exact_M-of-N,no_discretization,auto-mpg,0.7272727272727273,0.1146320792158413,0.0869517797118365,16212204196737.775,0.3203780407100506,0.2430160999511942,162122041967.37778,0.4015957446808511,0.7103717361492389,0.1244775946461594,0.0856526251850664,1960637536187.444,0.3217667177503213,0.2214066246286326,19606375361.87444,0.5452127659574468,0.650830893161212,11,0.5454545454545454,1.9090909090909092,35.0,3.1818181818181817,0.5929331451519037,0.8465765551895551,0.2216861350939563,5.1000730991363525,0.7710200749999999,0.7284823009999999,1.0,1.0,C2,C2,C2
