model_type,variant,dataset,M-of-N count,RMSE (test),MAE (test),MAPE (test),rRMSE (test),rMAE (test),rMAPE (test),maxError (test),R2 (test),RMSE (train),MAE (train),MAPE (train),rRMSE (train),rMAE (train),rMAPE (train),maxError (train),R2 (train),rules,plain conditions count,complex conditions count,conditions_count,avg conditions per rule,avg rule quality,avg rule precision,avg rule coverage,training time total (s),training time growing (s),training time pruning (s),pvalue significance fdr,pvalue significance fwer,induction measure,pruning measure,voting measure
exact_M-of-N,no_discretization,cholesterol,0.5384615384615384,0.4208648285930215,0.3639466302204707,41518214558013.805,0.6956154558971038,0.601539696128519,415182145580.13806,0.7601942694024217,-2.045543425660812,0.1176430349053177,0.0843727208414796,4152749447025.4814,0.4401755298047892,0.3156906579922917,41527494470.254814,0.7408027619999766,0.0433897551104154,26,0.8076923076923077,1.3076923076923077,69.0,2.6538461538461537,0.3518266836872547,0.8268437960314541,0.0924204001127078,0.2057969570159912,0.126311722,0.051983644,0.0384615384615384,0.0384615384615384,C2,C2,C2
