model_type,variant,dataset,M-of-N count,RMSE (test),MAE (test),MAPE (test),rRMSE (test),rMAE (test),rMAPE (test),maxError (test),R2 (test),RMSE (train),MAE (train),MAPE (train),rRMSE (train),rMAE (train),rMAPE (train),maxError (train),R2 (train),rules,plain conditions count,complex conditions count,conditions_count,avg conditions per rule,avg rule quality,avg rule precision,avg rule coverage,training time total (s),training time growing (s),training time pruning (s),pvalue significance fdr,pvalue significance fwer,induction measure,pruning measure,voting measure
at_least_M-of-N,no_discretization,ozone,0.07407407407407407,0.1801623779067457,0.1302200350403351,16406498255065.877,0.5765196093015864,0.4167041121290724,164064982550.65878,0.5708698442304786,0.4954751436520067,0.1398395608790498,0.1040988211975133,3780966127769.5776,0.4812705714061631,0.3582655640900325,37809661277.69578,0.6374980567986508,0.5801926261097547,27,3.4074074074074074,1.7037037037037037,140.0,5.185185185185185,0.4724414958348173,0.8217884887850344,0.1237061977802718,1245.500467300415,23.043643332,26.912263558000006,0.7037037037037037,0.5185185185185185,C2,C2,C2
