model_type,variant,dataset,M-of-N count,RMSE (test),MAE (test),MAPE (test),rRMSE (test),rMAE (test),rMAPE (test),maxError (test),R2 (test),RMSE (train),MAE (train),MAPE (train),rRMSE (train),rMAE (train),rMAPE (train),maxError (train),R2 (train),rules,plain conditions count,complex conditions count,conditions_count,avg conditions per rule,avg rule quality,avg rule precision,avg rule coverage,training time total (s),training time growing (s),training time pruning (s),pvalue significance fdr,pvalue significance fwer,induction measure,pruning measure,voting measure
complex,no_discretization,ele-1,0,0.1780619663954398,0.1150396191226615,6295271887970.324,0.6942334008548413,0.4485199598391961,62952718879.70324,0.73100724160632,0.0551960932362005,0.1297121372543881,0.0772339438405779,1367313580154.829,0.5945401436631758,0.3540044982575248,13673135801.54829,0.8387460479929525,0.2801586362925796,37,0.8378378378378378,7.243243243243243,299.0,8.08108108108108,0.5929215610911557,0.8979150678944774,0.1361047145800509,1120.632019188,1111.239292859,9.382695259999997,0.918918918918919,0.918918918918919,C2,C2,C2
