model_type,variant,dataset,M-of-N count,RMSE (test),MAE (test),MAPE (test),rRMSE (test),rMAE (test),rMAPE (test),maxError (test),R2 (test),RMSE (train),MAE (train),MAPE (train),rRMSE (train),rMAE (train),rMAPE (train),maxError (train),R2 (train),rules,plain conditions count,complex conditions count,conditions_count,avg conditions per rule,avg rule quality,avg rule precision,avg rule coverage,training time total (s),training time growing (s),training time pruning (s),pvalue significance fdr,pvalue significance fwer,induction measure,pruning measure,voting measure
plain,no_discretization,pollution,0,0.2859283430951166,0.2524279104366853,376529179988543.75,0.5633407802945255,0.4973376703204754,3765291799885.4375,0.5016376380798127,0.3727414598374073,0.126793786176752,0.0852245334449221,18391180248838.45,0.2728725370842056,0.1834114696323942,183911802488.3845,0.4256675237188414,0.5513077577595384,19,3.4210526315789473,0.2631578947368421,70.0,3.6842105263157894,0.4253222388195102,0.7036819991154356,0.1081871345029239,1.395471905,1.146381542,0.24413052,0.1578947368421052,0.1578947368421052,C2,C2,C2
