model_type,variant,dataset,M-of-N count,RMSE (test),MAE (test),MAPE (test),rRMSE (test),rMAE (test),rMAPE (test),maxError (test),R2 (test),RMSE (train),MAE (train),MAPE (train),rRMSE (train),rMAE (train),rMAPE (train),maxError (train),R2 (train),rules,plain conditions count,complex conditions count,conditions_count,avg conditions per rule,avg rule quality,avg rule precision,avg rule coverage,training time total (s),training time growing (s),training time pruning (s),pvalue significance fdr,pvalue significance fwer,induction measure,pruning measure,voting measure
at_least_M-of-N,no_discretization,pyrim,2,0.38908359270439,0.3344796020479333,382110744051685.2,1.0027693759495069,0.8620407236454025,3821107440516.852,0.6787650336045278,-0.7263491897279049,0.1244336465632787,0.0776773453038389,43249377010377.92,0.1765632887732421,0.1102191242386041,432493770103.7791,0.6338171948805231,0.3782381027392786,9,0.4444444444444444,0.5555555555555556,27.0,3.0,0.4415244219656529,0.7868840836582771,0.1750841750841751,3.5905728340148926,0.915050829,2.582924266,0.3333333333333333,0.3333333333333333,C2,C2,C2
