model_type,variant,dataset,M-of-N count,RMSE (test),MAE (test),MAPE (test),rRMSE (test),rMAE (test),rMAPE (test),maxError (test),R2 (test),RMSE (train),MAE (train),MAPE (train),rRMSE (train),rMAE (train),rMAPE (train),maxError (train),R2 (train),rules,plain conditions count,complex conditions count,conditions_count,avg conditions per rule,avg rule quality,avg rule precision,avg rule coverage,training time total (s),training time growing (s),training time pruning (s),pvalue significance fdr,pvalue significance fwer,induction measure,pruning measure,voting measure
plain,no_discretization,bodyfat,0,0.1203291371665229,0.0944058289010306,23977280229358.9,0.2901417986792153,0.2276346165870109,239772802293.589,0.3790990699462802,0.7012155138271079,0.0696217751213042,0.0480498698703643,2542675041680.2124,0.1723323133641245,0.1189361405562782,25426750416.802124,0.3440172017560218,0.8445502584764287,42,2.4761904761904763,0.38095238095238093,120.0,2.857142857142857,0.6201210138954781,0.7864683987895301,0.0674428361653031,87.586836779,68.19035047799998,19.389494826,0.8809523809523809,0.8333333333333334,C2,C2,C2
