model_type,variant,dataset,M-of-N count,RMSE (test),MAE (test),MAPE (test),rRMSE (test),rMAE (test),rMAPE (test),maxError (test),R2 (test),RMSE (train),MAE (train),MAPE (train),rRMSE (train),rMAE (train),rMAPE (train),maxError (train),R2 (train),rules,plain conditions count,complex conditions count,conditions_count,avg conditions per rule,avg rule quality,avg rule precision,avg rule coverage,training time total (s),training time growing (s),training time pruning (s),pvalue significance fdr,pvalue significance fwer,induction measure,pruning measure,voting measure
at_least_M-of-N,no_discretization,fishcatch,0,0.2033423005696542,0.115209572938125,27294543196190.75,0.8186749374532981,0.4638444123771086,272945431961.9075,0.7407934569602108,0.4969925245226063,0.1299019395540127,0.0785436281385576,3075441486895.827,0.5364026794999239,0.3243293574816104,30754414868.95827,0.7407934569602108,0.6189103422052311,6,1,1.3333333333333333,14.0,2.3333333333333335,0.5708800152637833,0.7954604505943791,0.2769953051643192,0.8265454769134521,0.2692112909999999,0.1145959479999999,0.5,0.5,C2,C2,C2
