model_type,variant,dataset,M-of-N count,RMSE (test),MAE (test),MAPE (test),rRMSE (test),rMAE (test),rMAPE (test),maxError (test),R2 (test),RMSE (train),MAE (train),MAPE (train),rRMSE (train),rMAE (train),rMAPE (train),maxError (train),R2 (train),rules,plain conditions count,complex conditions count,conditions_count,avg conditions per rule,avg rule quality,avg rule precision,avg rule coverage,training time total (s),training time growing (s),training time pruning (s),pvalue significance fdr,pvalue significance fwer,induction measure,pruning measure,voting measure
exact_M-of-N,no_discretization,fruitfly,0.5555555555555556,0.2665766485683163,0.2015839766085571,80270537448443.42,1.009514177839146,0.7633897548958835,802705374484.4342,0.7195121951219512,0.0080701287734822,0.1868733333143638,0.1267173172012701,10788239525496.426,0.6759530103029212,0.4583583462687927,107882395254.96426,0.7682926829268293,0.0273572555034775,9,0.1111111111111111,0.8888888888888888,14.0,1.5555555555555556,0.3161209904872578,0.8037910154954514,0.1934523809523809,0.0566077232360839,0.0356243569999999,0.002375745,0.0,0.0,C2,C2,C2
