model_type,variant,dataset,M-of-N count,RMSE (test),MAE (test),MAPE (test),rRMSE (test),rMAE (test),rMAPE (test),maxError (test),R2 (test),RMSE (train),MAE (train),MAPE (train),rRMSE (train),rMAE (train),rMAPE (train),maxError (train),R2 (train),rules,plain conditions count,complex conditions count,conditions_count,avg conditions per rule,avg rule quality,avg rule precision,avg rule coverage,training time total (s),training time growing (s),training time pruning (s),pvalue significance fdr,pvalue significance fwer,induction measure,pruning measure,voting measure
plain,no_discretization,cloud,0,0.2884046178720281,0.2093947296130041,28281174470320.625,0.7862501665225685,0.5708529989635112,282811744703.20624,0.7183333333333333,0.0413756297876565,0.1119503002930726,0.0737958239277009,3207143496635.0464,0.5597995942140072,0.3690108215991231,32071434966.350464,0.5466666666666666,0.593973903096168,7,1.5714285714285714,0.42857142857142855,14.0,2.0,0.4963737711744129,0.7611471861471861,0.2371134020618556,0.564882615,0.485493724,0.077130464,0.7142857142857143,0.7142857142857143,C2,C2,C2
