model_type,variant,dataset,M-of-N count,RMSE (test),MAE (test),MAPE (test),rRMSE (test),rMAE (test),rMAPE (test),maxError (test),R2 (test),RMSE (train),MAE (train),MAPE (train),rRMSE (train),rMAE (train),rMAPE (train),maxError (train),R2 (train),rules,plain conditions count,complex conditions count,conditions_count,avg conditions per rule,avg rule quality,avg rule precision,avg rule coverage,training time total (s),training time growing (s),training time pruning (s),pvalue significance fdr,pvalue significance fwer,induction measure,pruning measure,voting measure
plain,no_discretization,kidney,0,0.4408218611453814,0.3198522044188765,696889877325750.2,1.125502624200974,0.816643926175855,6968898773257.503,0.7977972134959981,-0.9126892351312116,0.1470005670837396,0.1046153369968659,43018897603828.66,0.4085971966823945,0.2907848199153764,430188976038.28656,0.5781151889185927,0.6555591841595474,23,2.6956521739130435,0.30434782608695654,69.0,3.0,0.5458591644178783,0.8623181683740689,0.0907928388746802,0.219616121,0.205263636,0.011762447,0.5217391304347826,0.4782608695652174,C2,C2,C2
