model_type,variant,dataset,M-of-N count,RMSE (test),MAE (test),MAPE (test),rRMSE (test),rMAE (test),rMAPE (test),maxError (test),R2 (test),RMSE (train),MAE (train),MAPE (train),rRMSE (train),rMAE (train),rMAPE (train),maxError (train),R2 (train),rules,plain conditions count,complex conditions count,conditions_count,avg conditions per rule,avg rule quality,avg rule precision,avg rule coverage,training time total (s),training time growing (s),training time pruning (s),pvalue significance fdr,pvalue significance fwer,induction measure,pruning measure,voting measure
plain,no_discretization,bodyfat,0,0.1505903874549858,0.1186335761013966,19453403327992.53,0.351224531716659,0.2766911149925867,194534033279.92532,0.315342277261782,0.5873186562400379,0.0695182205105297,0.0440959448472093,2008745892475.3345,0.1703397824462643,0.1080478412260049,20087458924.753345,0.3541973572927315,0.8468943966555134,46,2.0217391304347827,0.5869565217391305,120.0,2.608695652173913,0.5412010755264103,0.7813964814823169,0.0514269297069526,213.361832769,171.296994992,42.057623448000015,0.6956521739130435,0.6086956521739131,C2,C2,C2
