dataset,RMSE (test),MAE (test),MAPE (test),rRMSE (test),rMAE (test),rMAPE (test),maxError (test),R2 (test),RMSE (train),MAE (train),MAPE (train),rRMSE (train),rMAE (train),rMAPE (train),maxError (train),R2 (train),rules,conditions_count,avg conditions per rule
kidney,0.49773509127691146,0.4074404761904762,944951707528631.4,1.2708129990048804,1.0402735562310033,9449517075286.314,1.0,-1.4384546710003212,4.122317249957739e-18,1.224510688924805e-18,1.1428766429964845e-17,1.1458236560466478e-17,3.403603433157415e-18,1.1428766429964845e-19,1.3877787807814457e-17,1.0,41,81,11.382716049382717
