dataset,M-of-N count,BAcc (test),BAcc (train),Acc (test),Acc (train),rules,conditions_count,avg conditions per rule,avg rule quality,avg rule precision,avg rule coverage,training time total (s),training time growing (s),training time pruning (s),rules_per_example (train) ,rules_per_example (test) ,voting_conflicts (train) ,voting_conflicts (test) ,negative_voting_conflicts (train) ,negative_voting_conflicts (test) ,induction measure,pruning measure,voting measure,variant,model_type,M-of-N count (std),BAcc (test) (std),BAcc (train) (std),Acc (test) (std),Acc (train) (std),rules (std),conditions_count (std),avg conditions per rule (std),avg rule quality (std),avg rule precision (std),avg rule coverage (std),training time total (s) (std),training time growing (s) (std),training time pruning (s) (std),rules_per_example (train)  (std),rules_per_example (test)  (std),voting_conflicts (train)  (std),voting_conflicts (test)  (std),negative_voting_conflicts (train)  (std),negative_voting_conflicts (test)  (std)
zoo,0.7777777777777778,0.9166666666666666,0.9937011841773747,0.9444444444444444,0.996323429656763,9.444444444444445,14.444444444444445,1.5256172839506172,0.8958288804773361,0.9847643097643098,0.1144877070802996,0.14480590820312494,0.15359837455555553,0.0023263327777777666,1.0770316103649438,1.077777777777778,1.3333333333333333,0.3333333333333333,1.3333333333333333,0.3333333333333333,C2,C2,C2,no_discretization,exact_M-of-N,0.8333333333333334,0.13176156917368248,0.009538495437735382,0.08819171036881966,0.0055149681521942644,0.7264831572567788,1.6666666666666667,0.07824484977156669,0.016099504716957147,0.017244789377887027,0.0071392244086216855,0.03484157403284565,0.07547349469611458,0.0023939300644072073,0.03689608533504422,0.1855921454276674,1.3228756555322954,0.7071067811865476,1.3228756555322954,0.7071067811865476
