model_type,variant,dataset,M-of-N count,RMSE (test),MAE (test),MAPE (test),rRMSE (test),rMAE (test),rMAPE (test),maxError (test),R2 (test),RMSE (train),MAE (train),MAPE (train),rRMSE (train),rMAE (train),rMAPE (train),maxError (train),R2 (train),rules,plain conditions count,complex conditions count,conditions_count,avg conditions per rule,avg rule quality,avg rule precision,avg rule coverage,training time total (s),training time growing (s),training time pruning (s),pvalue significance fdr,pvalue significance fwer,induction measure,pruning measure,voting measure
at_least_M-of-N,no_discretization,auto93,0,0.3617289488409848,0.2342499741217011,36826613727328.13,1.0463039301980277,0.6775699577200999,368266137273.2813,0.9119266055045872,-0.2401354948962679,0.1283865792843818,0.0799558697567751,3945708613642.753,0.5733623646121356,0.3570753797156537,39457086136.42753,0.6257614782858851,0.4689621066272719,11,2.6363636363636362,0.6363636363636364,36.0,3.272727272727273,0.4878641852833283,0.8073332464636813,0.2056277056277056,0.6818082332611084,0.301806129,0.0552703639999999,0.6363636363636364,0.5454545454545454,C2,C2,C2
