model_type,variant,dataset,M-of-N count,RMSE (test),MAE (test),MAPE (test),rRMSE (test),rMAE (test),rMAPE (test),maxError (test),R2 (test),RMSE (train),MAE (train),MAPE (train),rRMSE (train),rMAE (train),rMAPE (train),maxError (train),R2 (train),rules,plain conditions count,complex conditions count,conditions_count,avg conditions per rule,avg rule quality,avg rule precision,avg rule coverage,training time total (s),training time growing (s),training time pruning (s),pvalue significance fdr,pvalue significance fwer,induction measure,pruning measure,voting measure
at_least_M-of-N,no_discretization,pwlinear,4.111111111111111,0.3098714298863796,0.2341725686765882,31171202661058.16,0.5332138226579407,0.402954381923679,311712026610.58154,0.7004366812227074,-0.1574979566885852,0.1259800218291726,0.0815948240684916,10969466341290.836,0.275843749159305,0.1786586623517688,109694663412.90836,0.6192139737991267,0.5870272165490618,45,0.4,0.35555555555555557,219.0,4.866666666666666,0.3630355991931503,0.7530964569199865,0.0341975308641975,206.86129474639893,37.488820508,169.13991361599997,0.2222222222222222,0.0666666666666666,C2,C2,C2
