dataset,RMSE (test),MAE (test),MAPE (test),rRMSE (test),rMAE (test),rMAPE (test),maxError (test),R2 (test),RMSE (train),MAE (train),MAPE (train),rRMSE (train),rMAE (train),rMAPE (train),maxError (train),R2 (train),rules,conditions_count,avg conditions per rule
echomonths,0.3635424721931772,0.2338247651057979,0.5084512871639607,0.8519753855139425,0.5479770855710705,0.0050845128716396,0.8070175438596492,-0.0027267509020245,0.0,0.0,0.0,0.0,0.0,0.0,0.0,1.0,94,187,17.50802139037433
echomonths,0.2455645343035473,0.1644110275689222,0.469221181240412,0.578921570508363,0.3876011271702572,0.0046922118124041,0.7017543859649122,0.5333080660332583,8.888898162256305e-18,1.4233628520835342e-18,3.1204493295677482e-18,2.2111175622561472e-17,3.540621730900817e-18,3.1204493295677476e-20,5.551115123125783e-17,1.0,95,189,13.534391534391537
echomonths,0.2616557159456901,0.1919365721997301,0.353714027278744,0.4876737358127557,0.3577312456769163,0.0035371402727874,0.6666666666666667,0.4435651283144345,0.0,0.0,0.0,0.0,0.0,0.0,0.0,1.0,96,191,15.696335078534032
echomonths,0.2862777279975184,0.2184928823298942,0.2826852277799707,0.4454437234864861,0.3399715504978662,0.0028268522777997,0.5263157894736843,0.3973458547433162,0.0,0.0,0.0,0.0,0.0,0.0,0.0,1.0,94,187,14.352941176470589
echomonths,0.3456350634668608,0.2297195981406507,0.6963133425845636,0.7397433370540742,0.4916559691912709,0.0069631334258456,0.7719298245614035,-0.0296292018635686,0.0,0.0,0.0,0.0,0.0,0.0,0.0,1.0,93,185,22.064864864864862
echomonths,0.2968993419860214,0.2479143663354189,0.6552713754976476,0.6086968588387248,0.5082688800855184,0.0065527137549764,0.4724880382775119,-0.0879296174350257,0.0,0.0,0.0,0.0,0.0,0.0,0.0,1.0,94,187,21.112299465240643
echomonths,0.2966542011594278,0.2321494295178505,0.7303434656375832,0.5831140998735146,0.4563212154096581,0.0073034346563758,0.6798245614035088,0.1345013974388876,0.0,0.0,0.0,0.0,0.0,0.0,0.0,1.0,93,185,15.21081081081081
echomonths,0.2725862443080971,0.1866627168295974,0.2904316256542977,0.6028567145901069,0.4128266724903545,0.0029043162565429,0.6140350877192983,0.3921344526690566,0.0,0.0,0.0,0.0,0.0,0.0,0.0,1.0,97,193,16.40414507772021
echomonths,0.2286334160760867,0.1552938289780395,0.2094102021253537,0.3986290854408946,0.27075935828877,0.0020941020212535,0.5272727272727273,0.4652486806638299,0.0,0.0,0.0,0.0,0.0,0.0,0.0,1.0,95,189,15.60846560846561
