model_type,variant,dataset,M-of-N count,RMSE (test),MAE (test),MAPE (test),rRMSE (test),rMAE (test),rMAPE (test),maxError (test),R2 (test),RMSE (train),MAE (train),MAPE (train),rRMSE (train),rMAE (train),rMAPE (train),maxError (train),R2 (train),rules,plain conditions count,complex conditions count,conditions_count,avg conditions per rule,avg rule quality,avg rule precision,avg rule coverage,training time total (s),training time growing (s),training time pruning (s),pvalue significance fdr,pvalue significance fwer,induction measure,pruning measure,voting measure
at_least_M-of-N,no_discretization,mbagrade,0,0.2636812285082048,0.2263425682361859,371136577849866.8,0.4519705678544968,0.387969138622892,3711365778498.668,0.4944532488114105,0.3171707189316975,0.2474439611693534,0.1795448441829405,72280795056777.66,0.4771387194345154,0.3462109021762945,722807950567.7766,0.8827258320126786,0.0417998251523227,9,0.6666666666666666,1.2222222222222223,17.0,1.8888888888888888,0.2922073565156953,0.7226557239057239,0.2626262626262626,0.1446077823638916,0.075085026,0.034540456,0.0,0.0,C2,C2,C2
