model_type,variant,dataset,M-of-N count,RMSE (test),MAE (test),MAPE (test),rRMSE (test),rMAE (test),rMAPE (test),maxError (test),R2 (test),RMSE (train),MAE (train),MAPE (train),rRMSE (train),rMAE (train),rMAPE (train),maxError (train),R2 (train),rules,plain conditions count,complex conditions count,conditions_count,avg conditions per rule,avg rule quality,avg rule precision,avg rule coverage,training time total (s),training time growing (s),training time pruning (s),pvalue significance fdr,pvalue significance fwer,induction measure,pruning measure,voting measure
plain,no_discretization,pwlinear,0,0.216233139486803,0.1764231575440237,61069314611595.086,0.6443661553010437,0.525733992497718,610693146115.9508,0.5195712954333644,0.0827569835795035,0.0956862813828431,0.0679852496339877,7972160323553.77,0.1950073692759557,0.1385530348666075,79721603235.5377,0.3186315340996422,0.7886899444854244,35,4.228571428571429,0.17142857142857143,154.0,4.4,0.4625370281982445,0.7962308472291448,0.0519047619047619,0.130947101,0.107762155,0.0185946209999999,0.6857142857142857,0.4,C2,C2,C2
