model_type,variant,dataset,M-of-N count,RMSE (test),MAE (test),MAPE (test),rRMSE (test),rMAE (test),rMAPE (test),maxError (test),R2 (test),RMSE (train),MAE (train),MAPE (train),rRMSE (train),rMAE (train),rMAPE (train),maxError (train),R2 (train),rules,plain conditions count,complex conditions count,conditions_count,avg conditions per rule,avg rule quality,avg rule precision,avg rule coverage,training time total (s),training time growing (s),training time pruning (s),pvalue significance fdr,pvalue significance fwer,induction measure,pruning measure,voting measure
plain,no_discretization,fishcatch,0,0.274043071721786,0.2084067413949869,21508059691066.887,0.7323459756977891,0.5569410582430534,215080596910.66885,0.6210329386806172,0.1377105776783905,0.1005083586846287,0.074566544366503,3008795243799.676,0.4074453170166682,0.3022812202473437,30087952437.99676,0.3444042343840491,0.7962977155351251,14,2.2142857142857144,0.07142857142857142,32.0,2.2857142857142856,0.5157673741204941,0.7573106338884739,0.2222777222777222,12.067950935,9.569685329,2.4952947130000003,0.6428571428571429,0.5714285714285714,C2,C2,C2
