model_type,variant,dataset,M-of-N count,RMSE (test),MAE (test),MAPE (test),rRMSE (test),rMAE (test),rMAPE (test),maxError (test),R2 (test),RMSE (train),MAE (train),MAPE (train),rRMSE (train),rMAE (train),rMAPE (train),maxError (train),R2 (train),rules,plain conditions count,complex conditions count,conditions_count,avg conditions per rule,avg rule quality,avg rule precision,avg rule coverage,training time total (s),training time growing (s),training time pruning (s),pvalue significance fdr,pvalue significance fwer,induction measure,pruning measure,voting measure
plain,no_discretization,kidney,0,0.14434811360090133,0.09115498844805295,46809954033738.125,0.4249145972331914,0.2683310798871346,468099540337.3812,0.6785714285714287,0.6368867886298331,0.1433177360766611,0.08916071047070577,45974014287451.19,0.4077274630630145,0.2536550693605106,459740142874.5119,0.6785714285714287,0.6564240276273726,27,41,35,86.0,3.185185185185185,0.5299624729526347,0.8643792421570201,0.06773879142300196,0.628488964,0.604218901,0.02031432,0.5185185185185185,0.48148148148148145,C2,C2,C2
