model_type,variant,dataset,M-of-N count,RMSE (test),MAE (test),MAPE (test),rRMSE (test),rMAE (test),rMAPE (test),maxError (test),R2 (test),RMSE (train),MAE (train),MAPE (train),rRMSE (train),rMAE (train),rMAPE (train),maxError (train),R2 (train),rules,plain conditions count,complex conditions count,conditions_count,avg conditions per rule,avg rule quality,avg rule precision,avg rule coverage,training time total (s),training time growing (s),training time pruning (s),pvalue significance fdr,pvalue significance fwer,induction measure,pruning measure,voting measure
at_least_M-of-N,no_discretization,lowbwt,5,0.11898118525524401,0.09036290462180331,8578054822828.631,0.22745904948905724,0.1727488287350022,85780548228.28632,0.410184536323289,0.5062618604366461,0.1207907030747444,0.09183101039754397,9440398958456.887,0.2312989924577456,0.17584482613852545,94403989584.56886,0.410184536323289,0.49419902360163126,6,2,5,12.0,2.0,0.5991053195481982,0.8317506846860198,0.30776014109347444,0.43479156494140625,0.030658123000000002,0.0012088539999999999,0.8333333333333334,0.8333333333333334,C2,C2,C2
