model_type,variant,dataset,M-of-N count,RMSE (test),MAE (test),MAPE (test),rRMSE (test),rMAE (test),rMAPE (test),maxError (test),R2 (test),RMSE (train),MAE (train),MAPE (train),rRMSE (train),rMAE (train),rMAPE (train),maxError (train),R2 (train),rules,plain conditions count,complex conditions count,conditions_count,avg conditions per rule,avg rule quality,avg rule precision,avg rule coverage,training time total (s),training time growing (s),training time pruning (s),pvalue significance fdr,pvalue significance fwer,induction measure,pruning measure,voting measure
plain,no_discretization,concrete,0,0.3045824742316679,0.2618547133319077,187903575541062.53,0.8271948928050848,0.7111534636767779,1879035755410.6248,0.5667337070778851,0.1049260778445979,0.1422952631044457,0.1012866442717617,8049781216510.229,0.315280294628608,0.2244184546361498,80497812165.10228,0.44008176434164,0.4464902676070295,19,2.8947368421052633,0.47368421052631576,64.0,3.3684210526315788,0.3835159559189582,0.7076657260867786,0.1120543293718166,9.401045077,7.649823039,1.7465054279999996,0.3157894736842105,0.2105263157894736,C2,C2,C2
