model_type,variant,dataset,M-of-N count,RMSE (test),MAE (test),MAPE (test),rRMSE (test),rMAE (test),rMAPE (test),maxError (test),R2 (test),RMSE (train),MAE (train),MAPE (train),rRMSE (train),rMAE (train),rMAPE (train),maxError (train),R2 (train),rules,plain conditions count,complex conditions count,conditions_count,avg conditions per rule,avg rule quality,avg rule precision,avg rule coverage,training time total (s),training time growing (s),training time pruning (s),pvalue significance fdr,pvalue significance fwer,induction measure,pruning measure,voting measure
plain,no_discretization,bodyfat,0,0.2868251709633363,0.2471227931237444,43673960883442.086,0.4775636226565856,0.4114592032798787,436739608834.4208,0.5299145299145298,-0.2909147090585431,0.0948395039092927,0.0705559120652621,5024437977741.365,0.2406608442570492,0.179039795286069,50244379777.41365,0.4207414219864271,0.7196698266958556,31,2.935483870967742,0.5161290322580645,107.0,3.4516129032258065,0.485863872051795,0.7741433576700156,0.0782186697116757,136.364029318,109.785835569,26.571717015000004,0.7096774193548387,0.4516129032258064,C2,C2,C2
