model_type,variant,dataset,M-of-N count,RMSE (test),MAE (test),MAPE (test),rRMSE (test),rMAE (test),rMAPE (test),maxError (test),R2 (test),RMSE (train),MAE (train),MAPE (train),rRMSE (train),rMAE (train),rMAPE (train),maxError (train),R2 (train),rules,plain conditions count,complex conditions count,conditions_count,avg conditions per rule,avg rule quality,avg rule precision,avg rule coverage,training time total (s),training time growing (s),training time pruning (s),pvalue significance fdr,pvalue significance fwer,induction measure,pruning measure,voting measure
complex,no_discretization,cloud,0,0.3469356917103806,0.2760020953966058,39766598604443.24,0.9122278385104086,0.7257160359222159,397665986044.4324,0.6215533751922305,-0.110699946653975,0.1387899633055663,0.0744088370451505,4558894036637.891,0.6613916207634454,0.3545889065772342,45588940366.37891,0.6373879840480029,0.4290891077648447,18,0.3333333333333333,3.7222222222222223,73.0,4.055555555555555,0.6166219353216357,0.8490363419253907,0.1741122565864834,19.773555485,19.533596409,0.2286660609999999,0.7777777777777778,0.6666666666666666,C2,C2,C2
