model_type,variant,dataset,M-of-N count,RMSE (test),MAE (test),MAPE (test),rRMSE (test),rMAE (test),rMAPE (test),maxError (test),R2 (test),RMSE (train),MAE (train),MAPE (train),rRMSE (train),rMAE (train),rMAPE (train),maxError (train),R2 (train),rules,plain conditions count,complex conditions count,conditions_count,avg conditions per rule,avg rule quality,avg rule precision,avg rule coverage,training time total (s),training time growing (s),training time pruning (s),pvalue significance fdr,pvalue significance fwer,induction measure,pruning measure,voting measure
complex,no_discretization,ozone,0,0.2349893261969663,0.1532877289712087,14753807133073.385,0.7519658438302923,0.490520732707868,147538071330.73383,0.7255067567567568,0.1416772401341163,0.1338320506287338,0.0859275696109558,3278623807349.901,0.4605951783147999,0.2957275485295315,32786238073.49901,0.8918918918918919,0.6154877109063901,37,1.6486486486486487,5.891891891891892,279.0,7.54054054054054,0.5027377257917752,0.887139275573349,0.0467740467740467,1192.497843536,1168.778105952,23.705164887,0.945945945945946,0.6756756756756757,C2,C2,C2
