model_type,variant,dataset,M-of-N count,RMSE (test),MAE (test),MAPE (test),rRMSE (test),rMAE (test),rMAPE (test),maxError (test),R2 (test),RMSE (train),MAE (train),MAPE (train),rRMSE (train),rMAE (train),rMAPE (train),maxError (train),R2 (train),rules,plain conditions count,complex conditions count,conditions_count,avg conditions per rule,avg rule quality,avg rule precision,avg rule coverage,training time total (s),training time growing (s),training time pruning (s),pvalue significance fdr,pvalue significance fwer,induction measure,pruning measure,voting measure
complex,no_discretization,ele-1,0,0.1385033029505627,0.0835008998735146,5198201222676.502,0.651172758158802,0.3925791668577499,51982012226.76502,0.7378851215358415,0.3512595067107161,0.1492455907088026,0.0921439572896358,1057782847913.5784,0.5847622417769427,0.3610311485584696,10577828479.135784,0.7378851215358415,0.2788787550862662,22,0.9545454545454546,7.090909090909091,177.0,8.045454545454545,0.5341193915044132,0.8866045717483186,0.1257405515832482,655.691918144,649.690683494,5.994506337,0.9090909090909092,0.7727272727272727,C2,C2,C2
