dataset,BAcc (test),BAcc (train),Acc (test),Acc (train),rules,conditions_count,avg conditions per rule
hepatitis,0.4743589743589743,1.0,0.5625,1.0,19,37,4.108108108108108
hepatitis,0.6282051282051282,1.0,0.8125,1.0,23,45,5.422222222222223
hepatitis,0.6282051282051282,1.0,0.8125,1.0,20,39,4.615384615384615
hepatitis,0.7916666666666667,1.0,0.8125,1.0,20,39,4.256410256410256
hepatitis,0.4583333333333333,1.0,0.6875,1.0,18,35,4.514285714285714
hepatitis,0.5,1.0,0.8,1.0,20,39,4.102564102564102
hepatitis,0.7916666666666666,1.0,0.8666666666666667,1.0,22,43,4.837209302325581
hepatitis,0.9166666666666669,1.0,0.8666666666666667,1.0,22,43,4.465116279069767
hepatitis,0.6666666666666666,1.0,0.8666666666666667,1.0,22,43,4.418604651162791
