BAcc (test),BAcc (train),Acc (test),Acc (train),rules,conditions_count,avg conditions per rule,BAcc (test) (std),BAcc (train) (std),Acc (test) (std),Acc (train) (std),rules (std),conditions_count (std),avg conditions per rule (std),dataset
0.6506410256410257,1.0,0.7875000000000001,1.0,20.666666666666668,40.333333333333336,4.52665613905924,0.15912259166495582,0.0,0.10090734198593614,0.0,1.6583123951777001,3.3166247903554003,0.4107978930647147,hepatitis
