model_type,variant,dataset,M-of-N count,RMSE (test),MAE (test),MAPE (test),rRMSE (test),rMAE (test),rMAPE (test),maxError (test),R2 (test),RMSE (train),MAE (train),MAPE (train),rRMSE (train),rMAE (train),rMAPE (train),maxError (train),R2 (train),rules,plain conditions count,complex conditions count,conditions_count,avg conditions per rule,avg rule quality,avg rule precision,avg rule coverage,training time total (s),training time growing (s),training time pruning (s),pvalue significance fdr,pvalue significance fwer,induction measure,pruning measure,voting measure
exact_M-of-N,no_discretization,veteran,13,0.15214156350462651,0.074894584810259,2145350381621.5261,1.2003261262248157,0.5908834166659552,21453503816.21526,0.9488977955911824,0.0839081657570907,0.14715123590195325,0.0699288215792555,2364583267334.625,1.2174391794705592,0.57854823062116,23645832673.34625,0.9488977955911824,0.12770269172963777,18,37,3,53.0,2.9444444444444446,0.4080260483923678,0.8139060443233515,0.1597729115977291,1.0874125957489014,0.5826306039999999,0.09212304699999997,0.7777777777777778,0.5,C2,C2,C2
