model_type,variant,dataset,M-of-N count,RMSE (test),MAE (test),MAPE (test),rRMSE (test),rMAE (test),rMAPE (test),maxError (test),R2 (test),RMSE (train),MAE (train),MAPE (train),rRMSE (train),rMAE (train),rMAPE (train),maxError (train),R2 (train),rules,plain conditions count,complex conditions count,conditions_count,avg conditions per rule,avg rule quality,avg rule precision,avg rule coverage,training time total (s),training time growing (s),training time pruning (s),pvalue significance fdr,pvalue significance fwer,induction measure,pruning measure,voting measure
exact_M-of-N,no_discretization,bodyfat,10,0.07578534621212657,0.047641071051755496,9495470817773.52,0.18790872499974304,0.11812538130920469,94954708177.7352,0.3747504082951234,0.8131084709826304,0.07519243132892263,0.04734517690596387,5237581125676.77,0.1865009123512648,0.11743095059353244,52375811256.76769,0.3747504082951234,0.8171301534001032,36,120,54,184.0,5.111111111111111,0.5188038692325466,0.8234562308007937,0.0691137566137566,23.251362800598145,6.6595782219999995,7.546792307999999,0.8611111111111112,0.6944444444444444,C2,C2,C2
