model_type,variant,dataset,M-of-N count,RMSE (test),MAE (test),MAPE (test),rRMSE (test),rMAE (test),rMAPE (test),maxError (test),R2 (test),RMSE (train),MAE (train),MAPE (train),rRMSE (train),rMAE (train),rMAPE (train),maxError (train),R2 (train),rules,plain conditions count,complex conditions count,conditions_count,avg conditions per rule,avg rule quality,avg rule precision,avg rule coverage,training time total (s),training time growing (s),training time pruning (s),pvalue significance fdr,pvalue significance fwer,induction measure,pruning measure,voting measure
exact_M-of-N,no_discretization,pharynx,5,0.1746033146427016,0.12610138319371503,10959013416365.428,0.5900586339217878,0.4261500421981914,109590134163.65428,0.6881898454746137,0.4157137545641877,0.17521402349162093,0.12807121700212448,8055343194935.6,0.5796448084912912,0.42368649822137744,80553431949.356,0.6881898454746137,0.42211139095283867,7,17,2,24.0,3.4285714285714284,0.46247399805522876,0.7866979655712051,0.17362637362637365,0.1448957920074463,0.053525231,0.017345816000000003,0.14285714285714285,0.14285714285714285,C2,C2,C2
