model_type,variant,dataset,M-of-N count,RMSE (test),MAE (test),MAPE (test),rRMSE (test),rMAE (test),rMAPE (test),maxError (test),R2 (test),RMSE (train),MAE (train),MAPE (train),rRMSE (train),rMAE (train),rMAPE (train),maxError (train),R2 (train),rules,plain conditions count,complex conditions count,conditions_count,avg conditions per rule,avg rule quality,avg rule precision,avg rule coverage,training time total (s),training time growing (s),training time pruning (s),pvalue significance fdr,pvalue significance fwer,induction measure,pruning measure,voting measure
plain,no_discretization,dee,0,0.2017416012158011,0.1546350133184506,42662423290463.88,0.4360035326999647,0.3341968720364744,426624232904.63873,0.643302609733242,0.2888780776538745,0.1597973124443145,0.1160746402416253,4812529456546.456,0.3117937408144985,0.2264828221516259,48125294565.46456,0.5997706814565105,0.4817709087803292,6,2.3333333333333335,0.3333333333333333,16.0,2.6666666666666665,0.4356860413893131,0.7202168746286394,0.2728658536585366,277.226373099,225.489506276,51.733221362,0.6666666666666666,0.6666666666666666,C2,C2,C2
