model_type,variant,dataset,M-of-N count,RMSE (test),MAE (test),MAPE (test),rRMSE (test),rMAE (test),rMAPE (test),maxError (test),R2 (test),RMSE (train),MAE (train),MAPE (train),rRMSE (train),rMAE (train),rMAPE (train),maxError (train),R2 (train),rules,plain conditions count,complex conditions count,conditions_count,avg conditions per rule,avg rule quality,avg rule precision,avg rule coverage,training time total (s),training time growing (s),training time pruning (s),pvalue significance fdr,pvalue significance fwer,induction measure,pruning measure,voting measure
at_least_M-of-N,no_discretization,elusage,0,0.2661701558576419,0.202171455278393,114499271590663.5,0.5413295388328023,0.4111707426340557,1144992715906.635,0.5395962562742476,0.4215372092097168,0.1853673137448281,0.1122258003463093,14020318970285.594,0.5319183302771103,0.3220360651953763,140203189702.85593,0.7448982692848105,0.4825295128701021,3,0.6666666666666666,0.6666666666666666,4.0,1.3333333333333333,0.5746355187552786,0.8094017094017095,0.3945578231292517,0.0231678485870361,0.010879121,0.0006634379999999,0.6666666666666666,0.6666666666666666,C2,C2,C2
