model_type,variant,dataset,M-of-N count,RMSE (test),MAE (test),MAPE (test),rRMSE (test),rMAE (test),rMAPE (test),maxError (test),R2 (test),RMSE (train),MAE (train),MAPE (train),rRMSE (train),rMAE (train),rMAPE (train),maxError (train),R2 (train),rules,plain conditions count,complex conditions count,conditions_count,avg conditions per rule,avg rule quality,avg rule precision,avg rule coverage,training time total (s),training time growing (s),training time pruning (s),pvalue significance fdr,pvalue significance fwer,induction measure,pruning measure,voting measure
at_least_M-of-N,no_discretization,ele-1,0,0.1335479035019154,0.071204838414239,5987377594582.988,0.6278749662793834,0.3347692801304668,59873775945.82988,0.780151726273417,0.3968506066706552,0.1269949492468103,0.076605891505439,1316258178421.3765,0.4975815423640105,0.3001511310136123,13162581784.213764,0.6425143211023379,0.4778705740807625,21,0.8571428571428571,2.3333333333333335,67.0,3.1904761904761907,0.4489945028634355,0.7956244457625601,0.1305510968432316,267.59475803375244,12.188524731,109.725303215,0.8571428571428571,0.7619047619047619,C2,C2,C2
