model_type,variant,dataset,M-of-N count,RMSE (test),MAE (test),MAPE (test),rRMSE (test),rMAE (test),rMAPE (test),maxError (test),R2 (test),RMSE (train),MAE (train),MAPE (train),rRMSE (train),rMAE (train),rMAPE (train),maxError (train),R2 (train),rules,plain conditions count,complex conditions count,conditions_count,avg conditions per rule,avg rule quality,avg rule precision,avg rule coverage,training time total (s),training time growing (s),training time pruning (s),pvalue significance fdr,pvalue significance fwer,induction measure,pruning measure,voting measure
exact_M-of-N,no_discretization,fishcatch,0.3333333333333333,0.3003176863179369,0.2206861615618428,25248867242880.73,0.8025616105671737,0.5897562791738304,252488672428.8073,0.6374645329701509,-0.0355646664419133,0.1628242887041921,0.103858764703051,2648482577925.9346,0.6600644443638604,0.421027344025924,26484825779.259342,0.7873795085053239,0.4653988152392333,6,0.6666666666666666,1,12.0,2.0,0.6434751527886627,0.8351975749122228,0.3275058275058275,0.3776593208312988,0.135131738,0.036335767,0.6666666666666666,0.6666666666666666,C2,C2,C2
