model_type,variant,dataset,M-of-N count,RMSE (test),MAE (test),MAPE (test),rRMSE (test),rMAE (test),rMAPE (test),maxError (test),R2 (test),RMSE (train),MAE (train),MAPE (train),rRMSE (train),rMAE (train),rMAPE (train),maxError (train),R2 (train),rules,plain conditions count,complex conditions count,conditions_count,avg conditions per rule,avg rule quality,avg rule precision,avg rule coverage,training time total (s),training time growing (s),training time pruning (s),pvalue significance fdr,pvalue significance fwer,induction measure,pruning measure,voting measure
plain,no_discretization,gascons,0,0.2061232445398004,0.2003948281948792,378255086813270.4,0.4455529889595077,0.433170528018809,3782550868132.7046,0.251968503937008,0.7492823075475559,0.1437219238826244,0.112846301250516,47281885851660.03,0.2521563926706767,0.1979859125236683,472818858516.60034,0.3042233357193987,0.7905262803453067,6,1,0.3333333333333333,8.0,1.3333333333333333,0.4099347598888039,0.6278860028860028,0.2152777777777778,0.053356277,0.049009055,0.002062478,0.6666666666666666,0.5,C2,C2,C2
