model_type,variant,dataset,M-of-N count,RMSE (test),MAE (test),MAPE (test),rRMSE (test),rMAE (test),rMAPE (test),maxError (test),R2 (test),RMSE (train),MAE (train),MAPE (train),rRMSE (train),rMAE (train),rMAPE (train),maxError (train),R2 (train),rules,plain conditions count,complex conditions count,conditions_count,avg conditions per rule,avg rule quality,avg rule precision,avg rule coverage,training time total (s),training time growing (s),training time pruning (s),pvalue significance fdr,pvalue significance fwer,induction measure,pruning measure,voting measure
exact_M-of-N,no_discretization,cholesterol,0.5483870967741935,0.464661748944522,0.4164362582996427,63406844068763.25,0.7183826691846403,0.6438244410307158,634068440687.6324,0.7333239574353032,-2.822629379051678,0.1047605960005829,0.0711875493998144,4143007334460.631,0.3799867592723929,0.2582108849097074,41430073344.60631,0.408675799086758,0.239618079237213,62,1.8870967741935485,1.8870967741935485,268.0,4.32258064516129,0.3628779486271424,0.8174645933659482,0.04295167198393,11.923044204711914,6.040845070999998,3.78256779,0.1935483870967742,0.0483870967741935,C2,C2,C2
