model_type,variant,dataset,M-of-N count,RMSE (test),MAE (test),MAPE (test),rRMSE (test),rMAE (test),rMAPE (test),maxError (test),R2 (test),RMSE (train),MAE (train),MAPE (train),rRMSE (train),rMAE (train),rMAPE (train),maxError (train),R2 (train),rules,plain conditions count,complex conditions count,conditions_count,avg conditions per rule,avg rule quality,avg rule precision,avg rule coverage,training time total (s),training time growing (s),training time pruning (s),pvalue significance fdr,pvalue significance fwer,induction measure,pruning measure,voting measure
exact_M-of-N,no_discretization,cholesterol,0.5087719298245614,0.2934977849991999,0.239136493620665,89253675685467.55,0.9644161023670396,0.7857881622922328,892536756854.6754,0.736021039588058,-0.1075378343536714,0.1036078984149481,0.0668249398631869,4444316958785.054,0.3821230327586752,0.246461409555557,44443169587.85054,0.7579908675799087,0.194944317387391,57,2.3157894736842106,2.456140350877193,301.0,5.280701754385965,0.3671379367449204,0.8177994251216842,0.0410641989589357,17.950812578201294,8.113304266000002,8.206218029000002,0.0,0.0,C2,C2,C2
