model_type,variant,dataset,M-of-N count,RMSE (test),MAE (test),MAPE (test),rRMSE (test),rMAE (test),rMAPE (test),maxError (test),R2 (test),RMSE (train),MAE (train),MAPE (train),rRMSE (train),rMAE (train),rMAPE (train),maxError (train),R2 (train),rules,plain conditions count,complex conditions count,conditions_count,avg conditions per rule,avg rule quality,avg rule precision,avg rule coverage,training time total (s),training time growing (s),training time pruning (s),pvalue significance fdr,pvalue significance fwer,induction measure,pruning measure,voting measure
complex,no_discretization,ele-1,0,0.2384004281687949,0.1575194981652539,5844077136038.667,0.7232223994627751,0.4778583255923814,58440771360.38667,0.8775373478713617,-0.0649537664520409,0.1202663192184616,0.0699588654622851,1008621843289.8964,0.5588921136959717,0.3251072989019077,10086218432.898964,0.8233770049693571,0.3849842296009418,28,0.9642857142857143,5.928571428571429,193.0,6.892857142857143,0.5603432765771627,0.8766474557493658,0.0988949391415759,771.022224428,764.7105270589999,6.296533055,0.9285714285714286,0.9285714285714286,C2,C2,C2
