model_type,variant,dataset,M-of-N count,RMSE (test),MAE (test),MAPE (test),rRMSE (test),rMAE (test),rMAPE (test),maxError (test),R2 (test),RMSE (train),MAE (train),MAPE (train),rRMSE (train),rMAE (train),rMAPE (train),maxError (train),R2 (train),rules,plain conditions count,complex conditions count,conditions_count,avg conditions per rule,avg rule quality,avg rule precision,avg rule coverage,training time total (s),training time growing (s),training time pruning (s),pvalue significance fdr,pvalue significance fwer,induction measure,pruning measure,voting measure
complex,no_discretization,veteran,0,0.4003318152134472,0.2725391074554772,5269388309562.466,1.2830489071239706,0.8734779267614569,52693883095.62466,0.9799599198396792,-0.7742079420827712,0.1571772074496158,0.0733558694087082,1670459818473.723,1.3829926831961974,0.6454538307932454,16704598184.737226,0.9278557114228456,-0.0215177660303709,13,0.8461538461538461,2.3076923076923075,41.0,3.1538461538461537,0.4984612117732555,0.883010943305061,0.1257035647279549,1.75811087,1.661257886,0.082237479,0.7692307692307693,0.7692307692307693,C2,C2,C2
