model_type,variant,dataset,M-of-N count,RMSE (test),MAE (test),MAPE (test),rRMSE (test),rMAE (test),rMAPE (test),maxError (test),R2 (test),RMSE (train),MAE (train),MAPE (train),rRMSE (train),rMAE (train),rMAPE (train),maxError (train),R2 (train),rules,plain conditions count,complex conditions count,conditions_count,avg conditions per rule,avg rule quality,avg rule precision,avg rule coverage,training time total (s),training time growing (s),training time pruning (s),pvalue significance fdr,pvalue significance fwer,induction measure,pruning measure,voting measure
complex,no_discretization,diabetes,0,0.4294340231594528,0.4166666666666666,875699927544264.4,1.5459624833740295,1.4999999999999991,8756999275442.644,0.5277777777777779,-0.0482456140350875,0.1587233116359814,0.1079610034106615,22453844296007.062,0.3391895426741522,0.2307111853707286,224538442960.07068,0.5000000000000001,0.3513450702624408,12,0.3333333333333333,1.1666666666666667,18.0,1.5,0.5211734315931971,0.844246031746032,0.1858974358974359,0.418933414,0.400628565,0.0054924309999999,0.5,0.4166666666666667,C2,C2,C2
