model_type,variant,dataset,M-of-N count,RMSE (test),MAE (test),MAPE (test),rRMSE (test),rMAE (test),rMAPE (test),maxError (test),R2 (test),RMSE (train),MAE (train),MAPE (train),rRMSE (train),rMAE (train),rMAPE (train),maxError (train),R2 (train),rules,plain conditions count,complex conditions count,conditions_count,avg conditions per rule,avg rule quality,avg rule precision,avg rule coverage,training time total (s),training time growing (s),training time pruning (s),pvalue significance fdr,pvalue significance fwer,induction measure,pruning measure,voting measure
at_least_M-of-N,no_discretization,ozone,0.03333333333333333,0.2278364610862319,0.1738328695736209,21041487445185.48,0.6508641589836538,0.4965912124834486,210414874451.8548,0.5498602050326189,0.3337273226326482,0.1356815468680927,0.101787555808476,2458967855512.7407,0.4629011234192707,0.3472658959265269,24589678555.127407,0.6343734077865111,0.6047723841173204,30,3.066666666666667,1.8,147.0,4.9,0.47556612879701,0.8437319280397445,0.091358024691358,4014.672300100327,38.88658388900001,95.537506618,0.5333333333333333,0.5,C2,C2,C2
