model_type,variant,dataset,M-of-N count,RMSE (test),MAE (test),MAPE (test),rRMSE (test),rMAE (test),rMAPE (test),maxError (test),R2 (test),RMSE (train),MAE (train),MAPE (train),rRMSE (train),rMAE (train),rMAPE (train),maxError (train),R2 (train),rules,plain conditions count,complex conditions count,conditions_count,avg conditions per rule,avg rule quality,avg rule precision,avg rule coverage,training time total (s),training time growing (s),training time pruning (s),pvalue significance fdr,pvalue significance fwer,induction measure,pruning measure,voting measure
complex,no_discretization,dee,0,0.2162715470696506,0.1737711689340303,35012156068827.445,0.542736840492683,0.4360814747656221,350121560688.2745,0.5195326114062107,0.2920188686731564,0.1307458483490791,0.0935899078948437,3881870841085.48,0.2558011343029376,0.1831064228891601,38818708410.8548,0.5281081724048915,0.6670648717425338,39,1.358974358974359,4.923076923076923,245.0,6.282051282051282,0.5192060090620273,0.8371001716364649,0.0839373392564882,2478.448651384,2456.592358365,21.838946987,0.9230769230769232,0.9230769230769232,C2,C2,C2
