model_type,variant,dataset,M-of-N count,RMSE (test),MAE (test),MAPE (test),rRMSE (test),rMAE (test),rMAPE (test),maxError (test),R2 (test),RMSE (train),MAE (train),MAPE (train),rRMSE (train),rMAE (train),rMAPE (train),maxError (train),R2 (train),rules,plain conditions count,complex conditions count,conditions_count,avg conditions per rule,avg rule quality,avg rule precision,avg rule coverage,training time total (s),training time growing (s),training time pruning (s),pvalue significance fdr,pvalue significance fwer,induction measure,pruning measure,voting measure
plain,no_discretization,auto-price,0,0.1746572682762983,0.126768666959674,21408194333963.227,0.7166655036398722,0.5201657591981175,214081943339.63223,0.4878776157066132,0.5827190589642741,0.0862097519086151,0.0538523529287466,2812403902940.997,0.4127553331590988,0.2578344721148062,28124039029.40997,0.4022126840075751,0.8065169882494009,15,2.933333333333333,0.2,47.0,3.1333333333333333,0.5457670793741108,0.8177499005690557,0.1118881118881119,2.322466806,1.978247781,0.338686122,0.6666666666666666,0.5333333333333333,C2,C2,C2
