model_type,variant,dataset,M-of-N count,RMSE (test),MAE (test),MAPE (test),rRMSE (test),rMAE (test),rMAPE (test),maxError (test),R2 (test),RMSE (train),MAE (train),MAPE (train),rRMSE (train),rMAE (train),rMAPE (train),maxError (train),R2 (train),rules,plain conditions count,complex conditions count,conditions_count,avg conditions per rule,avg rule quality,avg rule precision,avg rule coverage,training time total (s),training time growing (s),training time pruning (s),pvalue significance fdr,pvalue significance fwer,induction measure,pruning measure,voting measure
exact_M-of-N,no_discretization,ozone,0.10344827586206896,0.2246856922494754,0.1531987988958418,52049933254051.17,0.7860029516854441,0.5359251268794467,520499332540.5117,0.6918918918918919,0.2562898622933474,0.1716965837318373,0.1155311122368293,3855550611411.704,0.5883298280727036,0.395875083370913,38555506114.11704,0.8918918918918919,0.3723781236388813,29,2.793103448275862,1.0344827586206897,114.0,3.9310344827586206,0.4760565724726309,0.8541321078370698,0.0649018924880993,5013.005264997482,51.98262819599999,165.00526468000004,0.5862068965517241,0.5517241379310345,C2,C2,C2
