model_type,variant,dataset,M-of-N count,RMSE (test),MAE (test),MAPE (test),rRMSE (test),rMAE (test),rMAPE (test),maxError (test),R2 (test),RMSE (train),MAE (train),MAPE (train),rRMSE (train),rMAE (train),rMAPE (train),maxError (train),R2 (train),rules,plain conditions count,complex conditions count,conditions_count,avg conditions per rule,avg rule quality,avg rule precision,avg rule coverage,training time total (s),training time growing (s),training time pruning (s),pvalue significance fdr,pvalue significance fwer,induction measure,pruning measure,voting measure
exact_M-of-N,no_discretization,cpu,0.3333333333333333,0.2941194276034254,0.1854562757826042,2448231231446.7524,1.1694970277965318,0.7374234510153234,24482312314.467525,0.7170891251022077,0.0390373326889881,0.0968246558018933,0.0349153072135056,485566875753.9913,1.4306479121261182,0.5158966066292705,4855668757.539913,0.6650603180865554,0.4430542936785451,15,1.2,1.1333333333333333,40.0,2.6666666666666665,0.6650474290144008,0.8702216139401582,0.2326241134751772,8.140722751617432,1.319304524,0.6631595819999999,0.7333333333333333,0.7333333333333333,C2,C2,C2
