model_type,variant,dataset,M-of-N count,RMSE (test),MAE (test),MAPE (test),rRMSE (test),rMAE (test),rMAPE (test),maxError (test),R2 (test),RMSE (train),MAE (train),MAPE (train),rRMSE (train),rMAE (train),rMAPE (train),maxError (train),R2 (train),rules,plain conditions count,complex conditions count,conditions_count,avg conditions per rule,avg rule quality,avg rule precision,avg rule coverage,training time total (s),training time growing (s),training time pruning (s),pvalue significance fdr,pvalue significance fwer,induction measure,pruning measure,voting measure
at_least_M-of-N,no_discretization,concrete,0.13333333333333333,0.288900860048171,0.2141049931208186,329023169167862.75,0.5434768654371532,0.4027717692371834,3290231691678.6274,0.7305781960905977,-0.1260893809930043,0.1259271943052943,0.0823899572508633,15363389530112.61,0.2820355410520917,0.1845264344901633,153633895301.1261,0.4046927914852443,0.5794185320252958,15,2.4,0.8666666666666667,51.0,3.4,0.4853648519424485,0.8192588308377782,0.1283154121863799,1.3388574123382568,0.6606801669999999,0.109074421,0.6,0.2666666666666666,C2,C2,C2
