model_type,variant,dataset,M-of-N count,RMSE (test),MAE (test),MAPE (test),rRMSE (test),rMAE (test),rMAPE (test),maxError (test),R2 (test),RMSE (train),MAE (train),MAPE (train),rRMSE (train),rMAE (train),rMAPE (train),maxError (train),R2 (train),rules,plain conditions count,complex conditions count,conditions_count,avg conditions per rule,avg rule quality,avg rule precision,avg rule coverage,training time total (s),training time growing (s),training time pruning (s),pvalue significance fdr,pvalue significance fwer,induction measure,pruning measure,voting measure
exact_M-of-N,no_discretization,pollution,2.727272727272727,0.4694329681501686,0.4289855423572509,189166937113484.75,1.778792269128901,1.625527430082506,1891669371134.8477,0.7479790131025534,-0.8580227593335639,0.1659222705483865,0.1044011349292242,56943839654632.95,0.3133920466232694,0.1971916442387415,569438396546.3295,0.682779908467472,0.3929844974523332,11,1.0909090909090908,0,42.0,3.8181818181818183,0.4648259147923452,0.7878000787091696,0.1397306397306397,0.6647293567657471,0.327820789,0.243697512,0.3636363636363636,0.0909090909090909,C2,C2,C2
