model_type,variant,dataset,M-of-N count,RMSE (test),MAE (test),MAPE (test),rRMSE (test),rMAE (test),rMAPE (test),maxError (test),R2 (test),RMSE (train),MAE (train),MAPE (train),rRMSE (train),rMAE (train),rMAPE (train),maxError (train),R2 (train),rules,plain conditions count,complex conditions count,conditions_count,avg conditions per rule,avg rule quality,avg rule precision,avg rule coverage,training time total (s),training time growing (s),training time pruning (s),pvalue significance fdr,pvalue significance fwer,induction measure,pruning measure,voting measure
complex,no_discretization,auto-price,0,0.2135249053021091,0.1260525925922583,28803585440787.188,0.8761498179160421,0.5172275144732791,288035854407.8719,0.5603580733515933,0.3763336699444527,0.1464258774268656,0.0893318286545724,2897442817459.829,0.7010582965660941,0.4277032224511582,28974428174.59829,0.5603580733515933,0.4418309923039949,12,0.8333333333333334,3.5833333333333335,53.0,4.416666666666667,0.6057100845231826,0.8928056397793239,0.2132867132867132,750.208657118,731.3518738,18.840168227,0.9166666666666666,0.8333333333333334,C2,C2,C2
