model_type,variant,dataset,M-of-N count,RMSE (test),MAE (test),MAPE (test),rRMSE (test),rMAE (test),rMAPE (test),maxError (test),R2 (test),RMSE (train),MAE (train),MAPE (train),rRMSE (train),rMAE (train),rMAPE (train),maxError (train),R2 (train),rules,plain conditions count,complex conditions count,conditions_count,avg conditions per rule,avg rule quality,avg rule precision,avg rule coverage,training time total (s),training time growing (s),training time pruning (s),pvalue significance fdr,pvalue significance fwer,induction measure,pruning measure,voting measure
complex,no_discretization,strike,0,0.1313715877043908,0.0388142448345569,250456781107.1449,3.04033485600117,0.8982787187242207,2504567811.071449,0.9807142857142858,-0.0399892823739569,0.0750510056894542,0.032885802407997,359704963055.875,1.7083397831516292,0.7485592503171375,3597049630.55875,0.9113417569985036,0.0267831337613956,53,1.6226415094339623,6.509433962264151,431.0,8.132075471698114,0.518336115008038,0.9188260282237164,0.0823876989189552,2245.134958597,2201.883050045,43.231102528,0.8301886792452831,0.8113207547169812,C2,C2,C2
