model_type,variant,dataset,M-of-N count,RMSE (test),MAE (test),MAPE (test),rRMSE (test),rMAE (test),rMAPE (test),maxError (test),R2 (test),RMSE (train),MAE (train),MAPE (train),rRMSE (train),rMAE (train),rMAPE (train),maxError (train),R2 (train),rules,plain conditions count,complex conditions count,conditions_count,avg conditions per rule,avg rule quality,avg rule precision,avg rule coverage,training time total (s),training time growing (s),training time pruning (s),pvalue significance fdr,pvalue significance fwer,induction measure,pruning measure,voting measure
plain,no_discretization,mbagrade,0,0.2719412336344155,0.2229064442394275,354562759178516.6,0.46612887267011,0.3820793491872931,3545627591785.166,0.4723724866975362,0.2737204160900242,0.2254300933902047,0.1684875594600083,44186015649610.88,0.4346900428440412,0.3248894738892981,441860156496.1088,0.5396196513470681,0.2047085583870188,7,1.1428571428571428,0.42857142857142855,11.0,1.5714285714285714,0.3798206417904061,0.7308673469387755,0.2311688311688311,0.034156079,0.029638849,0.002345878,0.1428571428571428,0.1428571428571428,C2,C2,C2
