model_type,variant,dataset,M-of-N count,RMSE (test),MAE (test),MAPE (test),rRMSE (test),rMAE (test),rMAPE (test),maxError (test),R2 (test),RMSE (train),MAE (train),MAPE (train),rRMSE (train),rMAE (train),rMAPE (train),maxError (train),R2 (train),rules,plain conditions count,complex conditions count,conditions_count,avg conditions per rule,avg rule quality,avg rule precision,avg rule coverage,training time total (s),training time growing (s),training time pruning (s),pvalue significance fdr,pvalue significance fwer,induction measure,pruning measure,voting measure
at_least_M-of-N,no_discretization,strike,0.1590909090909091,0.1321021959679773,0.0398935900622898,1325689871364.9475,3.057243335290184,0.9232580234192292,13256898713.649475,0.9858113980834786,-0.0515890143541799,0.077966179034368,0.0335497496146998,1007344680470.148,1.774696077169943,0.7636722713446761,10073446804.70148,0.9913183181192202,-0.0502896749727252,44,2.340909090909091,2.3181818181818183,212.0,4.818181818181818,0.4786480124053113,0.9203470547097102,0.1321174377224199,11601.335425376892,73.535848195,340.1324608919999,0.6136363636363636,0.5681818181818182,C2,C2,C2
