model_type,variant,dataset,M-of-N count,RMSE (test),MAE (test),MAPE (test),rRMSE (test),rMAE (test),rMAPE (test),maxError (test),R2 (test),RMSE (train),MAE (train),MAPE (train),rRMSE (train),rMAE (train),rMAPE (train),maxError (train),R2 (train),rules,plain conditions count,complex conditions count,conditions_count,avg conditions per rule,avg rule quality,avg rule precision,avg rule coverage,training time total (s),training time growing (s),training time pruning (s),pvalue significance fdr,pvalue significance fwer,induction measure,pruning measure,voting measure
plain,no_discretization,pyrim,0,0.390860790149006,0.326120242621522,391988440527033.44,0.9712890635202802,0.8104088029144825,3919884405270.335,0.618204225352113,-0.3631505904910628,0.1160926948826246,0.0692738560625661,44027727700413.14,0.1663210233263485,0.0992456815800269,440277277004.1314,0.655,0.4918233791063944,17,4.647058823529412,0.11764705882352941,81.0,4.764705882352941,0.5383999987644071,0.8068627450980393,0.1483757682177348,0.262447069,0.185896077,0.0695359879999999,0.7058823529411765,0.2941176470588235,C2,C2,C2
