dataset,RMSE (test),MAE (test),MAPE (test),rRMSE (test),rMAE (test),rMAPE (test),maxError (test),R2 (test),RMSE (train),MAE (train),MAPE (train),rRMSE (train),rMAE (train),rMAPE (train),maxError (train),R2 (train),rules,conditions_count,avg conditions per rule
breasttumor,0.2927632914618672,0.23448275862068965,124237231099876.27,0.636441937960581,0.509745127436282,1242372310998.7627,0.6,-1.018843404808317,0.03650062629386457,0.008715953307392997,4731408168832.835,0.07345858228287545,0.01754111198120595,47314081688.32835,0.20000000000000007,0.9687725431401712,204,407,16.624078624078624
