model_type,variant,dataset,M-of-N count,RMSE (test),MAE (test),MAPE (test),rRMSE (test),rMAE (test),rMAPE (test),maxError (test),R2 (test),RMSE (train),MAE (train),MAPE (train),rRMSE (train),rMAE (train),rMAPE (train),maxError (train),R2 (train),rules,plain conditions count,complex conditions count,conditions_count,avg conditions per rule,avg rule quality,avg rule precision,avg rule coverage,training time total (s),training time growing (s),training time pruning (s),pvalue significance fdr,pvalue significance fwer,induction measure,pruning measure,voting measure
exact_M-of-N,no_discretization,auto-price,0.07142857142857142,0.2826271826853621,0.2128226669548029,93076598618536.0,0.7844215669681502,0.5906816475076218,930765986185.36,0.5793974213374307,0.2810104912096788,0.1247113889857933,0.0738421222534749,2611122522721.3623,0.607180801516216,0.3595142299363759,26111225227.213623,0.6703019061755641,0.593867757615482,14,3.0714285714285716,0.5,51.0,3.642857142857143,0.4890328267300496,0.7782043812073758,0.1076388888888889,1.6463801860809326,0.7077868359999999,0.215191738,0.7857142857142857,0.7142857142857143,C2,C2,C2
