model_type,variant,dataset,M-of-N count,RMSE (test),MAE (test),MAPE (test),rRMSE (test),rMAE (test),rMAPE (test),maxError (test),R2 (test),RMSE (train),MAE (train),MAPE (train),rRMSE (train),rMAE (train),rMAPE (train),maxError (train),R2 (train),rules,plain conditions count,complex conditions count,conditions_count,avg conditions per rule,avg rule quality,avg rule precision,avg rule coverage,training time total (s),training time growing (s),training time pruning (s),pvalue significance fdr,pvalue significance fwer,induction measure,pruning measure,voting measure
plain,no_discretization,cholesterol,0,0.2701859801608983,0.2211719442821288,82257527440559.52,0.8878149111132205,0.7267577316063636,822575274405.5952,0.618537016853212,0.0614129997900325,0.1002776877276395,0.0607910387425489,2636459212838.749,0.3698406659987283,0.2242073861571681,26364592128.38749,0.8242009132420092,0.245865493404042,71,4.957746478873239,0.16901408450704225,364.0,5.126760563380282,0.3577371540351513,0.7741525297863323,0.0241448692152917,3.651922597,3.1708088059999997,0.4726940259999999,0.0422535211267605,0.0422535211267605,C2,C2,C2
