model_type,variant,dataset,M-of-N count,RMSE (test),MAE (test),MAPE (test),rRMSE (test),rMAE (test),rMAPE (test),maxError (test),R2 (test),RMSE (train),MAE (train),MAPE (train),rRMSE (train),rMAE (train),rMAPE (train),maxError (train),R2 (train),rules,plain conditions count,complex conditions count,conditions_count,avg conditions per rule,avg rule quality,avg rule precision,avg rule coverage,training time total (s),training time growing (s),training time pruning (s),pvalue significance fdr,pvalue significance fwer,induction measure,pruning measure,voting measure
complex,no_discretization,servo,0,0.3277373833796881,0.1755444719841051,17118095601521.611,1.4966397930416695,0.8016383102550366,171180956015.21613,0.9085210493538398,-0.188959360049276,0.2426423477003417,0.125747687992357,2036242159287.0237,1.3460667821046004,0.6975896307350433,20362421592.870235,0.9201213483580554,-0.1728820562562711,23,0.17391304347826086,2.869565217391304,70.0,3.0434782608695654,0.478351623924511,0.8489001125342577,0.1976811594202898,0.370965029,0.3514746569999999,0.012947914,0.8260869565217391,0.782608695652174,C2,C2,C2
