model_type,variant,dataset,M-of-N count,RMSE (test),MAE (test),MAPE (test),rRMSE (test),rMAE (test),rMAPE (test),maxError (test),R2 (test),RMSE (train),MAE (train),MAPE (train),rRMSE (train),rMAE (train),rMAPE (train),maxError (train),R2 (train),rules,plain conditions count,complex conditions count,conditions_count,avg conditions per rule,avg rule quality,avg rule precision,avg rule coverage,training time total (s),training time growing (s),training time pruning (s),pvalue significance fdr,pvalue significance fwer,induction measure,pruning measure,voting measure
exact_M-of-N,no_discretization,pyrim,0.09090909090909091,0.5256152883274446,0.4940055321079665,547367183472965.5,0.796808512447511,0.748889581260753,5473671834729.655,0.8507795100222716,-2.3249961961126338,0.1518983115775309,0.1067565690829582,19910871603240.484,0.3061064380484233,0.2151365131111088,199108716032.40485,0.5701559020044544,0.6181259326223236,11,2,0.6363636363636364,30.0,2.727272727272727,0.5069813720913519,0.7836074279256097,0.1383989145183175,0.9584405422210692,0.5727429669999999,0.169929745,0.2727272727272727,0.2727272727272727,C2,C2,C2
