dataset,RMSE (test),MAE (test),MAPE (test),rRMSE (test),rMAE (test),rMAPE (test),maxError (test),R2 (test),RMSE (train),MAE (train),MAPE (train),rRMSE (train),rMAE (train),rMAPE (train),maxError (train),R2 (train),rules,conditions_count,avg conditions per rule
breasttumor,0.2742392073667492,0.2235714285714286,96505706300796.97,0.6795307793158388,0.5539823008849558,965057063007.9697,0.575,-0.6585766526019692,0.037208817826303045,0.009612403100775196,4713069377480.771,0.07594837815811854,0.019620253164556962,47130693774.80772,0.20000000000000007,0.9686430071268244,196,391,14.18925831202046
