model_type,variant,dataset,M-of-N count,RMSE (test),MAE (test),MAPE (test),rRMSE (test),rMAE (test),rMAPE (test),maxError (test),R2 (test),RMSE (train),MAE (train),MAPE (train),rRMSE (train),rMAE (train),rMAPE (train),maxError (train),R2 (train),rules,plain conditions count,complex conditions count,conditions_count,avg conditions per rule,avg rule quality,avg rule precision,avg rule coverage,training time total (s),training time growing (s),training time pruning (s),pvalue significance fdr,pvalue significance fwer,induction measure,pruning measure,voting measure
exact_M-of-N,no_discretization,ele-1,0,0.1652070422704776,0.1016561269577824,6274983119817.091,0.6441142323784901,0.3963399942405678,62749831198.170906,0.7442947827723538,0.186689344454086,0.1284548270846453,0.0824216642604216,853702003026.6819,0.5887772182749214,0.3777825972772748,8537020030.266819,0.7314022383146808,0.2940459633825315,12,0.9166666666666666,1.75,32.0,2.6666666666666665,0.4912314401239916,0.794641668830726,0.2130044843049327,747.545746088028,16.160524258000002,167.985788802,0.8333333333333334,0.75,C2,C2,C2
