model_type,variant,dataset,M-of-N count,RMSE (test),MAE (test),MAPE (test),rRMSE (test),rMAE (test),rMAPE (test),maxError (test),R2 (test),RMSE (train),MAE (train),MAPE (train),rRMSE (train),rMAE (train),rMAPE (train),maxError (train),R2 (train),rules,plain conditions count,complex conditions count,conditions_count,avg conditions per rule,avg rule quality,avg rule precision,avg rule coverage,training time total (s),training time growing (s),training time pruning (s),pvalue significance fdr,pvalue significance fwer,induction measure,pruning measure,voting measure
exact_M-of-N,no_discretization,machine,0.6666666666666666,0.2842152830811169,0.1979329793479269,5418111361067.839,1.1333084412859538,0.7892577551498589,54181113610.67839,0.7272727272727273,-0.1698727961133106,0.1256487312509554,0.0489300393047114,1286123830390.9983,1.4133642221550993,0.550391287308729,12861238303.909985,0.9733198721463162,0.2565114447382319,9,1.4444444444444444,1.7777777777777777,35.0,3.888888888888889,0.6680150389553527,0.9084713821146866,0.4196217494089834,9.65346622467041,0.482718105,0.095300515,0.7777777777777778,0.7777777777777778,C2,C2,C2
