model_type,variant,dataset,M-of-N count,RMSE (test),MAE (test),MAPE (test),rRMSE (test),rMAE (test),rMAPE (test),maxError (test),R2 (test),RMSE (train),MAE (train),MAPE (train),rRMSE (train),rMAE (train),rMAPE (train),maxError (train),R2 (train),rules,plain conditions count,complex conditions count,conditions_count,avg conditions per rule,avg rule quality,avg rule precision,avg rule coverage,training time total (s),training time growing (s),training time pruning (s),pvalue significance fdr,pvalue significance fwer,induction measure,pruning measure,voting measure
plain,no_discretization,veteran,0,0.3084496374342726,0.191594976052827,11663199520341.418,1.2188976010687684,0.7571241082667273,116631995203.41418,0.8907815631262526,-0.3098752319021407,0.160955979037956,0.0725581614093787,2331919247613.313,1.3116902510008142,0.5913034950306635,23319192476.13313,0.9819639278557116,0.0122207802680869,24,2.9583333333333335,0.25,77.0,3.2083333333333335,0.3834104618638449,0.7751488171051196,0.0958672086720867,0.338809084,0.279348438,0.055225867,0.5833333333333334,0.2916666666666667,C2,C2,C2
