model_type,variant,dataset,M-of-N count,RMSE (test),MAE (test),MAPE (test),rRMSE (test),rMAE (test),rMAPE (test),maxError (test),R2 (test),RMSE (train),MAE (train),MAPE (train),rRMSE (train),rMAE (train),rMAPE (train),maxError (train),R2 (train),rules,plain conditions count,complex conditions count,conditions_count,avg conditions per rule,avg rule quality,avg rule precision,avg rule coverage,training time total (s),training time growing (s),training time pruning (s),pvalue significance fdr,pvalue significance fwer,induction measure,pruning measure,voting measure
at_least_M-of-N,no_discretization,pyrim,1.4615384615384615,0.4819851248093003,0.4588848834115513,390224523664875.8,1.4403290889242897,1.371298017354363,3902245236648.7583,0.6931780015138038,-1.566170478445931,0.1149887295370828,0.068762488990681,44268337246312.34,0.1647510289687933,0.098520010276456,442683372463.1234,0.6487499999999999,0.5102808758386858,13,1,0.5384615384615384,39.0,3.0,0.4476641480284981,0.7436817568396515,0.1468531468531468,1.6977708339691162,0.675596095,0.944256358,0.1538461538461538,0.1538461538461538,C2,C2,C2
