model_type,variant,dataset,M-of-N count,RMSE (test),MAE (test),MAPE (test),rRMSE (test),rMAE (test),rMAPE (test),maxError (test),R2 (test),RMSE (train),MAE (train),MAPE (train),rRMSE (train),rMAE (train),rMAPE (train),maxError (train),R2 (train),rules,plain conditions count,complex conditions count,conditions_count,avg conditions per rule,avg rule quality,avg rule precision,avg rule coverage,training time total (s),training time growing (s),training time pruning (s),pvalue significance fdr,pvalue significance fwer,induction measure,pruning measure,voting measure
exact_M-of-N,no_discretization,lowbwt,0.5,0.2501599086049263,0.1937273301246657,89436488356207.97,0.5697824226222052,0.4412474728749963,894364883562.0797,0.5855721184607416,0.0550050447805394,0.147952336255589,0.108051689981458,15872779922510.594,0.2827896548142537,0.2065252964925654,158727799225.10593,0.5991590749824808,0.2868261867750525,6,0,1.3333333333333333,11.0,1.8333333333333333,0.4902439786901205,0.7936971448285965,0.3313725490196078,0.0825631618499755,0.030412105,0.001191442,0.6666666666666666,0.6666666666666666,C2,C2,C2
