model_type,variant,dataset,M-of-N count,RMSE (test),MAE (test),MAPE (test),rRMSE (test),rMAE (test),rMAPE (test),maxError (test),R2 (test),RMSE (train),MAE (train),MAPE (train),rRMSE (train),rMAE (train),rMAPE (train),maxError (train),R2 (train),rules,plain conditions count,complex conditions count,conditions_count,avg conditions per rule,avg rule quality,avg rule precision,avg rule coverage,training time total (s),training time growing (s),training time pruning (s),pvalue significance fdr,pvalue significance fwer,induction measure,pruning measure,voting measure
complex,no_discretization,veteran,0,0.3293613691302438,0.2058369176221129,7821707876150.046,1.3015342992683063,0.813403858042939,78217078761.50046,0.937175123880046,-0.4935051369731322,0.1566270818057934,0.0828105309260813,2496056867747.922,1.2764124543575894,0.6748538746133038,24960568677.479218,0.9208416833667334,0.0646387581523584,17,1.2941176470588236,2.6470588235294117,67.0,3.9411764705882355,0.4744992698155392,0.8600147818911641,0.1377331420373027,2.2174669,2.115157568,0.0895342559999999,0.8235294117647058,0.8235294117647058,C2,C2,C2
