model_type,variant,dataset,M-of-N count,RMSE (test),MAE (test),MAPE (test),rRMSE (test),rMAE (test),rMAPE (test),maxError (test),R2 (test),RMSE (train),MAE (train),MAPE (train),rRMSE (train),rMAE (train),rMAPE (train),maxError (train),R2 (train),rules,plain conditions count,complex conditions count,conditions_count,avg conditions per rule,avg rule quality,avg rule precision,avg rule coverage,training time total (s),training time growing (s),training time pruning (s),pvalue significance fdr,pvalue significance fwer,induction measure,pruning measure,voting measure
at_least_M-of-N,no_discretization,echomonths,0.4,0.3042863568763437,0.2162969314090584,197897538970778.25,0.7131064622034041,0.50689995149946,1978975389707.7825,0.7607304749474345,0.2975146850911917,0.1874618425962757,0.1246199341529248,16263115082008.666,0.4845670652226987,0.3221280390952928,162631150820.08667,0.8078848886647907,0.5233440853155631,15,1.3333333333333333,1.2666666666666666,45.0,3.0,0.5249343275174003,0.8258361080100209,0.1356125356125356,0.3586995601654053,0.237163803,0.032486707,0.6,0.4666666666666667,C2,C2,C2
