model_type,variant,dataset,M-of-N count,RMSE (test),MAE (test),MAPE (test),rRMSE (test),rMAE (test),rMAPE (test),maxError (test),R2 (test),RMSE (train),MAE (train),MAPE (train),rRMSE (train),rMAE (train),rMAPE (train),maxError (train),R2 (train),rules,plain conditions count,complex conditions count,conditions_count,avg conditions per rule,avg rule quality,avg rule precision,avg rule coverage,training time total (s),training time growing (s),training time pruning (s),pvalue significance fdr,pvalue significance fwer,induction measure,pruning measure,voting measure
plain,no_discretization,servo,0,0.1557550487953437,0.0964388779627765,25749035502644.426,0.9569892815696104,0.5925392033888016,257490355026.44424,0.459207101304948,0.5517550138125791,0.1524954382031418,0.0795846948419274,1604924738195.2732,0.8113539321019603,0.4234313882171072,16049247381.952732,0.4878789357226289,0.5555136716523295,19,2.1578947368421053,0,41.0,2.1578947368421053,0.374760838980553,0.7142907801418439,0.0759846636458696,0.044801142,0.038141601,0.002948301,0.9473684210526316,0.9473684210526316,C2,C2,C2
