model_type,variant,dataset,M-of-N count,RMSE (test),MAE (test),MAPE (test),rRMSE (test),rMAE (test),rMAPE (test),maxError (test),R2 (test),RMSE (train),MAE (train),MAPE (train),rRMSE (train),rMAE (train),rMAPE (train),maxError (train),R2 (train),rules,plain conditions count,complex conditions count,conditions_count,avg conditions per rule,avg rule quality,avg rule precision,avg rule coverage,training time total (s),training time growing (s),training time pruning (s),pvalue significance fdr,pvalue significance fwer,induction measure,pruning measure,voting measure
at_least_M-of-N,no_discretization,dee,0,0.134014979147492,0.1101844623591844,36495044444841.27,0.3363126927546241,0.2765096369933012,364950444448.4127,0.2917269981171398,0.7281498382770988,0.1324108678358994,0.0979351342700491,3993378723447.87,0.2590587052219619,0.1916077546684526,39933787234.4787,0.4595016970724694,0.6585311675480661,11,1.9090909090909092,0.8181818181818182,30.0,2.727272727272727,0.4998256129669914,0.7713476102715837,0.2625034539928156,656.5593757629395,6.673975863000001,12.180834441999998,1.0,1.0,C2,C2,C2
