model_type,variant,dataset,M-of-N count,RMSE (test),MAE (test),MAPE (test),rRMSE (test),rMAE (test),rMAPE (test),maxError (test),R2 (test),RMSE (train),MAE (train),MAPE (train),rRMSE (train),rMAE (train),rMAPE (train),maxError (train),R2 (train),rules,plain conditions count,complex conditions count,conditions_count,avg conditions per rule,avg rule quality,avg rule precision,avg rule coverage,training time total (s),training time growing (s),training time pruning (s),pvalue significance fdr,pvalue significance fwer,induction measure,pruning measure,voting measure
at_least_M-of-N,no_discretization,cpu,0.08333333333333333,0.1561087371206169,0.0524975618211022,5094491277692.277,1.6734334079624296,0.5627562903165859,50944912776.922775,0.6955343701364338,0.465617054996356,0.1115309846517221,0.0317355390491261,670713024623.6993,1.3308736874035314,0.3786929166629315,6707130246.236994,0.9813084112149532,0.3858971121785562,12,1.8333333333333333,1.25,38.0,3.1666666666666665,0.7256174075867068,0.8864081141509202,0.2624113475177305,10.816605567932127,1.0889724040000002,0.568369684,0.75,0.75,C2,C2,C2
