model_type,variant,dataset,M-of-N count,RMSE (test),MAE (test),MAPE (test),rRMSE (test),rMAE (test),rMAPE (test),maxError (test),R2 (test),RMSE (train),MAE (train),MAPE (train),rRMSE (train),rMAE (train),rMAPE (train),maxError (train),R2 (train),rules,plain conditions count,complex conditions count,conditions_count,avg conditions per rule,avg rule quality,avg rule precision,avg rule coverage,training time total (s),training time growing (s),training time pruning (s),pvalue significance fdr,pvalue significance fwer,induction measure,pruning measure,voting measure
exact_M-of-N,no_discretization,pollution,2.142857142857143,0.4964548479009642,0.4524936648736864,124503435543622.02,0.626993543652595,0.5714731311800961,1245034355436.2202,0.7601181648701646,-0.9445649981331146,0.1502635208170355,0.0966271763937646,13833715060402.76,0.3709343591971845,0.2385298811166343,138337150604.0276,0.6035273953668381,0.4969215332458201,14,1.3571428571428572,0.14285714285714285,51.0,3.642857142857143,0.3906834059733855,0.7231292517006802,0.0965608465608465,0.8863763809204102,0.47634187,0.258664927,0.0,0.0,C2,C2,C2
