model_type,variant,dataset,M-of-N count,RMSE (test),MAE (test),MAPE (test),rRMSE (test),rMAE (test),rMAPE (test),maxError (test),R2 (test),RMSE (train),MAE (train),MAPE (train),rRMSE (train),rMAE (train),rMAPE (train),maxError (train),R2 (train),rules,plain conditions count,complex conditions count,conditions_count,avg conditions per rule,avg rule quality,avg rule precision,avg rule coverage,training time total (s),training time growing (s),training time pruning (s),pvalue significance fdr,pvalue significance fwer,induction measure,pruning measure,voting measure
exact_M-of-N,no_discretization,auto-price,0.14285714285714285,0.2276800692770921,0.1460573055143311,22137406795671.715,0.8256186767030836,0.5296363431565982,221374067956.7172,0.6468701984100474,0.3376347545402778,0.1409102209998727,0.0858456448328457,2799280020365.144,0.6675617626678644,0.406693493029336,27992800203.65144,0.6468701984100474,0.4687841269244471,7,1.8571428571428572,0,14.0,2.0,0.506830494105381,0.7764093033080375,0.2827172827172827,0.9349584579467772,0.343032616,0.1877988229999999,0.7142857142857143,0.7142857142857143,C2,C2,C2
