model_type,variant,dataset,M-of-N count,RMSE (test),MAE (test),MAPE (test),rRMSE (test),rMAE (test),rMAPE (test),maxError (test),R2 (test),RMSE (train),MAE (train),MAPE (train),rRMSE (train),rMAE (train),rMAPE (train),maxError (train),R2 (train),rules,plain conditions count,complex conditions count,conditions_count,avg conditions per rule,avg rule quality,avg rule precision,avg rule coverage,training time total (s),training time growing (s),training time pruning (s),pvalue significance fdr,pvalue significance fwer,induction measure,pruning measure,voting measure
complex,no_discretization,pyrim,0,0.3638304575157818,0.3224598374453255,353305464901153.4,0.6866815332109123,0.6085999976137041,3533054649011.5337,0.6275965789746478,-0.3025227504431738,0.144985310374157,0.081496084061423,60133290479094.78,0.2115813379330447,0.1189296381648693,601332904790.9478,0.8812500000000001,0.1521227643022029,9,0,2.5555555555555554,23.0,2.5555555555555554,0.421957651776911,0.7604564884296342,0.1952861952861953,147.122028411,129.88567272900002,17.213059352,0.2222222222222222,0.1111111111111111,C2,C2,C2
