dataset,BAcc (test),BAcc (train),Acc (test),Acc (train),rules,conditions_count,avg conditions per rule
lymphography,0.8571428571428572,1.0,0.8666666666666667,1.0,21,41,3.902439024390244
lymphography,0.5277777777777778,1.0,0.7333333333333333,1.0,20,39,3.7948717948717943
lymphography,0.8055555555555555,1.0,0.7333333333333333,1.0,22,43,3.72093023255814
lymphography,0.625,1.0,0.8666666666666667,1.0,21,41,4.097560975609756
lymphography,0.875,1.0,0.8,1.0,20,39,3.743589743589744
lymphography,0.8888888888888888,1.0,0.8666666666666667,1.0,22,43,4.0
lymphography,0.5277777777777778,1.0,0.7333333333333333,1.0,23,45,4.088888888888889
lymphography,0.5,1.0,0.7333333333333333,1.0,20,39,3.948717948717949
lymphography,0.9166666666666669,1.0,0.9285714285714286,1.0,21,41,3.8536585365853657
