model_type,variant,dataset,M-of-N count,RMSE (test),MAE (test),MAPE (test),rRMSE (test),rMAE (test),rMAPE (test),maxError (test),R2 (test),RMSE (train),MAE (train),MAPE (train),rRMSE (train),rMAE (train),rMAPE (train),maxError (train),R2 (train),rules,plain conditions count,complex conditions count,conditions_count,avg conditions per rule,avg rule quality,avg rule precision,avg rule coverage,training time total (s),training time growing (s),training time pruning (s),pvalue significance fdr,pvalue significance fwer,induction measure,pruning measure,voting measure
plain,no_discretization,kidney,0,0.3129908958646167,0.2886268444247105,252584862623403.88,0.7559025409560556,0.6970610582332631,2525848626234.0386,0.4790903518795865,0.0254822575291354,0.131340892671331,0.0872892516036003,1128096412026.2378,0.3726871231687247,0.2476881297365947,11280964120.26238,0.4449080071778748,0.7259513347758757,22,2.5454545454545454,0.2727272727272727,62.0,2.8181818181818183,0.5252395387629701,0.8294281077773903,0.0795454545454545,0.119742139,0.107721546,0.009660286,0.4545454545454545,0.3636363636363636,C2,C2,C2
