model_type,variant,dataset,M-of-N count,RMSE (test),MAE (test),MAPE (test),rRMSE (test),rMAE (test),rMAPE (test),maxError (test),R2 (test),RMSE (train),MAE (train),MAPE (train),rRMSE (train),rMAE (train),rMAPE (train),maxError (train),R2 (train),rules,plain conditions count,complex conditions count,conditions_count,avg conditions per rule,avg rule quality,avg rule precision,avg rule coverage,training time total (s),training time growing (s),training time pruning (s),pvalue significance fdr,pvalue significance fwer,induction measure,pruning measure,voting measure
plain,no_discretization,concrete,0,0.3556743212780164,0.3316204077578898,177087732581005.2,0.8762591923845967,0.8169986228863572,1770877325810.0518,0.6052249637155298,0.0266081311728108,0.1362318671424567,0.0885025976133827,1557966068013.0835,0.3002469351325258,0.195054462968628,15579660680.130836,0.56966618287373,0.5024703053311046,26,2.423076923076923,0.46153846153846156,75.0,2.8846153846153846,0.3740475128119807,0.7052702639241102,0.0665839536807278,11.993215593,9.852310016000002,2.135428554,0.3461538461538461,0.1153846153846153,C2,C2,C2
