model_type,variant,dataset,M-of-N count,RMSE (test),MAE (test),MAPE (test),rRMSE (test),rMAE (test),rMAPE (test),maxError (test),R2 (test),RMSE (train),MAE (train),MAPE (train),rRMSE (train),rMAE (train),rMAPE (train),maxError (train),R2 (train),rules,plain conditions count,complex conditions count,conditions_count,avg conditions per rule,avg rule quality,avg rule precision,avg rule coverage,training time total (s),training time growing (s),training time pruning (s),pvalue significance fdr,pvalue significance fwer,induction measure,pruning measure,voting measure
complex,no_discretization,fishcatch,0,0.1863059284120159,0.0988715778130228,1759218604442.4224,0.6597424654590216,0.3501218617473696,17592186044.424225,0.6525000000000001,0.4923122942070582,0.1236466658003237,0.0691667024497687,2775105404189.9824,0.5067376613484174,0.2834639560696174,27751054041.899822,0.6525000000000001,0.6770028691576211,21,0.7619047619047619,2.5714285714285716,70.0,3.3333333333333335,0.7190754307039329,0.8767419088847661,0.079141515761234,87.293800208,86.404405175,0.8762139700000001,0.9523809523809524,0.9523809523809524,C2,C2,C2
