model_type,variant,dataset,M-of-N count,RMSE (test),MAE (test),MAPE (test),rRMSE (test),rMAE (test),rMAPE (test),maxError (test),R2 (test),RMSE (train),MAE (train),MAPE (train),rRMSE (train),rMAE (train),rMAPE (train),maxError (train),R2 (train),rules,plain conditions count,complex conditions count,conditions_count,avg conditions per rule,avg rule quality,avg rule precision,avg rule coverage,training time total (s),training time growing (s),training time pruning (s),pvalue significance fdr,pvalue significance fwer,induction measure,pruning measure,voting measure
complex,no_discretization,ozone,0,0.2515267779371676,0.169174813717377,32328077456929.41,0.7905127306596698,0.5316922716831849,323280774569.2941,0.8458560024612723,0.1155320361441938,0.136242209192277,0.0878854037009841,3879196284640.847,0.4577088464732289,0.2952530422715116,38791962846.40847,0.6907501348622666,0.6147041326080995,54,1.0740740740740742,5.777777777777778,370.0,6.851851851851852,0.5159454822212332,0.9061574925651844,0.0546826287567028,1562.201799828,1532.2578129349995,29.926208751,0.7037037037037037,0.5925925925925926,C2,C2,C2
