model_type,variant,dataset,M-of-N count,RMSE (test),MAE (test),MAPE (test),rRMSE (test),rMAE (test),rMAPE (test),maxError (test),R2 (test),RMSE (train),MAE (train),MAPE (train),rRMSE (train),rMAE (train),rMAPE (train),maxError (train),R2 (train),rules,plain conditions count,complex conditions count,conditions_count,avg conditions per rule,avg rule quality,avg rule precision,avg rule coverage,training time total (s),training time growing (s),training time pruning (s),pvalue significance fdr,pvalue significance fwer,induction measure,pruning measure,voting measure
exact_M-of-N,no_discretization,pwlinear,3.3617021276595747,0.2896956155179487,0.2167697839896211,77190517630696.08,0.6671671629224969,0.4992194360039172,771905176306.9608,0.7214296735035968,-0.0138315288499497,0.1344576860032359,0.0858867832212422,10165401962632.486,0.2946817995126189,0.188232243066988,101654019626.32486,0.5890829694323145,0.4956111641702653,47,1.0638297872340425,0.44680851063829785,229.0,4.872340425531915,0.393651916160548,0.7644960240704919,0.0333333333333333,68.11475920677185,13.180009165,54.768691992,0.2765957446808511,0.0638297872340425,C2,C2,C2
