model_type,variant,dataset,M-of-N count,RMSE (test),MAE (test),MAPE (test),rRMSE (test),rMAE (test),rMAPE (test),maxError (test),R2 (test),RMSE (train),MAE (train),MAPE (train),rRMSE (train),rMAE (train),rMAPE (train),maxError (train),R2 (train),rules,plain conditions count,complex conditions count,conditions_count,avg conditions per rule,avg rule quality,avg rule precision,avg rule coverage,training time total (s),training time growing (s),training time pruning (s),pvalue significance fdr,pvalue significance fwer,induction measure,pruning measure,voting measure
exact_M-of-N,no_discretization,kidney,0.3333333333333333,0.4026043162018278,0.3103578183579751,139669219431292.72,0.8144639040404792,0.6278502992069382,1396692194312.9272,0.7857142857142857,-0.4044495475536778,0.2098218532465169,0.1503262669222352,21322122839294.61,0.6433185323371469,0.4609037233815394,213221228392.9461,0.6428571428571428,0.1586979075249359,15,1,0.9333333333333333,34.0,2.2666666666666666,0.5158458511382146,0.872475617636908,0.192156862745098,0.1517255306243896,0.099697457,0.010399746,0.8,0.5333333333333333,C2,C2,C2
