model_type,variant,dataset,M-of-N count,RMSE (test),MAE (test),MAPE (test),rRMSE (test),rMAE (test),rMAPE (test),maxError (test),R2 (test),RMSE (train),MAE (train),MAPE (train),rRMSE (train),rMAE (train),rMAPE (train),maxError (train),R2 (train),rules,plain conditions count,complex conditions count,conditions_count,avg conditions per rule,avg rule quality,avg rule precision,avg rule coverage,training time total (s),training time growing (s),training time pruning (s),pvalue significance fdr,pvalue significance fwer,induction measure,pruning measure,voting measure
at_least_M-of-N,no_discretization,ozone,0.06060606060606061,0.1876972935088468,0.1466716772247306,15591749288386.203,0.5578456828818832,0.4359155127455502,155917492883.86206,0.452213962051936,0.5145400336427578,0.14130840978458,0.0999987959213662,3868946361152.0464,0.490163546440262,0.3468708233522393,38689463611.52046,0.6534300310773804,0.5741699289870672,33,2.727272727272727,2,158.0,4.787878787878788,0.4930356734237432,0.8616920941269033,0.0868278747066625,2711.309464454651,34.093287228,69.165961635,0.696969696969697,0.4545454545454545,C2,C2,C2
