model_type,variant,dataset,M-of-N count,RMSE (test),MAE (test),MAPE (test),rRMSE (test),rMAE (test),rMAPE (test),maxError (test),R2 (test),RMSE (train),MAE (train),MAPE (train),rRMSE (train),rMAE (train),rMAPE (train),maxError (train),R2 (train),rules,plain conditions count,complex conditions count,conditions_count,avg conditions per rule,avg rule quality,avg rule precision,avg rule coverage,training time total (s),training time growing (s),training time pruning (s),pvalue significance fdr,pvalue significance fwer,induction measure,pruning measure,voting measure
plain,no_discretization,ele-1,0,0.2013598885758829,0.1421977548762881,12391842158314.611,0.6127357502759269,0.4327060798349604,123918421583.14612,0.685319289005925,0.1723910341670447,0.1143165698107157,0.0808847606406322,2722871146894.981,0.5318762709700215,0.3763293889860013,27228711468.949814,0.685319289005925,0.43063214713107,3,1,0,3.0,1.0,0.3590213370292657,0.6588823262153566,0.3295964125560538,0.10591812,0.1012924289999999,0.0018312659999999,0.6666666666666666,0.3333333333333333,C2,C2,C2
