model_type,variant,dataset,M-of-N count,RMSE (test),MAE (test),MAPE (test),rRMSE (test),rMAE (test),rMAPE (test),maxError (test),R2 (test),RMSE (train),MAE (train),MAPE (train),rRMSE (train),rMAE (train),rMAPE (train),maxError (train),R2 (train),rules,plain conditions count,complex conditions count,conditions_count,avg conditions per rule,avg rule quality,avg rule precision,avg rule coverage,training time total (s),training time growing (s),training time pruning (s),pvalue significance fdr,pvalue significance fwer,induction measure,pruning measure,voting measure
complex,no_discretization,machine,0,0.1758209977067504,0.0765377404308396,8349008389646.353,1.362883620887422,0.5932854105793731,83490083896.46353,0.7355008787346222,0.4032499118654072,0.091114863254188,0.0393544923656255,1124415967482.5042,1.1068293381815808,0.4780636790070064,11244159674.82504,0.7859487988261771,0.4824441594362878,17,1.1764705882352942,4.823529411764706,102.0,6.0,0.513446982566059,0.8377172946781417,0.175531914893617,58.221457495,55.78426680999999,2.425908311,0.7058823529411765,0.7058823529411765,C2,C2,C2
