model_type,variant,dataset,M-of-N count,RMSE (test),MAE (test),MAPE (test),rRMSE (test),rMAE (test),rMAPE (test),maxError (test),R2 (test),RMSE (train),MAE (train),MAPE (train),rRMSE (train),rMAE (train),rMAPE (train),maxError (train),R2 (train),rules,plain conditions count,complex conditions count,conditions_count,avg conditions per rule,avg rule quality,avg rule precision,avg rule coverage,training time total (s),training time growing (s),training time pruning (s),pvalue significance fdr,pvalue significance fwer,induction measure,pruning measure,voting measure
plain,no_discretization,servo,0,0.2234392142272721,0.1662104598075241,11528493090530.896,0.7780099464496455,0.5787408060014531,115284930905.30896,0.4351901547173862,0.3977943244193491,0.1523028132193213,0.0749947828505462,1633209720595.0212,0.8724771365636677,0.4296127695582052,16332097205.950212,0.5221994644509752,0.5684568808344195,12,2.1666666666666665,0,26.0,2.1666666666666665,0.4070663959564771,0.7256559960507328,0.0916666666666666,0.031272116,0.026239022,0.001907492,0.9166666666666666,0.9166666666666666,C2,C2,C2
