model_type,variant,dataset,M-of-N count,RMSE (test),MAE (test),MAPE (test),rRMSE (test),rMAE (test),rMAPE (test),maxError (test),R2 (test),RMSE (train),MAE (train),MAPE (train),rRMSE (train),rMAE (train),rMAPE (train),maxError (train),R2 (train),rules,plain conditions count,complex conditions count,conditions_count,avg conditions per rule,avg rule quality,avg rule precision,avg rule coverage,training time total (s),training time growing (s),training time pruning (s),pvalue significance fdr,pvalue significance fwer,induction measure,pruning measure,voting measure
at_least_M-of-N,no_discretization,auto93,0,0.3110986494744402,0.2431867270535555,34889398504221.133,0.7097617789582945,0.5548228650435139,348893985042.2113,0.667700094906675,0.2907385103413832,0.1042755357843577,0.065932657550735,2834440127077.3125,0.4878624453968214,0.3084718510651659,28344401270.773125,0.5119664554852793,0.6317383373411363,17,2.9411764705882355,0.7647058823529411,63.0,3.7058823529411766,0.5560886254415621,0.8009433340370814,0.1449579831932773,1.0068106651306152,0.5197561810000001,0.074508188,0.7058823529411765,0.5882352941176471,C2,C2,C2
