model_type,variant,dataset,M-of-N count,RMSE (test),MAE (test),MAPE (test),rRMSE (test),rMAE (test),rMAPE (test),maxError (test),R2 (test),RMSE (train),MAE (train),MAPE (train),rRMSE (train),rMAE (train),rMAPE (train),maxError (train),R2 (train),rules,plain conditions count,complex conditions count,conditions_count,avg conditions per rule,avg rule quality,avg rule precision,avg rule coverage,training time total (s),training time growing (s),training time pruning (s),pvalue significance fdr,pvalue significance fwer,induction measure,pruning measure,voting measure
exact_M-of-N,no_discretization,cpu,0.15384615384615385,0.1855631593121275,0.074273405133588,1603004256345.7505,1.529553776122547,0.6122183288357856,16030042563.457504,0.794766966475879,0.2568300306115997,0.1012653134780766,0.0295849820132859,342130290378.7785,1.451337637308841,0.4240128867451022,3421302903.787785,0.9754701553556828,0.3783833048975015,13,1.8461538461538463,0.8461538461538461,37.0,2.8461538461538463,0.6342216178178849,0.8588243905505542,0.1831501831501831,10.499922752380373,1.728817009,0.9485667450000002,0.8461538461538461,0.8461538461538461,C2,C2,C2
