model_type,variant,dataset,M-of-N count,RMSE (test),MAE (test),MAPE (test),rRMSE (test),rMAE (test),rMAPE (test),maxError (test),R2 (test),RMSE (train),MAE (train),MAPE (train),rRMSE (train),rMAE (train),rMAPE (train),maxError (train),R2 (train),rules,plain conditions count,complex conditions count,conditions_count,avg conditions per rule,avg rule quality,avg rule precision,avg rule coverage,training time total (s),training time growing (s),training time pruning (s),pvalue significance fdr,pvalue significance fwer,induction measure,pruning measure,voting measure
complex,no_discretization,cloud,0,0.350731340417682,0.2260891204592231,26308542786063.67,0.824081048322278,0.5312207320292993,263085427860.63672,0.7016666666666667,0.1154996309224958,0.1380653128530609,0.0722420948761423,3933843086829.607,0.6739412235216093,0.352636913678729,39338430868.29607,0.6068699521478532,0.4209745571488255,23,0.8695652173913043,3.391304347826087,98.0,4.260869565217392,0.6100638080394212,0.8456799882457527,0.1649484536082474,28.981114027,28.680003276,0.2891816299999999,0.8695652173913043,0.8695652173913043,C2,C2,C2
