model_type,variant,dataset,M-of-N count,RMSE (test),MAE (test),MAPE (test),rRMSE (test),rMAE (test),rMAPE (test),maxError (test),R2 (test),RMSE (train),MAE (train),MAPE (train),rRMSE (train),rMAE (train),rMAPE (train),maxError (train),R2 (train),rules,plain conditions count,complex conditions count,conditions_count,avg conditions per rule,avg rule quality,avg rule precision,avg rule coverage,training time total (s),training time growing (s),training time pruning (s),pvalue significance fdr,pvalue significance fwer,induction measure,pruning measure,voting measure
complex,no_discretization,cpu,0,0.2289374333086214,0.1203057346425011,4117509006766.304,1.6164973551878317,0.8494631002583565,41175090067.66304,0.8691741618969746,-0.0624713921845521,0.0944024363883625,0.0257934498662179,452496352604.5457,1.2912954836193633,0.3528189164757154,4524963526.045457,0.9738348323793948,0.486218649143431,28,1.3928571428571428,3.2142857142857144,129.0,4.607142857142857,0.6613321609156377,0.8810674478981256,0.0985942249240121,67.322671987,65.666928337,1.632112188,0.8928571428571429,0.8214285714285714,C2,C2,C2
