model_type,variant,dataset,M-of-N count,RMSE (test),MAE (test),MAPE (test),rRMSE (test),rMAE (test),rMAPE (test),maxError (test),R2 (test),RMSE (train),MAE (train),MAPE (train),rRMSE (train),rMAE (train),rMAPE (train),maxError (train),R2 (train),rules,plain conditions count,complex conditions count,conditions_count,avg conditions per rule,avg rule quality,avg rule precision,avg rule coverage,training time total (s),training time growing (s),training time pruning (s),pvalue significance fdr,pvalue significance fwer,induction measure,pruning measure,voting measure
plain,no_discretization,dee,0,0.1558253098231218,0.1226374859583339,44909085035903.88,0.2904917685343248,0.2286225531980535,449090850359.0388,0.3834198005997143,0.6662710444577891,0.1604977780113838,0.1209090456735176,4914064016087.037,0.3170191639179975,0.2388225248004543,49140640160.87037,0.5974825501269615,0.4786149797556177,9,1.1111111111111112,0.1111111111111111,11.0,1.2222222222222223,0.4058930287062978,0.6739428657817066,0.1361026680175616,0.429822337,0.4242069649999999,0.002699548,0.6666666666666666,0.5555555555555556,C2,C2,C2
