model_type,variant,dataset,M-of-N count,RMSE (test),MAE (test),MAPE (test),rRMSE (test),rMAE (test),rMAPE (test),maxError (test),R2 (test),RMSE (train),MAE (train),MAPE (train),rRMSE (train),rMAE (train),rMAPE (train),maxError (train),R2 (train),rules,plain conditions count,complex conditions count,conditions_count,avg conditions per rule,avg rule quality,avg rule precision,avg rule coverage,training time total (s),training time growing (s),training time pruning (s),pvalue significance fdr,pvalue significance fwer,induction measure,pruning measure,voting measure
complex,no_discretization,cpu,0,0.2261839933557855,0.091690262032018,2078377508426.925,1.864381822438656,0.7557814118094356,20783775084.26925,0.9754701553556828,-0.1041507476105536,0.0873208980118081,0.0253539224924759,459418661251.00006,1.2514858390832977,0.3633732094722427,4594186612.51,0.8691741618969746,0.5377918129221816,28,1.1785714285714286,3.1785714285714284,122.0,4.357142857142857,0.7236034500157513,0.8797450944068127,0.1334089191232048,47.708349709,46.703947815,0.989714075,0.9285714285714286,0.8928571428571429,C2,C2,C2
