model_type,variant,dataset,M-of-N count,RMSE (test),MAE (test),MAPE (test),rRMSE (test),rMAE (test),rMAPE (test),maxError (test),R2 (test),RMSE (train),MAE (train),MAPE (train),rRMSE (train),rMAE (train),rMAPE (train),maxError (train),R2 (train),rules,plain conditions count,complex conditions count,conditions_count,avg conditions per rule,avg rule quality,avg rule precision,avg rule coverage,training time total (s),training time growing (s),training time pruning (s),pvalue significance fdr,pvalue significance fwer,induction measure,pruning measure,voting measure
plain,no_discretization,pyrim,0,0.3973189353701031,0.3354734547161127,406655638856644.9,0.8872032141060011,0.7491038074843666,4066556388566.4487,0.6320698346932172,-0.102334765083675,0.1412243434621833,0.0732296617253518,61252315827483.12,0.201921276397061,0.1047031014852448,612523158274.8312,0.91125,0.2429343040135086,12,4.5,0.08333333333333333,55.0,4.583333333333333,0.5804109836574184,0.8422005625952994,0.1604477611940298,0.149923248,0.113074234,0.026752827,0.9166666666666666,0.8333333333333334,C2,C2,C2
