model_type,variant,dataset,M-of-N count,RMSE (test),MAE (test),MAPE (test),rRMSE (test),rMAE (test),rMAPE (test),maxError (test),R2 (test),RMSE (train),MAE (train),MAPE (train),rRMSE (train),rMAE (train),rMAPE (train),maxError (train),R2 (train),rules,plain conditions count,complex conditions count,conditions_count,avg conditions per rule,avg rule quality,avg rule precision,avg rule coverage,training time total (s),training time growing (s),training time pruning (s),pvalue significance fdr,pvalue significance fwer,induction measure,pruning measure,voting measure
plain,no_discretization,cpu,0,0.1661516606684902,0.064367712680977,4033126637447.044,1.3727690160877142,0.5318153381637489,40331266374.47044,0.7334423548650859,0.4326068460656282,0.0813421457841835,0.0360674156314496,901017653047.5378,1.2276016755682713,0.5443232341086598,9010176530.475378,0.704157930835279,0.5501001996812871,6,1.5,0.16666666666666666,10.0,1.6666666666666667,0.4690497719377326,0.7434704184704185,0.1914893617021276,0.058233907,0.052397908,0.002016772,0.1666666666666666,0.1666666666666666,C2,C2,C2
