model_type,variant,dataset,M-of-N count,RMSE (test),MAE (test),MAPE (test),rRMSE (test),rMAE (test),rMAPE (test),maxError (test),R2 (test),RMSE (train),MAE (train),MAPE (train),rRMSE (train),rMAE (train),rMAPE (train),maxError (train),R2 (train),rules,plain conditions count,complex conditions count,conditions_count,avg conditions per rule,avg rule quality,avg rule precision,avg rule coverage,training time total (s),training time growing (s),training time pruning (s),pvalue significance fdr,pvalue significance fwer,induction measure,pruning measure,voting measure
exact_M-of-N,no_discretization,cholesterol,0.38596491228070173,0.3104724488295101,0.2574635695866112,42012486391727.92,0.7436827888223903,0.6167092319211913,420124863917.2791,0.7031963470319635,-0.3520097877735801,0.110439175370682,0.0746908950680129,4858617692231.12,0.3963757340549267,0.2680720700823201,48586176922.3112,0.7284630884784966,0.1449890448937136,57,2.0701754385964914,1.7894736842105263,242.0,4.245614035087719,0.334646327643213,0.8035902916014236,0.04061435640383,7.501477241516113,3.764247071,2.135946448,0.0350877192982456,0.0175438596491228,C2,C2,C2
