model_type,variant,dataset,M-of-N count,RMSE (test),MAE (test),MAPE (test),rRMSE (test),rMAE (test),rMAPE (test),maxError (test),R2 (test),RMSE (train),MAE (train),MAPE (train),rRMSE (train),rMAE (train),rMAPE (train),maxError (train),R2 (train),rules,plain conditions count,complex conditions count,conditions_count,avg conditions per rule,avg rule quality,avg rule precision,avg rule coverage,training time total (s),training time growing (s),training time pruning (s),pvalue significance fdr,pvalue significance fwer,induction measure,pruning measure,voting measure
at_least_M-of-N,no_discretization,breasttumor,0.7894736842105263,0.277707612099263,0.2317256495314185,86633969437148.02,0.4254890910412785,0.3550379308826112,866339694371.4801,0.5786093439832134,-0.2946647210462916,0.1962977970153294,0.1506617974916551,51115971191112.14,0.4006077490108765,0.3074730561054186,511159711911.1214,0.6,0.1074117977363172,19,0.7894736842105263,0.5789473684210527,41.0,2.1578947368421053,0.2874352840725825,0.7814724943575245,0.1536107711138311,0.1732227802276611,0.093796465,0.024760632,0.4736842105263157,0.1578947368421052,C2,C2,C2
