model_type,variant,dataset,M-of-N count,RMSE (test),MAE (test),MAPE (test),rRMSE (test),rMAE (test),rMAPE (test),maxError (test),R2 (test),RMSE (train),MAE (train),MAPE (train),rRMSE (train),rMAE (train),rMAPE (train),maxError (train),R2 (train),rules,plain conditions count,complex conditions count,conditions_count,avg conditions per rule,avg rule quality,avg rule precision,avg rule coverage,training time total (s),training time growing (s),training time pruning (s),pvalue significance fdr,pvalue significance fwer,induction measure,pruning measure,voting measure
complex,no_discretization,cholesterol,0,0.359612282387697,0.293497651782455,29475613999533.48,0.7046895320697202,0.5751325330850707,294756139995.3348,0.7945205479452055,-1.2024402709784514,0.1111082453913223,0.0760350698059571,4368989552703.997,0.4012702689426431,0.2746025985978892,43689895527.03997,0.3995433789954338,0.1390359890031463,38,0.5,2.3157894736842106,107.0,2.8157894736842106,0.4008252785899932,0.8020496816203188,0.0239059186427607,35.221960614,34.577847444,0.6334578169999998,0.2894736842105263,0.0789473684210526,C2,C2,C2
