model_type,variant,dataset,M-of-N count,RMSE (test),MAE (test),MAPE (test),rRMSE (test),rMAE (test),rMAPE (test),maxError (test),R2 (test),RMSE (train),MAE (train),MAPE (train),rRMSE (train),rMAE (train),rMAPE (train),maxError (train),R2 (train),rules,plain conditions count,complex conditions count,conditions_count,avg conditions per rule,avg rule quality,avg rule precision,avg rule coverage,training time total (s),training time growing (s),training time pruning (s),pvalue significance fdr,pvalue significance fwer,induction measure,pruning measure,voting measure
plain,no_discretization,gascons,0,0.180787158841424,0.1490841533345184,216444383536153.28,0.2748027127929961,0.22661305168642,2164443835361.5327,0.2767109928942869,0.8490477236968033,0.1122210935998198,0.0724621079748243,27055547942019.36,0.2032601602406546,0.1312468022354227,270555479420.1936,0.3997737086383263,0.855724934485364,7,1,0.2857142857142857,9.0,1.2857142857142858,0.5896437879180976,0.7296076938934082,0.2916666666666667,0.091919149,0.077748254,0.01159253,0.4285714285714285,0.4285714285714285,C2,C2,C2
