model_type,variant,dataset,M-of-N count,RMSE (test),MAE (test),MAPE (test),rRMSE (test),rMAE (test),rMAPE (test),maxError (test),R2 (test),RMSE (train),MAE (train),MAPE (train),rRMSE (train),rMAE (train),rMAPE (train),maxError (train),R2 (train),rules,plain conditions count,complex conditions count,conditions_count,avg conditions per rule,avg rule quality,avg rule precision,avg rule coverage,training time total (s),training time growing (s),training time pruning (s),pvalue significance fdr,pvalue significance fwer,induction measure,pruning measure,voting measure
exact_M-of-N,no_discretization,machine,0.6666666666666666,0.3180147855658047,0.1966385444037524,4971019363402.173,1.2422591553640454,0.7681279084191338,49710193634.02173,0.9769747568942888,-0.23040588809574,0.1189983819476544,0.0459635071916913,1110871680347.1582,1.3270361921728684,0.5125719910158373,11108716803.471582,0.9772727272727272,0.3353060862821274,9,1.6666666666666667,1.3333333333333333,33.0,3.6666666666666665,0.5642789944870118,0.8624015538527033,0.2813238770685579,3.681552648544312,0.473890176,0.177448846,0.7777777777777778,0.7777777777777778,C2,C2,C2
