dataset,BAcc (test),BAcc (train),Acc (test),Acc (train),rules,conditions_count,avg conditions per rule
soybean,0.9298245614035089,0.9993581514762516,0.927536231884058,0.998371335504886,67,133,9.293233082706767
