model_type,variant,dataset,M-of-N count,RMSE (test),MAE (test),MAPE (test),rRMSE (test),rMAE (test),rMAPE (test),maxError (test),R2 (test),RMSE (train),MAE (train),MAPE (train),rRMSE (train),rMAE (train),rMAPE (train),maxError (train),R2 (train),rules,plain conditions count,complex conditions count,conditions_count,avg conditions per rule,avg rule quality,avg rule precision,avg rule coverage,training time total (s),training time growing (s),training time pruning (s),pvalue significance fdr,pvalue significance fwer,induction measure,pruning measure,voting measure
at_least_M-of-N,no_discretization,pwlinear,3.5294117647058822,0.2541495799836227,0.1907264976245319,105706759812735.92,0.4896881786124654,0.3674863882950747,1057067598127.3593,0.5497816593886462,0.1153944598712479,0.150599355900709,0.1036289380121628,13165544762206.666,0.3282277320241965,0.2258568178620485,131655447622.06668,0.5624454148471616,0.4218119695057091,34,0.6470588235294118,0.5,159.0,4.676470588235294,0.4061399697860863,0.7977110821366437,0.0545751633986927,80.3826847076416,14.184476067000002,66.00634196700001,0.3235294117647059,0.0588235294117647,C2,C2,C2
