RMSE (test),MAE (test),MAPE (test),rRMSE (test),rMAE (test),rMAPE (test),maxError (test),R2 (test),RMSE (train),MAE (train),MAPE (train),rRMSE (train),rMAE (train),rMAPE (train),maxError (train),R2 (train),rules,conditions_count,avg conditions per rule,RMSE (test) (std),MAE (test) (std),MAPE (test) (std),rRMSE (test) (std),rMAE (test) (std),rMAPE (test) (std),maxError (test) (std),R2 (test) (std),RMSE (train) (std),MAE (train) (std),MAPE (train) (std),rRMSE (train) (std),rMAE (train) (std),rMAPE (train) (std),maxError (train) (std),R2 (train) (std),rules (std),conditions_count (std),avg conditions per rule (std),dataset
0.31234711675397275,0.24927877744328888,86004702243545.69,0.6810487609295396,0.5423572569139093,860047022435.4569,0.6674537037037037,-0.6881493946642175,0.03255005368292989,0.007555173488573133,3676814463673.331,0.065946375867986,0.015308606708221921,36768144636.73331,0.19444444444444445,0.9747621045969433,197.44444444444446,393.8888888888889,15.393951687831482,0.03710852283367115,0.031690636516882406,30533101454360.188,0.07097423524913074,0.049053483390500995,305331014543.60187,0.12434419014757704,0.4507137455546208,0.005212609324030028,0.0018961758786308653,1723053219021.218,0.010490487525415919,0.0038406868104436617,17230532190.21218,0.016666666666666673,0.007112014818552042,3.5039660069381062,7.0079320138762125,1.0263470108674655,breasttumor
