model_type,variant,dataset,M-of-N count,RMSE (test),MAE (test),MAPE (test),rRMSE (test),rMAE (test),rMAPE (test),maxError (test),R2 (test),RMSE (train),MAE (train),MAPE (train),rRMSE (train),rMAE (train),rMAPE (train),maxError (train),R2 (train),rules,plain conditions count,complex conditions count,conditions_count,avg conditions per rule,avg rule quality,avg rule precision,avg rule coverage,training time total (s),training time growing (s),training time pruning (s),pvalue significance fdr,pvalue significance fwer,induction measure,pruning measure,voting measure
at_least_M-of-N,no_discretization,ozone,0.07407407407407407,0.1758250252243444,0.1396217508104444,53609956646977.96,0.6839125505874691,0.5430914489699036,536099566469.7796,0.4819028562082983,0.5060934072665668,0.1339376658738022,0.0994309128860432,4457972071949.13,0.4514849724807401,0.3351675772100395,44579720719.4913,0.4597543948175872,0.61632442113229,27,2.962962962962963,1.5925925925925926,125.0,4.62962962962963,0.4805233439783595,0.8548138113719729,0.0872926798852724,1101.4594974517822,20.193561789,44.427503008,0.6666666666666666,0.4814814814814814,C2,C2,C2
