model_type,variant,dataset,M-of-N count,RMSE (test),MAE (test),MAPE (test),rRMSE (test),rMAE (test),rMAPE (test),maxError (test),R2 (test),RMSE (train),MAE (train),MAPE (train),rRMSE (train),rMAE (train),rMAPE (train),maxError (train),R2 (train),rules,plain conditions count,complex conditions count,conditions_count,avg conditions per rule,avg rule quality,avg rule precision,avg rule coverage,training time total (s),training time growing (s),training time pruning (s),pvalue significance fdr,pvalue significance fwer,induction measure,pruning measure,voting measure
plain,no_discretization,echomonths,0,0.2636463343120961,0.1916629028049436,18233196871945.69,0.6178650487790279,0.4491691837843747,182331968719.4569,0.5614035087719298,0.4726295838500832,0.181265845382586,0.1240851145923373,9454250229897.922,0.4685511328901031,0.3207455927194952,94542502298.97922,0.5446002064972507,0.5543322737036063,17,3.588235294117647,0.35294117647058826,67.0,3.9411764705882355,0.4589687009444081,0.8207368728821237,0.1030668677727501,2.568578796,2.0251265920000003,0.5386026079999999,0.5294117647058824,0.4117647058823529,C2,C2,C2
