model_type,variant,dataset,M-of-N count,RMSE (test),MAE (test),MAPE (test),rRMSE (test),rMAE (test),rMAPE (test),maxError (test),R2 (test),RMSE (train),MAE (train),MAPE (train),rRMSE (train),rMAE (train),rMAPE (train),maxError (train),R2 (train),rules,plain conditions count,complex conditions count,conditions_count,avg conditions per rule,avg rule quality,avg rule precision,avg rule coverage,training time total (s),training time growing (s),training time pruning (s),pvalue significance fdr,pvalue significance fwer,induction measure,pruning measure,voting measure
exact_M-of-N,no_discretization,echomonths,0.7391304347826086,0.3154537173228644,0.2244979151085729,168250580187609.94,0.7392775892362367,0.5261192636387986,1682505801876.0994,0.7831716588283102,0.2450058476944563,0.1975512325661884,0.1358606165095954,38177137438441.56,0.5106469651100429,0.3511838959311985,381771374384.4155,0.775729086271069,0.4706551272373107,23,1.0869565217391304,1.1304347826086956,68.0,2.9565217391304346,0.5134649701802011,0.8603511318042212,0.1441843180973616,0.4365620613098144,0.2975745410000001,0.04715977,0.5652173913043478,0.4782608695652174,C2,C2,C2
