model_type,variant,dataset,M-of-N count,RMSE (test),MAE (test),MAPE (test),rRMSE (test),rMAE (test),rMAPE (test),maxError (test),R2 (test),RMSE (train),MAE (train),MAPE (train),rRMSE (train),rMAE (train),rMAPE (train),maxError (train),R2 (train),rules,plain conditions count,complex conditions count,conditions_count,avg conditions per rule,avg rule quality,avg rule precision,avg rule coverage,training time total (s),training time growing (s),training time pruning (s),pvalue significance fdr,pvalue significance fwer,induction measure,pruning measure,voting measure
exact_M-of-N,no_discretization,fruitfly,0,0.4198606583997294,0.3548320673808803,92666658999393.4,0.7495033240854673,0.6334192277212408,926666589993.934,0.7966481286989082,-1.3929759568364366,0.196708379258289,0.1262601248799819,31490262881210.504,0.7339876866494578,0.4711206371897575,314902628812.10504,0.7901234567901234,0.0453175612944583,22,1.0909090909090908,2.1818181818181817,72.0,3.272727272727273,0.3088999113044441,0.7466565669914953,0.0913113435237329,1.2698440551757812,0.41257235,0.7185179079999999,0.0454545454545454,0.0454545454545454,C2,C2,C2
