dataset,BAcc (test),BAcc (train),Acc (test),Acc (train),rules,conditions_count,avg conditions per rule
titanic,0.6704884414615958,0.684584764365462,0.7782805429864253,0.7919191919191919,14,27,3.185185185185185
