model_type,variant,dataset,M-of-N count,RMSE (test),MAE (test),MAPE (test),rRMSE (test),rMAE (test),rMAPE (test),maxError (test),R2 (test),RMSE (train),MAE (train),MAPE (train),rRMSE (train),rMAE (train),rMAPE (train),maxError (train),R2 (train),rules,plain conditions count,complex conditions count,conditions_count,avg conditions per rule,avg rule quality,avg rule precision,avg rule coverage,training time total (s),training time growing (s),training time pruning (s),pvalue significance fdr,pvalue significance fwer,induction measure,pruning measure,voting measure
at_least_M-of-N,no_discretization,bodyfat,0,0.2447311351435333,0.2139874272247755,52700454418682.84,0.4262603584872961,0.3727125172982601,527004544186.8284,0.3927819548872181,0.2352454021817331,0.0741733246052737,0.0461299803329618,6580158885508.983,0.1862451382228039,0.1158298432630434,65801588855.08984,0.4652631578947368,0.8246417825616286,26,3.3846153846153846,2.4615384615384617,152.0,5.846153846153846,0.5854705397194683,0.8393325123291392,0.0696374110471026,47.67472219467163,7.771994106999999,8.724560121,0.7692307692307693,0.6923076923076923,C2,C2,C2
