model_type,variant,dataset,M-of-N count,RMSE (test),MAE (test),MAPE (test),rRMSE (test),rMAE (test),rMAPE (test),maxError (test),R2 (test),RMSE (train),MAE (train),MAPE (train),rRMSE (train),rMAE (train),rMAPE (train),maxError (train),R2 (train),rules,plain conditions count,complex conditions count,conditions_count,avg conditions per rule,avg rule quality,avg rule precision,avg rule coverage,training time total (s),training time growing (s),training time pruning (s),pvalue significance fdr,pvalue significance fwer,induction measure,pruning measure,voting measure
plain,no_discretization,auto-mpg,0,0.1997808819669102,0.151770886869694,21353455681389.867,0.4760845182090637,0.3616750954452606,213534556813.89868,0.6674510621903658,0.5076235433570093,0.1232029296125136,0.0923772905230201,2319734739761.2617,0.3178537155409021,0.2383260293946856,23197347397.612617,0.4388297872340425,0.6369683079385646,19,2.473684210526316,0.2631578947368421,52.0,2.736842105263158,0.5093299094279906,0.8200675742413147,0.161999706787861,4.598438715,4.087563347,0.504908372,1.0,1.0,C2,C2,C2
