model_type,variant,dataset,M-of-N count,RMSE (test),MAE (test),MAPE (test),rRMSE (test),rMAE (test),rMAPE (test),maxError (test),R2 (test),RMSE (train),MAE (train),MAPE (train),rRMSE (train),rMAE (train),rMAPE (train),maxError (train),R2 (train),rules,plain conditions count,complex conditions count,conditions_count,avg conditions per rule,avg rule quality,avg rule precision,avg rule coverage,training time total (s),training time growing (s),training time pruning (s),pvalue significance fdr,pvalue significance fwer,induction measure,pruning measure,voting measure
plain,no_discretization,fishcatch,0,0.1823636381692767,0.118762447053669,31835627483815.16,0.7082999928894746,0.4612730983441315,318356274838.1516,0.5068723046286279,0.6098138329675351,0.0984663492301705,0.0650656116785332,2245169295008.608,0.3965677931303786,0.262048164004927,22451692950.08608,0.4316109422492401,0.7987441947353177,18,2.2777777777777777,0.2222222222222222,45.0,2.5,0.5181431324020573,0.7553338443963444,0.1585081585081585,2.188092814,1.970973281,0.214448593,0.7777777777777778,0.5555555555555556,C2,C2,C2
