model_type,variant,dataset,M-of-N count,RMSE (test),MAE (test),MAPE (test),rRMSE (test),rMAE (test),rMAPE (test),maxError (test),R2 (test),RMSE (train),MAE (train),MAPE (train),rRMSE (train),rMAE (train),rMAPE (train),maxError (train),R2 (train),rules,plain conditions count,complex conditions count,conditions_count,avg conditions per rule,avg rule quality,avg rule precision,avg rule coverage,training time total (s),training time growing (s),training time pruning (s),pvalue significance fdr,pvalue significance fwer,induction measure,pruning measure,voting measure
plain,no_discretization,pharynx,0,0.2230961940261313,0.1486279360682455,39269798075306.38,0.7556781268204852,0.5034370075721288,392697980753.06384,0.598732324417767,0.1931426195584762,0.1563754716975259,0.1069523009757601,4487976922893.19,0.5042677209844557,0.3448916411354519,44879769228.93191,0.6881898454746137,0.5486416580240003,21,3.380952380952381,0.09523809523809523,73.0,3.4761904761904763,0.3945905410195955,0.7433862433862435,0.0726530612244898,0.902018083,0.8379712920000001,0.058270532,0.0476190476190476,0.0476190476190476,C2,C2,C2
