model_type,variant,dataset,M-of-N count,RMSE (test),MAE (test),MAPE (test),rRMSE (test),rMAE (test),rMAPE (test),maxError (test),R2 (test),RMSE (train),MAE (train),MAPE (train),rRMSE (train),rMAE (train),rMAPE (train),maxError (train),R2 (train),rules,plain conditions count,complex conditions count,conditions_count,avg conditions per rule,avg rule quality,avg rule precision,avg rule coverage,training time total (s),training time growing (s),training time pruning (s),pvalue significance fdr,pvalue significance fwer,induction measure,pruning measure,voting measure
at_least_M-of-N,no_discretization,cpu,2,0.08650979093224039,0.028607498327043603,355447428046.28143,1.235935755565539,0.4087055312313523,3554474280.4628143,0.7628781684382665,0.5076200524572123,0.0900802569303294,0.029623761201815577,391162241390.6197,1.3063911621668487,0.4296193321709205,3911622413.906197,0.7628781684382665,0.4907935223215413,15,33,15,50.0,3.3333333333333335,0.6662125513592989,0.8945275935202144,0.19202551834130777,84.79491257667542,4.470852603,3.910169054,0.7333333333333333,0.7333333333333333,C2,C2,C2
