model_type,variant,dataset,M-of-N count,RMSE (test),MAE (test),MAPE (test),rRMSE (test),rMAE (test),rMAPE (test),maxError (test),R2 (test),RMSE (train),MAE (train),MAPE (train),rRMSE (train),rMAE (train),rMAPE (train),maxError (train),R2 (train),rules,plain conditions count,complex conditions count,conditions_count,avg conditions per rule,avg rule quality,avg rule precision,avg rule coverage,training time total (s),training time growing (s),training time pruning (s),pvalue significance fdr,pvalue significance fwer,induction measure,pruning measure,voting measure
at_least_M-of-N,no_discretization,veteran,0.5384615384615384,0.370484974899727,0.2404853553220899,28581165048234.277,1.5716300913072283,1.0201601861052585,285811650482.3427,0.9208416833667334,-1.2084312107868151,0.1638153939118533,0.0844054661500213,934137756305.2786,1.317585825203489,0.6788827540151826,9341377563.052786,0.9128256513026052,-0.0130460116159125,13,0.6923076923076923,0.6153846153846154,24.0,1.8461538461538463,0.3732959597807628,0.8164106907585169,0.2451532207629768,0.2100093364715576,0.101375842,0.008941466,0.9230769230769232,0.6153846153846154,C2,C2,C2
