model_type,variant,dataset,M-of-N count,RMSE (test),MAE (test),MAPE (test),rRMSE (test),rMAE (test),rMAPE (test),maxError (test),R2 (test),RMSE (train),MAE (train),MAPE (train),rRMSE (train),rMAE (train),rMAPE (train),maxError (train),R2 (train),rules,plain conditions count,complex conditions count,conditions_count,avg conditions per rule,avg rule quality,avg rule precision,avg rule coverage,training time total (s),training time growing (s),training time pruning (s),pvalue significance fdr,pvalue significance fwer,induction measure,pruning measure,voting measure
exact_M-of-N,no_discretization,auto-price,0.3333333333333333,0.2220792738832909,0.1375424451205351,46804971137214.5,0.8361351434970938,0.5178514414102314,468049711372.145,0.6259791482614923,0.4642835179989221,0.1315364990921581,0.0807128157930803,2789677603111.352,0.6129882986715455,0.3761390334657297,27896776031.113518,0.6259791482614923,0.5608432979098159,15,2.4,0.4,47.0,3.1333333333333333,0.5401171339802571,0.8191478945770948,0.1631701631701631,1.100874662399292,0.5112035850000001,0.181764563,0.6666666666666666,0.6,C2,C2,C2
