model_type,variant,dataset,M-of-N count,RMSE (test),MAE (test),MAPE (test),rRMSE (test),rMAE (test),rMAPE (test),maxError (test),R2 (test),RMSE (train),MAE (train),MAPE (train),rRMSE (train),rMAE (train),rMAPE (train),maxError (train),R2 (train),rules,plain conditions count,complex conditions count,conditions_count,avg conditions per rule,avg rule quality,avg rule precision,avg rule coverage,training time total (s),training time growing (s),training time pruning (s),pvalue significance fdr,pvalue significance fwer,induction measure,pruning measure,voting measure
exact_M-of-N,no_discretization,fishcatch,0,0.1948667751415208,0.1153361122443848,25552338311322.395,0.7568621509898529,0.4479652210424062,255523383113.22397,0.5030272407147163,0.5544761384816076,0.1314162385674303,0.0652165595283377,1648351775862.0996,0.5292716559274323,0.2626560981483448,16483517758.620996,0.7723687155725124,0.6415151478036976,12,0.8333333333333334,1.0833333333333333,23.0,1.9166666666666667,0.710803350949511,0.8815031033781034,0.1555944055944056,2.813616752624512,1.041637129,0.3796295859999999,0.8333333333333334,0.8333333333333334,C2,C2,C2
