model_type,variant,dataset,M-of-N count,RMSE (test),MAE (test),MAPE (test),rRMSE (test),rMAE (test),rMAPE (test),maxError (test),R2 (test),RMSE (train),MAE (train),MAPE (train),rRMSE (train),rMAE (train),rMAPE (train),maxError (train),R2 (train),rules,plain conditions count,complex conditions count,conditions_count,avg conditions per rule,avg rule quality,avg rule precision,avg rule coverage,training time total (s),training time growing (s),training time pruning (s),pvalue significance fdr,pvalue significance fwer,induction measure,pruning measure,voting measure
plain,no_discretization,echomonths,0,0.3173273540927707,0.2314200092242214,12155464581297.283,0.5914344950833004,0.4313204472996241,121554645812.97284,0.7126052162953893,0.1815938062262621,0.1796317099862449,0.1211103323779878,18574951199801.38,0.4616431113288119,0.3112465536141813,185749511998.0138,0.6491228070175439,0.5948783709387147,23,3.5652173913043477,0.34782608695652173,90.0,3.9130434782608696,0.4861099592266756,0.8394871529054437,0.0943887030843552,2.059232309,1.626555321,0.427999389,0.5652173913043478,0.3478260869565217,C2,C2,C2
