model_type,variant,dataset,M-of-N count,RMSE (test),MAE (test),MAPE (test),rRMSE (test),rMAE (test),rMAPE (test),maxError (test),R2 (test),RMSE (train),MAE (train),MAPE (train),rRMSE (train),rMAE (train),rMAPE (train),maxError (train),R2 (train),rules,plain conditions count,complex conditions count,conditions_count,avg conditions per rule,avg rule quality,avg rule precision,avg rule coverage,training time total (s),training time growing (s),training time pruning (s),pvalue significance fdr,pvalue significance fwer,induction measure,pruning measure,voting measure
plain,no_discretization,machine,0,0.1736058250203129,0.0796729862446498,4792550165426.858,1.327741367633657,0.6093408427254751,47925501654.268585,0.5987762237762237,0.5579907659708773,0.058535547746162,0.0270785314146264,1070676100787.2404,0.7151012396968232,0.3308056750017915,10706761007.872404,0.5987762237762237,0.757414226165068,17,2.7058823529411766,0.4117647058823529,53.0,3.1176470588235294,0.5412354377013043,0.8088173560778976,0.107008760951189,2.529451263,2.045411586,0.479976275,0.8823529411764706,0.6470588235294118,C2,C2,C2
