model_type,variant,dataset,M-of-N count,RMSE (test),MAE (test),MAPE (test),rRMSE (test),rMAE (test),rMAPE (test),maxError (test),R2 (test),RMSE (train),MAE (train),MAPE (train),rRMSE (train),rMAE (train),rMAPE (train),maxError (train),R2 (train),rules,plain conditions count,complex conditions count,conditions_count,avg conditions per rule,avg rule quality,avg rule precision,avg rule coverage,training time total (s),training time growing (s),training time pruning (s),pvalue significance fdr,pvalue significance fwer,induction measure,pruning measure,voting measure
at_least_M-of-N,no_discretization,veteran,0.13636363636363635,0.4718394843489206,0.3474062841375796,16124908696583.06,1.2435203820381782,0.9155800001971904,161249086965.8306,0.9709418837675352,-0.930984683799008,0.1279508006613531,0.0707978945285048,1948406241746.4297,1.009089147727834,0.5583504494026394,19484062417.4643,0.6239430994656585,0.3916382324951675,22,2.090909090909091,1.7272727272727273,87.0,3.9545454545454546,0.4515410106431501,0.8612818348155592,0.1341463414634146,5.133817672729492,1.953106054,0.7808873560000001,0.6363636363636364,0.4545454545454545,C2,C2,C2
