model_type,variant,dataset,M-of-N count,RMSE (test),MAE (test),MAPE (test),rRMSE (test),rMAE (test),rMAPE (test),maxError (test),R2 (test),RMSE (train),MAE (train),MAPE (train),rRMSE (train),rMAE (train),rMAPE (train),maxError (train),R2 (train),rules,plain conditions count,complex conditions count,conditions_count,avg conditions per rule,avg rule quality,avg rule precision,avg rule coverage,training time total (s),training time growing (s),training time pruning (s),pvalue significance fdr,pvalue significance fwer,induction measure,pruning measure,voting measure
exact_M-of-N,no_discretization,auto-price,1,0.15316318709253557,0.09281512844939958,2295145396693.279,0.7337900472546209,0.44466832261515293,22951453966.93279,0.811443650210435,0.37268848806763355,0.15733781572250866,0.09528566037679695,2526103424033.4326,0.7444027881760067,0.4508192193463402,25261034240.334328,0.811443650210435,0.35373010530193927,7,15,1,17.0,2.4285714285714284,0.5045699801499254,0.7713955199304603,0.22821203953279426,12.258947134017944,1.064116318,0.10826462499999999,0.5714285714285714,0.5714285714285714,C2,C2,C2
