model_type,variant,dataset,M-of-N count,RMSE (test),MAE (test),MAPE (test),rRMSE (test),rMAE (test),rMAPE (test),maxError (test),R2 (test),RMSE (train),MAE (train),MAPE (train),rRMSE (train),rMAE (train),rMAPE (train),maxError (train),R2 (train),rules,plain conditions count,complex conditions count,conditions_count,avg conditions per rule,avg rule quality,avg rule precision,avg rule coverage,training time total (s),training time growing (s),training time pruning (s),pvalue significance fdr,pvalue significance fwer,induction measure,pruning measure,voting measure
exact_M-of-N,no_discretization,lowbwt,0.5,0.2720222654454481,0.2326185596964003,87659525649099.3,0.4290528701239292,0.3669025420341936,876595256490.9929,0.5517691039838114,0.0772196017380201,0.1179753135851141,0.089396659664038,10496902332029.146,0.2259628916249445,0.1712250394208396,104969023320.29146,0.4106517168885775,0.50406239443067,6,0.5,0.3333333333333333,8.0,1.3333333333333333,0.572973408205755,0.8127617187090553,0.3137254901960784,0.124619722366333,0.034770486,0.0015252769999999,0.8333333333333334,0.8333333333333334,C2,C2,C2
