model_type,variant,dataset,M-of-N count,RMSE (test),MAE (test),MAPE (test),rRMSE (test),rMAE (test),rMAPE (test),maxError (test),R2 (test),RMSE (train),MAE (train),MAPE (train),rRMSE (train),rMAE (train),rMAPE (train),maxError (train),R2 (train),rules,plain conditions count,complex conditions count,conditions_count,avg conditions per rule,avg rule quality,avg rule precision,avg rule coverage,training time total (s),training time growing (s),training time pruning (s),pvalue significance fdr,pvalue significance fwer,induction measure,pruning measure,voting measure
exact_M-of-N,no_discretization,concrete,1.0714285714285714,0.3017611212684872,0.2895737588804281,198271681708136.2,0.7434356111671826,0.7134101421226755,1982716817081.3616,0.440251572327044,0.2993368765377434,0.1331243140554625,0.0864766844516168,14736250477894.53,0.293398072897114,0.1905894708164701,147362504778.94528,0.5568456700532172,0.5249094909567698,14,2.2857142857142856,0.35714285714285715,52.0,3.7142857142857144,0.4632861827720887,0.7683804290947148,0.1159754224270353,0.4917120933532715,0.295466482,0.061047725,0.6428571428571429,0.4285714285714285,C2,C2,C2
