model_type,variant,dataset,M-of-N count,RMSE (test),MAE (test),MAPE (test),rRMSE (test),rMAE (test),rMAPE (test),maxError (test),R2 (test),RMSE (train),MAE (train),MAPE (train),rRMSE (train),rMAE (train),rMAPE (train),maxError (train),R2 (train),rules,plain conditions count,complex conditions count,conditions_count,avg conditions per rule,avg rule quality,avg rule precision,avg rule coverage,training time total (s),training time growing (s),training time pruning (s),pvalue significance fdr,pvalue significance fwer,induction measure,pruning measure,voting measure
complex,no_discretization,auto93,0,0.3596450401583992,0.2738995968328063,35941930569675.97,0.8462236239021158,0.6444696396066031,359419305696.7597,0.7068348623853211,-0.0331034737263307,0.1190611210601756,0.0676695236773591,3705415961703.216,0.5219398757191267,0.2966495062673082,37054159617.032166,0.5944954128440367,0.5602642006173726,19,0.7894736842105263,3.1578947368421053,75.0,3.9473684210526314,0.5513609086087337,0.8221123991247832,0.1203007518796992,448.409270856,425.611570444,22.767937485,0.7368421052631579,0.631578947368421,C2,C2,C2
