model_type,variant,dataset,M-of-N count,RMSE (test),MAE (test),MAPE (test),rRMSE (test),rMAE (test),rMAPE (test),maxError (test),R2 (test),RMSE (train),MAE (train),MAPE (train),rRMSE (train),rMAE (train),rMAPE (train),maxError (train),R2 (train),rules,plain conditions count,complex conditions count,conditions_count,avg conditions per rule,avg rule quality,avg rule precision,avg rule coverage,training time total (s),training time growing (s),training time pruning (s),pvalue significance fdr,pvalue significance fwer,induction measure,pruning measure,voting measure
complex,no_discretization,mbagrade,0,0.35116012805735,0.3169329701646944,433077875353626.8,0.6828949588088394,0.6163340035302509,4330778753536.268,0.5769756344080075,-0.0814647017569458,0.2396841093119599,0.1717059312444982,62519628058737.77,0.4324652787690807,0.309811333071346,625196280587.3777,0.7635180361799211,0.0099506770120108,7,0.42857142857142855,0.7142857142857143,8.0,1.1428571428571428,0.389927927231721,0.789908090895933,0.2311688311688311,0.121754926,0.1182596119999999,0.001232649,0.1428571428571428,0.1428571428571428,C2,C2,C2
