model_type,variant,dataset,M-of-N count,RMSE (test),MAE (test),MAPE (test),rRMSE (test),rMAE (test),rMAPE (test),maxError (test),R2 (test),RMSE (train),MAE (train),MAPE (train),rRMSE (train),rMAE (train),rMAPE (train),maxError (train),R2 (train),rules,plain conditions count,complex conditions count,conditions_count,avg conditions per rule,avg rule quality,avg rule precision,avg rule coverage,training time total (s),training time growing (s),training time pruning (s),pvalue significance fdr,pvalue significance fwer,induction measure,pruning measure,voting measure
plain,no_discretization,diabetes,0,0.5056602074439832,0.4709516168045591,196652366726369.97,0.722371724919976,0.672788024006513,1966523667263.6997,0.6604880662662707,-0.5496499720744983,0.1546600248969985,0.1044064869305119,45430048343404.7,0.3580996494832173,0.2417426636164729,454300483434.0471,0.5312499999999998,0.487451989098051,12,1,0.5833333333333334,19.0,1.5833333333333333,0.4050268406114196,0.7224867724867724,0.1474358974358974,0.361219736,0.3097557909999999,0.049025478,0.1666666666666666,0.1666666666666666,C2,C2,C2
