model_type,variant,dataset,M-of-N count,RMSE (test),MAE (test),MAPE (test),rRMSE (test),rMAE (test),rMAPE (test),maxError (test),R2 (test),RMSE (train),MAE (train),MAPE (train),rRMSE (train),rMAE (train),rMAPE (train),maxError (train),R2 (train),rules,plain conditions count,complex conditions count,conditions_count,avg conditions per rule,avg rule quality,avg rule precision,avg rule coverage,training time total (s),training time growing (s),training time pruning (s),pvalue significance fdr,pvalue significance fwer,induction measure,pruning measure,voting measure
exact_M-of-N,no_discretization,concrete,0.08333333333333333,0.2175422421985002,0.1740914160069639,138805076676593.02,0.487955376095923,0.3904935497319954,1388050766765.9302,0.410982099661345,0.4013330720320901,0.1194656824856004,0.0861125737152804,14118582777771.707,0.2588364138565766,0.1865729915460019,141185827777.7171,0.3806859211901046,0.572348116334213,12,2,1,37.0,3.0833333333333335,0.4451242357118355,0.7835091107149931,0.1204710144927536,1.0972521305084229,0.510133256,0.084688321,0.6666666666666666,0.3333333333333333,C2,C2,C2
