model_type,variant,dataset,M-of-N count,RMSE (test),MAE (test),MAPE (test),rRMSE (test),rMAE (test),rMAPE (test),maxError (test),R2 (test),RMSE (train),MAE (train),MAPE (train),rRMSE (train),rMAE (train),rMAPE (train),maxError (train),R2 (train),rules,plain conditions count,complex conditions count,conditions_count,avg conditions per rule,avg rule quality,avg rule precision,avg rule coverage,training time total (s),training time growing (s),training time pruning (s),pvalue significance fdr,pvalue significance fwer,induction measure,pruning measure,voting measure
exact_M-of-N,no_discretization,pwlinear,4.5,0.2109799419101277,0.1732736340266635,29302897138786.656,0.4084469975608924,0.335449403075498,293028971387.8666,0.4165731611332194,0.3677367263077583,0.1297505563173024,0.0911911995258157,5823431832577.821,0.2822778240037581,0.1983903121578152,58234318325.77821,0.4331877729257641,0.5530587022517096,46,0.2608695652173913,0.2391304347826087,230.0,5.0,0.3788130391057959,0.7773063511621866,0.0369565217391304,70.52729058265686,12.823154253999997,57.53399205000001,0.0,0.0,C2,C2,C2
