model_type,variant,dataset,M-of-N count,RMSE (test),MAE (test),MAPE (test),rRMSE (test),rMAE (test),rMAPE (test),maxError (test),R2 (test),RMSE (train),MAE (train),MAPE (train),rRMSE (train),rMAE (train),rMAPE (train),maxError (train),R2 (train),rules,plain conditions count,complex conditions count,conditions_count,avg conditions per rule,avg rule quality,avg rule precision,avg rule coverage,training time total (s),training time growing (s),training time pruning (s),pvalue significance fdr,pvalue significance fwer,induction measure,pruning measure,voting measure
plain,no_discretization,echomonths,0,0.2791609708017199,0.2133312687462942,6077732290649.02,0.5723300189913397,0.4373673323400727,60777322906.4902,0.5069285640131925,0.038184592706096,0.1920483988236639,0.1316578820855294,34025402097048.59,0.5062335066225354,0.3470460140823699,340254020970.4859,0.6842105263157894,0.5407618788800458,18,3.111111111111111,0.6666666666666666,68.0,3.7777777777777777,0.4184313741569129,0.8089702610051449,0.0911680911680911,2.001751104,1.5615700360000004,0.436179421,0.1666666666666666,0.1666666666666666,C2,C2,C2
