model_type,variant,dataset,M-of-N count,RMSE (test),MAE (test),MAPE (test),rRMSE (test),rMAE (test),rMAPE (test),maxError (test),R2 (test),RMSE (train),MAE (train),MAPE (train),rRMSE (train),rMAE (train),rMAPE (train),maxError (train),R2 (train),rules,plain conditions count,complex conditions count,conditions_count,avg conditions per rule,avg rule quality,avg rule precision,avg rule coverage,training time total (s),training time growing (s),training time pruning (s),pvalue significance fdr,pvalue significance fwer,induction measure,pruning measure,voting measure
exact_M-of-N,no_discretization,cpu,0.5333333333333333,0.1742129938170296,0.0885751697796885,2313143585255.457,1.4283379109836942,0.7262103141458061,23131435852.55457,0.7260834014717907,0.3029030692259861,0.1014916880250332,0.0341343188988279,258383060055.6472,1.389837693714577,0.4674389004463448,2583830600.556472,0.8053965658217498,0.4013059476471138,15,1.9333333333333333,0.9333333333333333,51.0,3.4,0.649103596637769,0.8932352649501766,0.177659574468085,6.791882038116455,1.31242497,0.76002362,0.7333333333333333,0.7333333333333333,C2,C2,C2
