model_type,variant,dataset,M-of-N count,RMSE (test),MAE (test),MAPE (test),rRMSE (test),rMAE (test),rMAPE (test),maxError (test),R2 (test),RMSE (train),MAE (train),MAPE (train),rRMSE (train),rMAE (train),rMAPE (train),maxError (train),R2 (train),rules,plain conditions count,complex conditions count,conditions_count,avg conditions per rule,avg rule quality,avg rule precision,avg rule coverage,training time total (s),training time growing (s),training time pruning (s),pvalue significance fdr,pvalue significance fwer,induction measure,pruning measure,voting measure
exact_M-of-N,no_discretization,cpu,0.4,0.2135589329054775,0.110195367065352,2160091044977.7373,1.524632461358986,0.7867029088104954,21600910449.77737,0.7963884813079605,0.090647620789044,0.0901170208150959,0.028692557173231,444312420909.1043,1.253103471054739,0.3989783801329288,4443124209.091043,0.8053965658217498,0.5275733061975447,15,1.7333333333333334,1.0666666666666667,48.0,3.2,0.6503573735849959,0.8720437124951829,0.2159574468085106,19.82283639907837,2.036528854,1.7357265360000005,0.7333333333333333,0.7333333333333333,C2,C2,C2
