model_type,variant,dataset,M-of-N count,RMSE (test),MAE (test),MAPE (test),rRMSE (test),rMAE (test),rMAPE (test),maxError (test),R2 (test),RMSE (train),MAE (train),MAPE (train),rRMSE (train),rMAE (train),rMAPE (train),maxError (train),R2 (train),rules,plain conditions count,complex conditions count,conditions_count,avg conditions per rule,avg rule quality,avg rule precision,avg rule coverage,training time total (s),training time growing (s),training time pruning (s),pvalue significance fdr,pvalue significance fwer,induction measure,pruning measure,voting measure
exact_M-of-N,no_discretization,bodyfat,0.5517241379310345,0.1581312691951879,0.1355321739492235,36408047513900.73,0.3238735672200469,0.2775876578581128,364080475139.00726,0.3660331399141409,0.6556430933694921,0.0667552551917352,0.0384102049892591,4077530980048.918,0.1650739700726735,0.09498166115418,40775309800.48918,0.605434845978946,0.8547409955473526,29,2.0344827586206895,1.6551724137931034,123.0,4.241379310344827,0.6596616513747201,0.8867105388618894,0.0838523469542761,3.7206995487213135,2.040608832,1.110438138,0.896551724137931,0.7931034482758621,C2,C2,C2
