model_type,variant,dataset,M-of-N count,RMSE (test),MAE (test),MAPE (test),rRMSE (test),rMAE (test),rMAPE (test),maxError (test),R2 (test),RMSE (train),MAE (train),MAPE (train),rRMSE (train),rMAE (train),rMAPE (train),maxError (train),R2 (train),rules,plain conditions count,complex conditions count,conditions_count,avg conditions per rule,avg rule quality,avg rule precision,avg rule coverage,training time total (s),training time growing (s),training time pruning (s),pvalue significance fdr,pvalue significance fwer,induction measure,pruning measure,voting measure
plain,no_discretization,bodyfat,0,0.2008860423578524,0.150986054386464,21617278211378.66,0.388191778280799,0.2917651433615981,216172782113.7866,0.4117700191071739,0.3861633428562815,0.1018051813746172,0.0740284298246257,2380757512266.586,0.2532797342343816,0.1841743296225258,23807575122.66586,0.2983663243624679,0.669519589110431,28,3.0357142857142856,0.35714285714285715,95.0,3.392857142857143,0.4933435075024159,0.779078481816199,0.0578980490874764,217.674985698,162.778903378,54.889727204,0.6785714285714286,0.5,C2,C2,C2
