model_type,variant,dataset,M-of-N count,RMSE (test),MAE (test),MAPE (test),rRMSE (test),rMAE (test),rMAPE (test),maxError (test),R2 (test),RMSE (train),MAE (train),MAPE (train),rRMSE (train),rMAE (train),rMAPE (train),maxError (train),R2 (train),rules,plain conditions count,complex conditions count,conditions_count,avg conditions per rule,avg rule quality,avg rule precision,avg rule coverage,training time total (s),training time growing (s),training time pruning (s),pvalue significance fdr,pvalue significance fwer,induction measure,pruning measure,voting measure
plain,no_discretization,strike,0,0.1943717611915265,0.1182557197232035,1255173509133.1345,1.3676862717091236,0.8320999070288722,12551735091.331345,0.9243461626778262,-0.2559916349277851,0.0723059840638813,0.0281626312469211,772216508848.3408,1.6262005128535029,0.6333927401718953,7722165088.483408,0.9920461105572884,0.2464333703538931,51,2.588235294117647,0.23529411764705882,144.0,2.823529411764706,0.4175267119860211,0.8362374602295762,0.086804828693043,437.642999478,352.54409417200003,85.092185215,0.7647058823529411,0.6666666666666666,C2,C2,C2
