model_type,variant,dataset,M-of-N count,RMSE (test),MAE (test),MAPE (test),rRMSE (test),rMAE (test),rMAPE (test),maxError (test),R2 (test),RMSE (train),MAE (train),MAPE (train),rRMSE (train),rMAE (train),rMAPE (train),maxError (train),R2 (train),rules,plain conditions count,complex conditions count,conditions_count,avg conditions per rule,avg rule quality,avg rule precision,avg rule coverage,training time total (s),training time growing (s),training time pruning (s),pvalue significance fdr,pvalue significance fwer,induction measure,pruning measure,voting measure
at_least_M-of-N,no_discretization,bolts,0.8181818181818182,0.2449699596725577,0.2040506199851215,146743111486804.6,0.628354717623878,0.52339548029934,1467431114868.046,0.4164227130649821,0.6446856331202391,0.1707106892943422,0.0957896619278063,6979457653642.716,0.49905534141876,0.2800313362647371,69794576536.42715,0.5977810290173129,0.7499592397683481,11,1.8181818181818181,0.18181818181818182,31.0,2.8181818181818183,0.6338050531513044,0.7943473193473193,0.1868686868686868,0.7072415351867676,0.349249477,0.293846272,0.8181818181818182,0.7272727272727273,C2,C2,C2
