model_type,variant,dataset,M-of-N count,RMSE (test),MAE (test),MAPE (test),rRMSE (test),rMAE (test),rMAPE (test),maxError (test),R2 (test),RMSE (train),MAE (train),MAPE (train),rRMSE (train),rMAE (train),rMAPE (train),maxError (train),R2 (train),rules,plain conditions count,complex conditions count,conditions_count,avg conditions per rule,avg rule quality,avg rule precision,avg rule coverage,training time total (s),training time growing (s),training time pruning (s),pvalue significance fdr,pvalue significance fwer,induction measure,pruning measure,voting measure
at_least_M-of-N,no_discretization,cpu,0,0.2257811363703722,0.0870440736470557,1987705330388.3213,1.8654363560333729,0.7191707073885184,19877053303.883217,0.9885527391659852,-0.0477315641020987,0.0924028959334487,0.0313516497054481,463921060778.4611,1.39452861467688,0.473153705735179,4639210607.784611,0.7759607522485691,0.4194284962201937,11,1.8181818181818181,1.1818181818181819,33.0,3.0,0.6517992134916819,0.8929556840462873,0.2780464216634429,9.646141290664673,1.074992711,0.478709498,0.9090909090909092,0.7272727272727273,C2,C2,C2
