model_type,variant,dataset,M-of-N count,RMSE (test),MAE (test),MAPE (test),rRMSE (test),rMAE (test),rMAPE (test),maxError (test),R2 (test),RMSE (train),MAE (train),MAPE (train),rRMSE (train),rMAE (train),rMAPE (train),maxError (train),R2 (train),rules,plain conditions count,complex conditions count,conditions_count,avg conditions per rule,avg rule quality,avg rule precision,avg rule coverage,training time total (s),training time growing (s),training time pruning (s),pvalue significance fdr,pvalue significance fwer,induction measure,pruning measure,voting measure
complex,no_discretization,bodyfat,0,0.1863918104721846,0.1187871776102378,61994688137369.78,0.5306044239719123,0.3381532793284141,619946881373.6978,0.7531172069825436,0.2082738765837097,0.0708946238536254,0.0380152954129202,6827608825701.594,0.1467498561801925,0.0786905809107877,68276088257.01594,0.5190235635321387,0.8782131314622775,53,1.150943396226415,2.641509433962264,201.0,3.792452830188679,0.6935879999274556,0.8354697919739462,0.0590973318926107,903.713511881,846.1216091359996,57.57224625499999,0.9622641509433962,0.9622641509433962,C2,C2,C2
