model_type,variant,dataset,M-of-N count,RMSE (test),MAE (test),MAPE (test),rRMSE (test),rMAE (test),rMAPE (test),maxError (test),R2 (test),RMSE (train),MAE (train),MAPE (train),rRMSE (train),rMAE (train),rMAPE (train),maxError (train),R2 (train),rules,plain conditions count,complex conditions count,conditions_count,avg conditions per rule,avg rule quality,avg rule precision,avg rule coverage,training time total (s),training time growing (s),training time pruning (s),pvalue significance fdr,pvalue significance fwer,induction measure,pruning measure,voting measure
complex,no_discretization,cloud,0,0.3095185670695369,0.2393027519408819,35170823484518.004,0.8674110251526396,0.6706345514201555,351708234845.18005,0.6050230782148744,-0.1668289104142573,0.1417264739483518,0.0772099660356814,3988443900306.986,0.677103988162377,0.3688737500637544,39884439003.069855,0.7333333333333333,0.4178105878488128,14,0.5714285714285714,3.642857142857143,59.0,4.214285714285714,0.6342119643228074,0.8671291803434661,0.1782032400589102,18.275606372,18.051970842000003,0.2098499339999999,0.8571428571428571,0.8571428571428571,C2,C2,C2
