model_type,variant,dataset,M-of-N count,RMSE (test),MAE (test),MAPE (test),rRMSE (test),rMAE (test),rMAPE (test),maxError (test),R2 (test),RMSE (train),MAE (train),MAPE (train),rRMSE (train),rMAE (train),rMAPE (train),maxError (train),R2 (train),rules,plain conditions count,complex conditions count,conditions_count,avg conditions per rule,avg rule quality,avg rule precision,avg rule coverage,training time total (s),training time growing (s),training time pruning (s),pvalue significance fdr,pvalue significance fwer,induction measure,pruning measure,voting measure
plain,no_discretization,bodyfat,0,0.2278572954098889,0.2014214155895777,23134280191124.656,0.3968703547605451,0.3508256714695368,231342801911.24652,0.4519998388156491,0.337067174667196,0.0826756258848468,0.056525316097277,2547828214881.734,0.2075939490716223,0.1419319595777768,25478282148.817337,0.351578947368421,0.7821359293153757,26,2.576923076923077,0.38461538461538464,77.0,2.9615384615384617,0.5306255889535376,0.7762657481407484,0.0662487292443239,108.283528867,87.41389065099999,20.863777764,0.8076923076923077,0.5769230769230769,C2,C2,C2
