model_type,variant,dataset,M-of-N count,RMSE (test),MAE (test),MAPE (test),rRMSE (test),rMAE (test),rMAPE (test),maxError (test),R2 (test),RMSE (train),MAE (train),MAPE (train),rRMSE (train),rMAE (train),rMAPE (train),maxError (train),R2 (train),rules,plain conditions count,complex conditions count,conditions_count,avg conditions per rule,avg rule quality,avg rule precision,avg rule coverage,training time total (s),training time growing (s),training time pruning (s),pvalue significance fdr,pvalue significance fwer,induction measure,pruning measure,voting measure
exact_M-of-N,no_discretization,pwlinear,4.51063829787234,0.3107852874858341,0.2565041784648132,98823528941209.05,0.5967134827145324,0.4924927524747942,988235289412.0905,0.5672489082969432,-0.1279421537039755,0.1241131339222735,0.0810685391744851,8543946891324.201,0.2740194633249124,0.1789847447655209,85439468913.242,0.4764192139737991,0.5834925764129777,47,0.44680851063829785,0.1276595744680851,239.0,5.085106382978723,0.3880038275619966,0.7711895374129416,0.0358156028368794,212.4468958377838,28.945389867,183.266277658,0.1914893617021276,0.0851063829787234,C2,C2,C2
