model_type,variant,dataset,M-of-N count,RMSE (test),MAE (test),MAPE (test),rRMSE (test),rMAE (test),rMAPE (test),maxError (test),R2 (test),RMSE (train),MAE (train),MAPE (train),rRMSE (train),rMAE (train),rMAPE (train),maxError (train),R2 (train),rules,plain conditions count,complex conditions count,conditions_count,avg conditions per rule,avg rule quality,avg rule precision,avg rule coverage,training time total (s),training time growing (s),training time pruning (s),pvalue significance fdr,pvalue significance fwer,induction measure,pruning measure,voting measure
plain,no_discretization,fishcatch,0,0.2285088459371593,0.1756424210332418,18665282246269.98,0.6470928403819592,0.4973853535159004,186652822462.6998,0.5169436401272512,0.2971474225215934,0.1107315935451259,0.0672391813903341,2357668103511.2754,0.4521271520768,0.2745436836651147,23576681035.112755,0.503030303030303,0.7518176513718007,21,2.0952380952380953,0.3333333333333333,51.0,2.4285714285714284,0.4922141722905472,0.785434923670108,0.1257545271629778,1.383572491,1.261466004,0.118477322,0.6190476190476191,0.5714285714285714,C2,C2,C2
