model_type,variant,dataset,M-of-N count,RMSE (test),MAE (test),MAPE (test),rRMSE (test),rMAE (test),rMAPE (test),maxError (test),R2 (test),RMSE (train),MAE (train),MAPE (train),rRMSE (train),rMAE (train),rMAPE (train),maxError (train),R2 (train),rules,plain conditions count,complex conditions count,conditions_count,avg conditions per rule,avg rule quality,avg rule precision,avg rule coverage,training time total (s),training time growing (s),training time pruning (s),pvalue significance fdr,pvalue significance fwer,induction measure,pruning measure,voting measure
at_least_M-of-N,no_discretization,ozone,0.13043478260869565,0.2712496631276411,0.1983818047880103,22130710699609.992,0.6867352582358534,0.5022523470426611,221307106996.0999,0.6076733642808214,0.2443272124121821,0.1363412636321107,0.1057606941703063,4917935711024.962,0.4763924152792574,0.3695403078656585,49179357110.24962,0.5956753244493981,0.5872102563929704,23,3.347826086956522,1.6521739130434783,118.0,5.130434782608695,0.4804807501256976,0.8448886765809244,0.0993997950519689,2833.546580314636,20.003804703,37.34402728000002,0.5652173913043478,0.3478260869565217,C2,C2,C2
