model_type,variant,dataset,M-of-N count,RMSE (test),MAE (test),MAPE (test),rRMSE (test),rMAE (test),rMAPE (test),maxError (test),R2 (test),RMSE (train),MAE (train),MAPE (train),rRMSE (train),rMAE (train),rMAPE (train),maxError (train),R2 (train),rules,plain conditions count,complex conditions count,conditions_count,avg conditions per rule,avg rule quality,avg rule precision,avg rule coverage,training time total (s),training time growing (s),training time pruning (s),pvalue significance fdr,pvalue significance fwer,induction measure,pruning measure,voting measure
at_least_M-of-N,no_discretization,pollution,0.5384615384615384,0.2646782576765812,0.2311467173363002,244909502370580.8,0.5486767050057095,0.4791659895084341,2449095023705.808,0.4584591471903263,0.4263429011169002,0.1245697738845099,0.0839075527714913,24529618114744.27,0.2646429532774064,0.1782578700697837,245296181147.4427,0.4602336040468483,0.5555807085947728,13,1.7692307692307692,0.46153846153846156,36.0,2.769230769230769,0.4425664838660603,0.7809523809523807,0.131054131054131,10.817622900009155,1.436007277,9.21731626,0.1538461538461538,0.1538461538461538,C2,C2,C2
