model_type,variant,dataset,M-of-N count,RMSE (test),MAE (test),MAPE (test),rRMSE (test),rMAE (test),rMAPE (test),maxError (test),R2 (test),RMSE (train),MAE (train),MAPE (train),rRMSE (train),rMAE (train),rMAPE (train),maxError (train),R2 (train),rules,plain conditions count,complex conditions count,conditions_count,avg conditions per rule,avg rule quality,avg rule precision,avg rule coverage,training time total (s),training time growing (s),training time pruning (s),pvalue significance fdr,pvalue significance fwer,induction measure,pruning measure,voting measure
at_least_M-of-N,no_discretization,pharynx,0.7333333333333333,0.2001402147487502,0.1607791481013699,36576300065104.3,0.5681789290569209,0.4564366251810014,365763000651.04297,0.4245115699420553,0.3916265602269072,0.1797928599546071,0.1310489140003931,8343602137687.873,0.5906114708394806,0.4304897973658687,83436021376.87872,0.7009391990538107,0.4198916263491222,15,1.8,0.06666666666666667,39.0,2.6,0.4628131006930103,0.7873559509308177,0.3302857142857143,0.1387181282043457,0.078895048,0.010877718,0.5333333333333333,0.5333333333333333,C2,C2,C2
