model_type,variant,dataset,M-of-N count,RMSE (test),MAE (test),MAPE (test),rRMSE (test),rMAE (test),rMAPE (test),maxError (test),R2 (test),RMSE (train),MAE (train),MAPE (train),rRMSE (train),rMAE (train),rMAPE (train),maxError (train),R2 (train),rules,plain conditions count,complex conditions count,conditions_count,avg conditions per rule,avg rule quality,avg rule precision,avg rule coverage,training time total (s),training time growing (s),training time pruning (s),pvalue significance fdr,pvalue significance fwer,induction measure,pruning measure,voting measure
complex,no_discretization,lowbwt,0,0.2169096538748959,0.1662598298775508,71067663292767.7,0.3558153425956792,0.2727301310521649,710676632927.677,0.4934307437740325,0.0714395353037318,0.127038277053182,0.0956309835589411,6901608072416.108,0.2641398058503029,0.1988373112141442,69016080724.16109,0.5210380448475687,0.4916867374348687,6,0.16666666666666666,2.5,16.0,2.6666666666666665,0.4575964559080535,0.7904399522046582,0.1892156862745098,2.893900821,2.7072415219999995,0.175129897,0.8333333333333334,0.5,C2,C2,C2
