model_type,variant,dataset,M-of-N count,RMSE (test),MAE (test),MAPE (test),rRMSE (test),rMAE (test),rMAPE (test),maxError (test),R2 (test),RMSE (train),MAE (train),MAPE (train),rRMSE (train),rMAE (train),rMAPE (train),maxError (train),R2 (train),rules,plain conditions count,complex conditions count,conditions_count,avg conditions per rule,avg rule quality,avg rule precision,avg rule coverage,training time total (s),training time growing (s),training time pruning (s),pvalue significance fdr,pvalue significance fwer,induction measure,pruning measure,voting measure
plain,no_discretization,fishcatch,0,0.10624590584823429,0.0781304383701556,2982328576280.505,0.4331118244026249,0.3184990182324029,29823285762.80505,0.3248484848484849,0.7570295208417185,0.10395392807668388,0.07598355709269941,3284336533372.159,0.4302737008746763,0.3145020772257956,32843365333.721592,0.3248484848484849,0.7704578495457869,14,8,24,35.0,2.5,0.5304278721450971,0.7585026013729672,0.21383363471971067,13.063647745,10.902481569,2.1575745960000003,0.7857142857142857,0.7142857142857143,C2,C2,C2
