model_type,variant,dataset,M-of-N count,RMSE (test),MAE (test),MAPE (test),rRMSE (test),rMAE (test),rMAPE (test),maxError (test),R2 (test),RMSE (train),MAE (train),MAPE (train),rRMSE (train),rMAE (train),rMAPE (train),maxError (train),R2 (train),rules,plain conditions count,complex conditions count,conditions_count,avg conditions per rule,avg rule quality,avg rule precision,avg rule coverage,training time total (s),training time growing (s),training time pruning (s),pvalue significance fdr,pvalue significance fwer,induction measure,pruning measure,voting measure
at_least_M-of-N,no_discretization,servo,0,0.3736909621783043,0.2016272788788277,20253050968134.566,1.6631320807034116,0.8973532404787191,202530509681.34567,0.9354265977505648,-0.2102772421133198,0.2480547348801132,0.1338505554548746,2146018645631.3303,1.3703574042461049,0.7394460735397413,21460186456.313305,0.9139021303340862,-0.2210498210524021,3,1.3333333333333333,0.3333333333333333,5.0,1.6666666666666667,0.2133765047237531,0.7416433239962652,0.512141280353201,0.0168640613555908,0.006461647,0.001170805,0.0,0.0,C2,C2,C2
