model_type,variant,dataset,M-of-N count,RMSE (test),MAE (test),MAPE (test),rRMSE (test),rMAE (test),rMAPE (test),maxError (test),R2 (test),RMSE (train),MAE (train),MAPE (train),rRMSE (train),rMAE (train),rMAPE (train),maxError (train),R2 (train),rules,plain conditions count,complex conditions count,conditions_count,avg conditions per rule,avg rule quality,avg rule precision,avg rule coverage,training time total (s),training time growing (s),training time pruning (s),pvalue significance fdr,pvalue significance fwer,induction measure,pruning measure,voting measure
at_least_M-of-N,no_discretization,bodyfat,0.1111111111111111,0.2330643845641838,0.2158945719356046,80200691340229.23,0.3880519670950589,0.3594642462485953,802006913402.2924,0.4630114014072432,0.1476561106590498,0.0658104263148405,0.0398783477218579,7877296829509.49,0.1669978448326109,0.1011936633441009,78772968295.09491,0.5124711834321238,0.8650164932256822,18,2.0555555555555554,1.6111111111111112,68.0,3.7777777777777777,0.6476536630779216,0.819644277466106,0.1268436578171091,19.053582668304443,3.350784965,3.416528001,1.0,1.0,C2,C2,C2
