model_type,variant,dataset,M-of-N count,RMSE (test),MAE (test),MAPE (test),rRMSE (test),rMAE (test),rMAPE (test),maxError (test),R2 (test),RMSE (train),MAE (train),MAPE (train),rRMSE (train),rMAE (train),rMAPE (train),maxError (train),R2 (train),rules,plain conditions count,complex conditions count,conditions_count,avg conditions per rule,avg rule quality,avg rule precision,avg rule coverage,training time total (s),training time growing (s),training time pruning (s),pvalue significance fdr,pvalue significance fwer,induction measure,pruning measure,voting measure
exact_M-of-N,no_discretization,bolts,1.6666666666666667,0.4686637483060636,0.3139618070764859,104463524641214.3,0.87920383858985,0.5889860842660805,1044635246412.143,0.9072177517678616,-0.0057021751307071,0.184644176121734,0.1079411525644151,11607058293469.4,0.5928885802257212,0.3465967789292821,116070582934.694,0.6533772250670566,0.6803045262288532,3,1,0,8.0,2.6666666666666665,0.5483347268673356,0.7655555555555554,0.3333333333333333,0.3053655624389648,0.1749056279999999,0.059117848,0.6666666666666666,0.6666666666666666,C2,C2,C2
