model_type,variant,dataset,M-of-N count,RMSE (test),MAE (test),MAPE (test),rRMSE (test),rMAE (test),rMAPE (test),maxError (test),R2 (test),RMSE (train),MAE (train),MAPE (train),rRMSE (train),rMAE (train),rMAPE (train),maxError (train),R2 (train),rules,plain conditions count,complex conditions count,conditions_count,avg conditions per rule,avg rule quality,avg rule precision,avg rule coverage,training time total (s),training time growing (s),training time pruning (s),pvalue significance fdr,pvalue significance fwer,induction measure,pruning measure,voting measure
exact_M-of-N,no_discretization,pyrim,2.3333333333333335,0.4579911843434884,0.4112187854719191,364249184726657.5,1.3686273524350154,1.2288561371300926,3642491847266.575,0.6470365305351604,-1.3170343454745947,0.1175900878371457,0.0706747223081092,42221246506598.48,0.1684781460382419,0.1012597779731945,422212465065.9848,0.6187499999999999,0.4878726824012315,12,0.3333333333333333,0.5,38.0,3.1666666666666665,0.4658080536021272,0.7829427516927517,0.1376262626262626,1.2753863334655762,0.63653158,0.558952427,0.3333333333333333,0.1666666666666666,C2,C2,C2
