model_type,variant,dataset,M-of-N count,RMSE (test),MAE (test),MAPE (test),rRMSE (test),rMAE (test),rMAPE (test),maxError (test),R2 (test),RMSE (train),MAE (train),MAPE (train),rRMSE (train),rMAE (train),rMAPE (train),maxError (train),R2 (train),rules,plain conditions count,complex conditions count,conditions_count,avg conditions per rule,avg rule quality,avg rule precision,avg rule coverage,training time total (s),training time growing (s),training time pruning (s),pvalue significance fdr,pvalue significance fwer,induction measure,pruning measure,voting measure
at_least_M-of-N,no_discretization,ele-1,0,0.2061950210770878,0.1479499717436475,7384104903663.917,0.6255226093598452,0.44882777429045,73841049036.63918,0.5842529093748936,0.2033399478911737,0.1029854473389538,0.066108196117694,1125091874744.3054,0.4785858145258481,0.3072127732930087,11250918747.443054,0.5358111307309275,0.5490276317503378,18,0.8333333333333334,2.9444444444444446,68.0,3.7777777777777777,0.4128728038728513,0.7862214804886941,0.0990284005979073,306.29717898368835,12.253635484000002,188.376367586,0.6111111111111112,0.3888888888888889,C2,C2,C2
