model_type,variant,dataset,M-of-N count,RMSE (test),MAE (test),MAPE (test),rRMSE (test),rMAE (test),rMAPE (test),maxError (test),R2 (test),RMSE (train),MAE (train),MAPE (train),rRMSE (train),rMAE (train),rMAPE (train),maxError (train),R2 (train),rules,plain conditions count,complex conditions count,conditions_count,avg conditions per rule,avg rule quality,avg rule precision,avg rule coverage,training time total (s),training time growing (s),training time pruning (s),pvalue significance fdr,pvalue significance fwer,induction measure,pruning measure,voting measure
complex,no_discretization,diabetes,0,0.4660322329589815,0.4592939748741654,656774945658197.6,0.6354984994895203,0.6263099657374984,6567749456581.977,0.5833333333333333,-0.2065891230929695,0.1198602120441031,0.0855246545340331,33109687870784.72,0.2435365234586408,0.1737722358404957,331096878707.8472,0.4166666666666667,0.635453679295332,13,0.38461538461538464,1.6153846153846154,26.0,2.0,0.6443571420409656,0.8890054390054392,0.2209072978303747,0.478241208,0.4637631510000001,0.005827183,0.7692307692307693,0.6153846153846154,C2,C2,C2
