model_type,variant,dataset,M-of-N count,RMSE (test),MAE (test),MAPE (test),rRMSE (test),rMAE (test),rMAPE (test),maxError (test),R2 (test),RMSE (train),MAE (train),MAPE (train),rRMSE (train),rMAE (train),rMAPE (train),maxError (train),R2 (train),rules,plain conditions count,complex conditions count,conditions_count,avg conditions per rule,avg rule quality,avg rule precision,avg rule coverage,training time total (s),training time growing (s),training time pruning (s),pvalue significance fdr,pvalue significance fwer,induction measure,pruning measure,voting measure
plain,no_discretization,strike,0,0.1427927931372986,0.0549455318442633,466086105673.2524,1.9499154137291408,0.7503119527584119,4660861056.732524,0.9941855717624828,-0.011346350316949,0.0720780290333593,0.0266786807589897,815018513504.6893,1.736926366253411,0.6428991559369652,8150185135.046893,0.9891428571428572,0.0828562987607801,51,1.9215686274509804,0.45098039215686275,121.0,2.372549019607843,0.3854010040622262,0.7796498610705815,0.0568348335775591,516.958790232,444.558582661,72.39308714799999,0.6862745098039216,0.5686274509803921,C2,C2,C2
