dataset,RMSE (test),MAE (test),MAPE (test),rRMSE (test),rMAE (test),rMAPE (test),maxError (test),R2 (test),RMSE (train),MAE (train),MAPE (train),rRMSE (train),rMAE (train),rMAPE (train),maxError (train),R2 (train),rules,conditions_count,avg conditions per rule
diabetes,0.40748210594658835,0.37916666666666665,656774945658197.4,0.5556574171998933,0.5170454545454546,6567749456581.974,0.5833333333333331,0.07754629629629628,4.3546529746182126e-17,1.708035422500241e-17,2.928060724286128e-17,8.847949025128755e-17,3.470451133415829e-17,2.9280607242861276e-19,1.1102230246251565e-16,1.0,34,67,15.791044776119403
