model_type,variant,dataset,M-of-N count,RMSE (test),MAE (test),MAPE (test),rRMSE (test),rMAE (test),rMAPE (test),maxError (test),R2 (test),RMSE (train),MAE (train),MAPE (train),rRMSE (train),rMAE (train),rMAPE (train),maxError (train),R2 (train),rules,plain conditions count,complex conditions count,conditions_count,avg conditions per rule,avg rule quality,avg rule precision,avg rule coverage,training time total (s),training time growing (s),training time pruning (s),pvalue significance fdr,pvalue significance fwer,induction measure,pruning measure,voting measure
complex,no_discretization,ozone,0,0.2006734146232816,0.1404655384092881,13629585774234.133,0.5964113596101879,0.4174705598064868,136295857742.34132,0.5594143088125015,0.4450969883007943,0.1524553151583871,0.0961644607387518,3249845658451.466,0.5288293744556555,0.3335704731875454,32498456584.51466,0.7484731019938797,0.5043382008681576,52,1.2884615384615385,5.576923076923077,357.0,6.865384615384615,0.5024658081727401,0.8893735092192059,0.0609298109298109,1611.105264569,1582.2155227160004,28.871337341,0.7307692307692307,0.5,C2,C2,C2
