model_type,variant,dataset,M-of-N count,RMSE (test),MAE (test),MAPE (test),rRMSE (test),rMAE (test),rMAPE (test),maxError (test),R2 (test),RMSE (train),MAE (train),MAPE (train),rRMSE (train),rMAE (train),rMAPE (train),maxError (train),R2 (train),rules,plain conditions count,complex conditions count,conditions_count,avg conditions per rule,avg rule quality,avg rule precision,avg rule coverage,training time total (s),training time growing (s),training time pruning (s),pvalue significance fdr,pvalue significance fwer,induction measure,pruning measure,voting measure
plain,no_discretization,cpu,0,0.1577841980493256,0.086814708769147,4383833301572.1553,1.293641460893034,0.7117766421959049,43838333015.72155,0.5929472078958737,0.4281803227001487,0.0505578403524136,0.0265698924400396,489683507091.6408,0.692344305252433,0.3638508605946209,4896835070.916409,0.349172982687553,0.8514334561111496,12,1.75,0.4166666666666667,26.0,2.1666666666666665,0.5436585039052166,0.736140177939541,0.0930851063829787,0.231604208,0.213483786,0.014239589,0.5833333333333334,0.5833333333333334,C2,C2,C2
