model_type,variant,dataset,M-of-N count,RMSE (test),MAE (test),MAPE (test),rRMSE (test),rMAE (test),rMAPE (test),maxError (test),R2 (test),RMSE (train),MAE (train),MAPE (train),rRMSE (train),rMAE (train),rMAPE (train),maxError (train),R2 (train),rules,plain conditions count,complex conditions count,conditions_count,avg conditions per rule,avg rule quality,avg rule precision,avg rule coverage,training time total (s),training time growing (s),training time pruning (s),pvalue significance fdr,pvalue significance fwer,induction measure,pruning measure,voting measure
plain,no_discretization,veteran,0,0.335477568687322,0.2708249726947503,21990328250059.59,0.9389184995710698,0.7579719204592543,219903282500.5959,0.6754741366791555,-0.300081189269735,0.1395057062967322,0.0665625740551049,7084923269075.155,1.138343015009443,0.5431393686184455,70849232690.75156,0.9008016032064128,0.2711478242755953,23,3.0869565217391304,0.2608695652173913,77.0,3.347826086956522,0.3845448197612562,0.7851345242080873,0.0978260869565217,0.375369265,0.3065693999999999,0.065318457,0.6086956521739131,0.4782608695652174,C2,C2,C2
