model_type,variant,dataset,M-of-N count,RMSE (test),MAE (test),MAPE (test),rRMSE (test),rMAE (test),rMAPE (test),maxError (test),R2 (test),RMSE (train),MAE (train),MAPE (train),rRMSE (train),rMAE (train),rMAPE (train),maxError (train),R2 (train),rules,plain conditions count,complex conditions count,conditions_count,avg conditions per rule,avg rule quality,avg rule precision,avg rule coverage,training time total (s),training time growing (s),training time pruning (s),pvalue significance fdr,pvalue significance fwer,induction measure,pruning measure,voting measure
plain,no_discretization,lowbwt,0,0.2192433256273301,0.1850295647611294,83163139948985.95,0.5001255530270591,0.4220790445398189,831631399489.8595,0.4041111889745387,0.4892092249258274,0.1073539500849994,0.0831947452829111,9250534990395.61,0.2039426046765668,0.1580468444334515,92505349903.9561,0.4041111889745387,0.5940200536853095,6,2.6666666666666665,0.6666666666666666,20.0,3.3333333333333335,0.4719889592917829,0.7840630561912025,0.2049019607843137,0.260300043,0.216924249,0.0406105129999999,0.8333333333333334,0.8333333333333334,C2,C2,C2
