model_type,variant,dataset,M-of-N count,RMSE (test),MAE (test),MAPE (test),rRMSE (test),rMAE (test),rMAPE (test),maxError (test),R2 (test),RMSE (train),MAE (train),MAPE (train),rRMSE (train),rMAE (train),rMAPE (train),maxError (train),R2 (train),rules,plain conditions count,complex conditions count,conditions_count,avg conditions per rule,avg rule quality,avg rule precision,avg rule coverage,training time total (s),training time growing (s),training time pruning (s),pvalue significance fdr,pvalue significance fwer,induction measure,pruning measure,voting measure
plain,no_discretization,mbagrade,0,0.3419026970112763,0.2965936012259043,387907513089405.0,0.6168299341970562,0.535087360019885,3879075130894.05,0.5167966229483296,-0.0056597545029781,0.2113306687259753,0.16005698093849,42317183246117.375,0.3801523817507471,0.287918657932691,423171832461.17377,0.5167966229483296,0.2206272134721708,7,1.1428571428571428,0.14285714285714285,9.0,1.2857142857142858,0.3319523401703853,0.6771103896103897,0.3116883116883117,0.036969478,0.032391347,0.002650664,0.1428571428571428,0.1428571428571428,C2,C2,C2
