model_type,variant,dataset,M-of-N count,RMSE (test),MAE (test),MAPE (test),rRMSE (test),rMAE (test),rMAPE (test),maxError (test),R2 (test),RMSE (train),MAE (train),MAPE (train),rRMSE (train),rMAE (train),rMAPE (train),maxError (train),R2 (train),rules,plain conditions count,complex conditions count,conditions_count,avg conditions per rule,avg rule quality,avg rule precision,avg rule coverage,training time total (s),training time growing (s),training time pruning (s),pvalue significance fdr,pvalue significance fwer,induction measure,pruning measure,voting measure
plain,no_discretization,auto-mpg,0,0.177361195562454,0.1387358870000901,19989241226453.67,0.3681749368961122,0.2879946556488897,199892412264.5367,0.481867976241358,0.5242678955724119,0.1271226052156764,0.0940462108795913,2233434773905.731,0.3344876586823522,0.2474563578341614,22334347739.05731,0.481867976241358,0.6329761372862744,13,2.230769230769231,0.3076923076923077,33.0,2.5384615384615383,0.4814737447479114,0.7962800642723606,0.1733992264718521,1.677380051,1.101163403,0.5724268880000001,0.9230769230769232,0.9230769230769232,C2,C2,C2
