model_type,variant,dataset,M-of-N count,RMSE (test),MAE (test),MAPE (test),rRMSE (test),rMAE (test),rMAPE (test),maxError (test),R2 (test),RMSE (train),MAE (train),MAPE (train),rRMSE (train),rMAE (train),rMAPE (train),maxError (train),R2 (train),rules,plain conditions count,complex conditions count,conditions_count,avg conditions per rule,avg rule quality,avg rule precision,avg rule coverage,training time total (s),training time growing (s),training time pruning (s),pvalue significance fdr,pvalue significance fwer,induction measure,pruning measure,voting measure
at_least_M-of-N,no_discretization,kidney,1,0.20561994936251482,0.1525630055177157,34231678753796.06,0.6052792501885292,0.4490966069808102,342316787537.9606,0.656325790349941,0.26319880648491467,0.2115386323562255,0.15621803011060975,29369600526055.55,0.6018104407139678,0.4444277648066545,293696005260.5555,0.656325790349941,0.25148192793565116,12,21,6,28.0,2.3333333333333335,0.5006117556099346,0.8595166488495561,0.20614035087719298,0.4458785057067871,0.28087700000000004,0.036348649999999996,0.5,0.4166666666666667,C2,C2,C2
