model_type,variant,dataset,M-of-N count,RMSE (test),MAE (test),MAPE (test),rRMSE (test),rMAE (test),rMAPE (test),maxError (test),R2 (test),RMSE (train),MAE (train),MAPE (train),rRMSE (train),rMAE (train),rMAPE (train),maxError (train),R2 (train),rules,plain conditions count,complex conditions count,conditions_count,avg conditions per rule,avg rule quality,avg rule precision,avg rule coverage,training time total (s),training time growing (s),training time pruning (s),pvalue significance fdr,pvalue significance fwer,induction measure,pruning measure,voting measure
complex,no_discretization,elusage,0,0.3391113978788175,0.2703654634638524,136155337571666.69,0.83269535713311,0.663888231311951,1361553375716.6667,0.667472490556295,0.0191401750143317,0.1411029376558238,0.0835820883399332,13615533757166.896,0.407539019030082,0.2414050540437926,136155337571.66896,0.6635271121287476,0.6936529999919725,6,0.16666666666666666,1.1666666666666667,8.0,1.3333333333333333,0.6990506026843235,0.8519951499118167,0.2733333333333334,0.22158091,0.2156329299999999,0.003143628,0.8333333333333334,0.8333333333333334,C2,C2,C2
