dataset,RMSE (test),MAE (test),MAPE (test),rRMSE (test),rMAE (test),rMAPE (test),maxError (test),R2 (test),RMSE (train),MAE (train),MAPE (train),rRMSE (train),rMAE (train),rMAPE (train),maxError (train),R2 (train),rules,conditions_count,avg conditions per rule
breasttumor,0.2800461784580634,0.2203448275862069,77648269437423.03,0.7123981732705122,0.5605263157894738,776482694374.2303,0.5,-0.10546437325846925,0.0277846078935382,0.005914396887159535,4731408168832.83,0.05661785782302028,0.01205201395496353,47314081688.3283,0.20000000000000007,0.9817980975619229,193,385,15.693506493506494
