model_type,variant,dataset,M-of-N count,RMSE (test),MAE (test),MAPE (test),rRMSE (test),rMAE (test),rMAPE (test),maxError (test),R2 (test),RMSE (train),MAE (train),MAPE (train),rRMSE (train),rMAE (train),rMAPE (train),maxError (train),R2 (train),rules,plain conditions count,complex conditions count,conditions_count,avg conditions per rule,avg rule quality,avg rule precision,avg rule coverage,training time total (s),training time growing (s),training time pruning (s),pvalue significance fdr,pvalue significance fwer,induction measure,pruning measure,voting measure
complex,no_discretization,cholesterol,0,0.4271384782336591,0.3687112090711565,39176809691522.16,0.7059846940905165,0.609414706022925,391768096915.2216,0.7482678983833718,-2.1370173553105536,0.1202393668804108,0.0873959725717188,4152749447025.489,0.4498900173951979,0.3270025170680314,41527494470.25489,0.7482678983833718,0.0006998563511915,11,0.18181818181818182,1.8181818181818181,22.0,2.0,0.426985767205186,0.8196503496503496,0.0266400266400266,10.255707125,10.10959724,0.1361768619999999,0.8181818181818182,0.0909090909090909,C2,C2,C2
