dataset,RMSE (test),MAE (test),MAPE (test),rRMSE (test),rMAE (test),rMAPE (test),maxError (test),R2 (test),RMSE (train),MAE (train),MAPE (train),rRMSE (train),rMAE (train),rMAPE (train),maxError (train),R2 (train),rules,conditions_count,avg conditions per rule
kidney,0.5314184807696203,0.3729707792207792,221158910272658.78,1.0750534783385421,0.7545155993431855,2211589102726.588,1.0,-1.4469359212216357,9.520083895792555e-18,3.2653618371328133e-18,3.0476710479906254e-17,2.918879184796945e-17,1.0011673007891912e-17,3.0476710479906254e-19,2.7755575615628914e-17,1.0,46,91,16.043956043956044
