model_type,variant,dataset,M-of-N count,RMSE (test),MAE (test),MAPE (test),rRMSE (test),rMAE (test),rMAPE (test),maxError (test),R2 (test),RMSE (train),MAE (train),MAPE (train),rRMSE (train),rMAE (train),rMAPE (train),maxError (train),R2 (train),rules,plain conditions count,complex conditions count,conditions_count,avg conditions per rule,avg rule quality,avg rule precision,avg rule coverage,training time total (s),training time growing (s),training time pruning (s),pvalue significance fdr,pvalue significance fwer,induction measure,pruning measure,voting measure
plain,no_discretization,diabetes,0,0.439252410139629,0.3581779448065864,799940126043600.8,0.7028038562234066,0.5730847116905384,7999401260436.008,0.7104895570041241,-0.2487076805905665,0.167512662197072,0.1256886917046383,48115380634300.56,0.3393763026330291,0.2546420247522542,481153806343.0056,0.4166666666666667,0.3091365558668342,9,0.8888888888888888,0.5555555555555556,13.0,1.4444444444444444,0.3046408269511853,0.7351851851851852,0.1339031339031339,0.168875185,0.152048732,0.0147705129999999,0.0,0.0,C2,C2,C2
