model_type,variant,dataset,M-of-N count,RMSE (test),MAE (test),MAPE (test),rRMSE (test),rMAE (test),rMAPE (test),maxError (test),R2 (test),RMSE (train),MAE (train),MAPE (train),rRMSE (train),rMAE (train),rMAPE (train),maxError (train),R2 (train),rules,plain conditions count,complex conditions count,conditions_count,avg conditions per rule,avg rule quality,avg rule precision,avg rule coverage,training time total (s),training time growing (s),training time pruning (s),pvalue significance fdr,pvalue significance fwer,induction measure,pruning measure,voting measure
at_least_M-of-N,no_discretization,machine,0,0.3273717476774759,0.2094813883375805,5046007542048.338,1.2788101975708954,0.8182958288487585,50460075420.483376,0.977339311385952,-0.3038756354313499,0.1183624541909252,0.0460950771381673,1160338552251.5193,1.3199445062610533,0.5140392217287112,11603385522.515192,0.9772727272727272,0.342391356764543,9,1.7777777777777777,1.6666666666666667,31.0,3.4444444444444446,0.5798535352737539,0.8680427245107208,0.3670212765957447,3.6922903060913086,0.4855957989999999,0.172885963,0.7777777777777778,0.7777777777777778,C2,C2,C2
