model_type,variant,dataset,M-of-N count,RMSE (test),MAE (test),MAPE (test),rRMSE (test),rMAE (test),rMAPE (test),maxError (test),R2 (test),RMSE (train),MAE (train),MAPE (train),rRMSE (train),rMAE (train),rMAPE (train),maxError (train),R2 (train),rules,plain conditions count,complex conditions count,conditions_count,avg conditions per rule,avg rule quality,avg rule precision,avg rule coverage,training time total (s),training time growing (s),training time pruning (s),pvalue significance fdr,pvalue significance fwer,induction measure,pruning measure,voting measure
complex,no_discretization,ele-1,0,0.2318209558133689,0.1604102967523291,6911482412342.538,0.7054284162282752,0.4881266285339742,69114824123.42538,0.7051771307997394,-0.0969444791699569,0.1243825213037627,0.0701455788034674,1328831688310.4368,0.5787097331072409,0.3263636141357071,13288316883.104368,0.9091799905294928,0.3259481800197723,41,0.9512195121951219,8.121951219512194,372.0,9.073170731707316,0.5421160199504695,0.8880748639094737,0.1024827737066608,1201.444193302,1189.277167956,12.155854093,0.902439024390244,0.7073170731707317,C2,C2,C2
