model_type,variant,dataset,M-of-N count,RMSE (test),MAE (test),MAPE (test),rRMSE (test),rMAE (test),rMAPE (test),maxError (test),R2 (test),RMSE (train),MAE (train),MAPE (train),rRMSE (train),rMAE (train),rMAPE (train),maxError (train),R2 (train),rules,plain conditions count,complex conditions count,conditions_count,avg conditions per rule,avg rule quality,avg rule precision,avg rule coverage,training time total (s),training time growing (s),training time pruning (s),pvalue significance fdr,pvalue significance fwer,induction measure,pruning measure,voting measure
exact_M-of-N,no_discretization,gascons,0.3333333333333333,0.5418555670780338,0.4757100643727993,1655403298965462.0,1.0837111341560677,0.9514201287455986,16554032989654.62,0.735146743020759,-0.1744298222938303,0.1858055412603353,0.126564576656126,85555468089432.31,0.3414860037108461,0.2326089480458454,855554680894.3231,0.5250717472226509,0.6578652870736682,3,0.3333333333333333,0.6666666666666666,4.0,1.3333333333333333,0.6291231732699988,0.828042328042328,0.4666666666666666,0.0338168144226074,0.020282589,0.000265116,0.3333333333333333,0.3333333333333333,C2,C2,C2
