model_type,variant,dataset,M-of-N count,RMSE (test),MAE (test),MAPE (test),rRMSE (test),rMAE (test),rMAPE (test),maxError (test),R2 (test),RMSE (train),MAE (train),MAPE (train),rRMSE (train),rMAE (train),rMAPE (train),maxError (train),R2 (train),rules,plain conditions count,complex conditions count,conditions_count,avg conditions per rule,avg rule quality,avg rule precision,avg rule coverage,training time total (s),training time growing (s),training time pruning (s),pvalue significance fdr,pvalue significance fwer,induction measure,pruning measure,voting measure
at_least_M-of-N,no_discretization,concrete,0.2777777777777778,0.2224321588619747,0.1676467044133664,152378474367714.1,0.6115077588250285,0.460892260429997,1523784743677.1409,0.4414165846018077,0.3926513725449813,0.1339003559330561,0.0840478767634917,14736250477894.488,0.293535099286881,0.1842489639307414,147362504778.9449,0.5333943743535201,0.5006027247691958,18,2.388888888888889,1.1111111111111112,68.0,3.7777777777777777,0.4824074209620406,0.7881477092261407,0.09557945041816,0.6878950595855713,0.450289057,0.092840229,0.6666666666666666,0.2777777777777778,C2,C2,C2
