model_type,variant,dataset,M-of-N count,RMSE (test),MAE (test),MAPE (test),rRMSE (test),rMAE (test),rMAPE (test),maxError (test),R2 (test),RMSE (train),MAE (train),MAPE (train),rRMSE (train),rMAE (train),rMAPE (train),maxError (train),R2 (train),rules,plain conditions count,complex conditions count,conditions_count,avg conditions per rule,avg rule quality,avg rule precision,avg rule coverage,training time total (s),training time growing (s),training time pruning (s),pvalue significance fdr,pvalue significance fwer,induction measure,pruning measure,voting measure
exact_M-of-N,no_discretization,pharynx,0.5555555555555556,0.1718723915221789,0.1453222892463766,37454680371248.8,0.5166203208205573,0.4368150523067157,374546803712.488,0.3685130335116744,0.6254313253858483,0.1779765553131928,0.1287559286722129,8725904446614.172,0.5955276171010313,0.4308304049084462,87259044466.14172,0.6993248021023518,0.3969857325750918,9,1.3333333333333333,1.3333333333333333,29.0,3.2222222222222223,0.4570535355983158,0.7654843455859874,0.2476190476190476,0.2524213790893554,0.073093991,0.0087492519999999,0.3333333333333333,0.3333333333333333,C2,C2,C2
