model_type,variant,dataset,M-of-N count,RMSE (test),MAE (test),MAPE (test),rRMSE (test),rMAE (test),rMAPE (test),maxError (test),R2 (test),RMSE (train),MAE (train),MAPE (train),rRMSE (train),rMAE (train),rMAPE (train),maxError (train),R2 (train),rules,plain conditions count,complex conditions count,conditions_count,avg conditions per rule,avg rule quality,avg rule precision,avg rule coverage,training time total (s),training time growing (s),training time pruning (s),pvalue significance fdr,pvalue significance fwer,induction measure,pruning measure,voting measure
plain,no_discretization,cpu,0,0.238289459299553,0.1553486447146208,1578179988566.3274,0.9475022329426848,0.617707506594687,15781799885.663277,0.6831262999272639,0.3692333031918628,0.062152883674208,0.0196207362355062,352572125105.56635,0.9183496964146648,0.2899092704975611,3525721251.055664,0.4994665517998448,0.7705101389952409,29,2.3448275862068964,0.27586206896551724,76.0,2.6206896551724137,0.6417991358069124,0.8665475375767288,0.0594277329420396,2.975359664,2.5482325990000003,0.418544378,0.7241379310344828,0.7241379310344828,C2,C2,C2
