model_type,variant,dataset,M-of-N count,RMSE (test),MAE (test),MAPE (test),rRMSE (test),rMAE (test),rMAPE (test),maxError (test),R2 (test),RMSE (train),MAE (train),MAPE (train),rRMSE (train),rMAE (train),rMAPE (train),maxError (train),R2 (train),rules,plain conditions count,complex conditions count,conditions_count,avg conditions per rule,avg rule quality,avg rule precision,avg rule coverage,training time total (s),training time growing (s),training time pruning (s),pvalue significance fdr,pvalue significance fwer,induction measure,pruning measure,voting measure
complex,no_discretization,auto-mpg,0,0.219757617236062,0.1618453718143688,19221485684151.742,0.4561834768972146,0.3359664404929013,192214856841.51743,0.5301963993453356,0.2696464909119741,0.1330748373716483,0.0825924875624994,2047385666079.5647,0.3501492964721617,0.2173190813912375,20473856660.79565,0.5851063829787234,0.5978013388212104,49,1.7551020408163265,6.857142857142857,422.0,8.612244897959183,0.581649841749169,0.9152827064688102,0.0948010489111845,1944.954338869,1926.894566232,18.035217365,0.9591836734693876,0.8979591836734694,C2,C2,C2
