model_type,variant,dataset,M-of-N count,RMSE (test),MAE (test),MAPE (test),rRMSE (test),rMAE (test),rMAPE (test),maxError (test),R2 (test),RMSE (train),MAE (train),MAPE (train),rRMSE (train),rMAE (train),rMAPE (train),maxError (train),R2 (train),rules,plain conditions count,complex conditions count,conditions_count,avg conditions per rule,avg rule quality,avg rule precision,avg rule coverage,training time total (s),training time growing (s),training time pruning (s),pvalue significance fdr,pvalue significance fwer,induction measure,pruning measure,voting measure
at_least_M-of-N,no_discretization,auto-price,0,0.205718886146741,0.1184090918632589,22259776227038.047,0.743761734586596,0.428099496378866,222597762270.3805,0.7255381942077056,0.4806442037980496,0.1117270886531248,0.0664184978091633,2243101775771.1816,0.4982851993138189,0.2962160279832709,22431017757.71181,0.617734971770176,0.6895417186136936,15,2.1333333333333333,1.0666666666666667,48.0,3.2,0.5780044124419681,0.8573602046102048,0.158041958041958,20.11160683631897,2.4255401669999994,1.7362604460000002,0.8,0.7333333333333333,C2,C2,C2
