model_type,variant,dataset,M-of-N count,RMSE (test),MAE (test),MAPE (test),rRMSE (test),rMAE (test),rMAPE (test),maxError (test),R2 (test),RMSE (train),MAE (train),MAPE (train),rRMSE (train),rMAE (train),rMAPE (train),maxError (train),R2 (train),rules,plain conditions count,complex conditions count,conditions_count,avg conditions per rule,avg rule quality,avg rule precision,avg rule coverage,training time total (s),training time growing (s),training time pruning (s),pvalue significance fdr,pvalue significance fwer,induction measure,pruning measure,voting measure
complex,no_discretization,cholesterol,0,0.2621149878754037,0.2339277656287965,60357520779194.8,1.2601886102629691,1.1246709249980182,603575207791.948,0.5979381443298969,-1.2131998765609686,0.1676967936456574,0.1288612527824542,6632694591120.505,0.4056864209504541,0.3117367917657818,66326945911.20505,0.5979381443298969,0.0196029502654406,6,0.3333333333333333,1.3333333333333333,10.0,1.6666666666666667,0.4003244990450046,0.7845238095238095,0.0183150183150183,8.135911871,8.093718026,0.033842521,0.8333333333333334,0.1666666666666666,C2,C2,C2
