model_type,variant,dataset,M-of-N count,RMSE (test),MAE (test),MAPE (test),rRMSE (test),rMAE (test),rMAPE (test),maxError (test),R2 (test),RMSE (train),MAE (train),MAPE (train),rRMSE (train),rMAE (train),rMAPE (train),maxError (train),R2 (train),rules,plain conditions count,complex conditions count,conditions_count,avg conditions per rule,avg rule quality,avg rule precision,avg rule coverage,training time total (s),training time growing (s),training time pruning (s),pvalue significance fdr,pvalue significance fwer,induction measure,pruning measure,voting measure
exact_M-of-N,no_discretization,auto-price,0.09090909090909091,0.2560313591448449,0.1598556416165415,19827054062639.54,0.8833570327634253,0.5515324596195069,198270540626.3954,0.6178769456877546,0.1009058492088674,0.1380072624764876,0.0862341518163733,2557301349921.913,0.6731750704818487,0.4206349737342241,25573013499.21913,0.6185872145431355,0.4650394578041594,11,2.3636363636363638,0.09090909090909091,28.0,2.5454545454545454,0.4960839672221979,0.8155387749477607,0.214240305149396,8.520493268966675,1.0485918,0.444351047,0.7272727272727273,0.7272727272727273,C2,C2,C2
