model_type,variant,dataset,M-of-N count,RMSE (test),MAE (test),MAPE (test),rRMSE (test),rMAE (test),rMAPE (test),maxError (test),R2 (test),RMSE (train),MAE (train),MAPE (train),rRMSE (train),rMAE (train),rMAPE (train),maxError (train),R2 (train),rules,plain conditions count,complex conditions count,conditions_count,avg conditions per rule,avg rule quality,avg rule precision,avg rule coverage,training time total (s),training time growing (s),training time pruning (s),pvalue significance fdr,pvalue significance fwer,induction measure,pruning measure,voting measure
plain,no_discretization,echomonths,0,0.2925117835403766,0.2314621863146579,59726166824022.5,0.626046561113855,0.4953855329051522,597261668240.225,0.6666666666666667,0.262550992089819,0.1565809387753528,0.1031972089943099,17631301989294.94,0.4122535652162763,0.2717024029937043,176313019892.9494,0.5964912280701755,0.669489462159675,29,3.4482758620689653,0.5517241379310345,116.0,4.0,0.4451913755582806,0.7977424873976598,0.0621868552903035,3.890210873,3.1940644310000006,0.691099957,0.4482758620689655,0.2068965517241379,C2,C2,C2
