model_type,variant,dataset,M-of-N count,RMSE (test),MAE (test),MAPE (test),rRMSE (test),rMAE (test),rMAPE (test),maxError (test),R2 (test),RMSE (train),MAE (train),MAPE (train),rRMSE (train),rMAE (train),rMAPE (train),maxError (train),R2 (train),rules,plain conditions count,complex conditions count,conditions_count,avg conditions per rule,avg rule quality,avg rule precision,avg rule coverage,training time total (s),training time growing (s),training time pruning (s),pvalue significance fdr,pvalue significance fwer,induction measure,pruning measure,voting measure
complex,no_discretization,pyrim,0,0.4559610053942456,0.4205524025487163,370393148698692.8,1.1841659513787923,1.0922070746776682,3703931486986.928,0.6579504029579133,-0.4964971226790289,0.137299228366446,0.0707685692814476,61318719409698.42,0.1984994731181607,0.1023132022140805,613187194096.9843,0.898622394505131,0.2570261897091093,11,0.09090909090909091,2.6363636363636362,30.0,2.727272727272727,0.4275773286613279,0.7790883030013465,0.1446280991735537,135.962033648,115.398123362,20.538969823,0.7272727272727273,0.3636363636363636,C2,C2,C2
