model_type,variant,dataset,M-of-N count,RMSE (test),MAE (test),MAPE (test),rRMSE (test),rMAE (test),rMAPE (test),maxError (test),R2 (test),RMSE (train),MAE (train),MAPE (train),rRMSE (train),rMAE (train),rMAPE (train),maxError (train),R2 (train),rules,plain conditions count,complex conditions count,conditions_count,avg conditions per rule,avg rule quality,avg rule precision,avg rule coverage,training time total (s),training time growing (s),training time pruning (s),pvalue significance fdr,pvalue significance fwer,induction measure,pruning measure,voting measure
complex,no_discretization,cholesterol,0,0.3307958586030587,0.2728827549272789,39072325534265.086,0.6706172387289168,0.5532109149699594,390723255342.6509,0.7769671898516223,-0.8489951128430395,0.1054514628697784,0.0731045387487077,4293662146622.888,0.3824694619385735,0.2651480865183808,42936621466.22888,0.4155251141552512,0.2011657585524009,60,0.6166666666666667,2.716666666666667,200.0,3.3333333333333335,0.3582123373619328,0.7798594325064913,0.0269841269841269,50.067918267,48.64805415,1.4053658290000006,0.2,0.1,C2,C2,C2
