model_type,variant,dataset,M-of-N count,RMSE (test),MAE (test),MAPE (test),rRMSE (test),rMAE (test),rMAPE (test),maxError (test),R2 (test),RMSE (train),MAE (train),MAPE (train),rRMSE (train),rMAE (train),rMAPE (train),maxError (train),R2 (train),rules,plain conditions count,complex conditions count,conditions_count,avg conditions per rule,avg rule quality,avg rule precision,avg rule coverage,training time total (s),training time growing (s),training time pruning (s),pvalue significance fdr,pvalue significance fwer,induction measure,pruning measure,voting measure
plain,no_discretization,machine,0,0.3030504358418774,0.2055967586630937,5542575880917.047,1.2084136129194865,0.8198170751690862,55425758809.17047,0.7716715872471983,-0.3300672897686203,0.0473821201098345,0.0285065671279706,1238235037226.7566,0.5329794631936373,0.3206571341708629,12382350372.267569,0.2893356643356644,0.894272722046741,9,1.8888888888888888,0.3333333333333333,20.0,2.2222222222222223,0.5889682181612211,0.7846350176832467,0.2588652482269504,0.704403201,0.537281885,0.133228116,0.6666666666666666,0.6666666666666666,C2,C2,C2
