model_type,variant,dataset,M-of-N count,RMSE (test),MAE (test),MAPE (test),rRMSE (test),rMAE (test),rMAPE (test),maxError (test),R2 (test),RMSE (train),MAE (train),MAPE (train),rRMSE (train),rMAE (train),rMAPE (train),maxError (train),R2 (train),rules,plain conditions count,complex conditions count,conditions_count,avg conditions per rule,avg rule quality,avg rule precision,avg rule coverage,training time total (s),training time growing (s),training time pruning (s),pvalue significance fdr,pvalue significance fwer,induction measure,pruning measure,voting measure
exact_M-of-N,no_discretization,concrete,0.35714285714285715,0.2324094452669014,0.1865721132083195,132776278781066.58,0.4208159350999009,0.337819825666547,1327762787810.6658,0.3900489051318936,0.5062258321920495,0.117293791253985,0.076769847962854,8262720466996.626,0.263542411493648,0.1724908935573678,82627204669.96626,0.4726656990807934,0.6043324964995634,14,2.4285714285714284,1.2142857142857142,56.0,4.0,0.4999353324568064,0.7772161172161173,0.1175115207373271,1.156590461730957,0.5112156,0.101389936,0.5714285714285714,0.3571428571428571,C2,C2,C2
