model_type,variant,dataset,M-of-N count,RMSE (test),MAE (test),MAPE (test),rRMSE (test),rMAE (test),rMAPE (test),maxError (test),R2 (test),RMSE (train),MAE (train),MAPE (train),rRMSE (train),rMAE (train),rMAPE (train),maxError (train),R2 (train),rules,plain conditions count,complex conditions count,conditions_count,avg conditions per rule,avg rule quality,avg rule precision,avg rule coverage,training time total (s),training time growing (s),training time pruning (s),pvalue significance fdr,pvalue significance fwer,induction measure,pruning measure,voting measure
at_least_M-of-N,no_discretization,cholesterol,0.22580645161290322,0.255507195788041,0.1872440281305575,40465396563500.36,0.6738690477478182,0.4938332736330325,404653965635.0036,0.7671232876712328,-0.2256037465777853,0.1134735829750813,0.0758444415035017,4271645496683.771,0.4116812467665292,0.2751630240258596,42716454966.83771,0.7507042521676459,0.1092525880311399,62,2.2580645161290325,2.2419354838709675,293.0,4.725806451612903,0.332908991330077,0.7841734710584026,0.0448292220113852,6.554351568222046,3.905328572999998,2.375335605,0.0161290322580645,0.0161290322580645,C2,C2,C2
