dataset,BAcc (test),BAcc (train),Acc (test),Acc (train),rules,conditions_count,avg conditions per rule
soybean,0.8596491228070174,0.9993581514762516,0.8695652173913043,0.998371335504886,71,141,9.886524822695035
