model_type,variant,dataset,M-of-N count,RMSE (test),MAE (test),MAPE (test),rRMSE (test),rMAE (test),rMAPE (test),maxError (test),R2 (test),RMSE (train),MAE (train),MAPE (train),rRMSE (train),rMAE (train),rMAPE (train),maxError (train),R2 (train),rules,plain conditions count,complex conditions count,conditions_count,avg conditions per rule,avg rule quality,avg rule precision,avg rule coverage,training time total (s),training time growing (s),training time pruning (s),pvalue significance fdr,pvalue significance fwer,induction measure,pruning measure,voting measure
complex,no_discretization,pharynx,0,0.3290879223846786,0.2480151221374185,56903271694731.13,0.9027721748667156,0.6803687889527228,569032716947.3113,0.759933774834437,-0.1922916704066477,0.1171344845917219,0.0628505219918772,56487051316.93142,0.3863519025123617,0.2073037571309113,564870513.1693141,0.5879942475775282,0.7385388646728701,61,0.18032786885245902,1.4098360655737705,97.0,1.5901639344262295,0.5647446276320348,0.7033202538897178,0.048155737704918,2206.869133843,2206.29904698,0.2532435069999999,0.9836065573770492,0.8852459016393442,C2,C2,C2
