dataset,M-of-N count,BAcc (test),BAcc (train),Acc (test),Acc (train),rules,conditions_count,avg conditions per rule,avg rule quality,avg rule precision,avg rule coverage,training time total (s),training time growing (s),training time pruning (s),rules_per_example (train) ,rules_per_example (test) ,voting_conflicts (train) ,voting_conflicts (test) ,negative_voting_conflicts (train) ,negative_voting_conflicts (test) ,induction measure,pruning measure,voting measure,variant,model_type,M-of-N count (std),BAcc (test) (std),BAcc (train) (std),Acc (test) (std),Acc (train) (std),rules (std),conditions_count (std),avg conditions per rule (std),avg rule quality (std),avg rule precision (std),avg rule coverage (std),training time total (s) (std),training time growing (s) (std),training time pruning (s) (std),rules_per_example (train)  (std),rules_per_example (test)  (std),voting_conflicts (train)  (std),voting_conflicts (test)  (std),negative_voting_conflicts (train)  (std),negative_voting_conflicts (test)  (std)
anneal,0.5555555555555556,0.9690196078431372,0.9830796371058543,0.9925925925925926,0.996837353698287,18.333333333333332,33.666666666666664,1.8337011510257122,0.6966203060813991,0.998459290181455,0.09841320986834665,1689677556.080804,0.040878217444444406,0.00615604188888889,1.8173876874708488,1.8012068248023303,3.4444444444444446,0.8888888888888888,3.4444444444444446,0.5555555555555556,C2,C2,C2,no_discretization,at_least_M-of-N,0.7264831572567789,0.08348538607793171,0.015171466861778282,0.011111111111111086,0.005906754207009689,1.6583123951777001,3.8078865529319543,0.07144464251822852,0.004790357663659659,0.003400944694413353,0.01736022021767437,78.10874934357045,0.016831918060882127,0.0008425784710787245,0.4281748879756771,0.41392011870247347,4.503085362035432,0.7817359599705717,4.503085362035432,0.7264831572567789
