model_type,variant,dataset,M-of-N count,RMSE (test),MAE (test),MAPE (test),rRMSE (test),rMAE (test),rMAPE (test),maxError (test),R2 (test),RMSE (train),MAE (train),MAPE (train),rRMSE (train),rMAE (train),rMAPE (train),maxError (train),R2 (train),rules,plain conditions count,complex conditions count,conditions_count,avg conditions per rule,avg rule quality,avg rule precision,avg rule coverage,training time total (s),training time growing (s),training time pruning (s),pvalue significance fdr,pvalue significance fwer,induction measure,pruning measure,voting measure
exact_M-of-N,no_discretization,pharynx,0,0.1680612400008899,0.1386597534261316,40673535096196.8,0.6667082822272776,0.5500709504482092,406735350961.968,0.468945868945869,0.5896001926193506,0.1847487093974158,0.1346723823767703,8458430960392.654,0.5879586277776421,0.4285918391530554,84584309603.92654,0.7407407407407407,0.3836864159347963,6,0.5,1.3333333333333333,11.0,1.8333333333333333,0.3880380608213223,0.7919467787114846,0.2152380952380952,0.1421270370483398,0.057250493,0.0482846699999999,0.6666666666666666,0.3333333333333333,C2,C2,C2
