model_type,variant,dataset,M-of-N count,RMSE (test),MAE (test),MAPE (test),rRMSE (test),rMAE (test),rMAPE (test),maxError (test),R2 (test),RMSE (train),MAE (train),MAPE (train),rRMSE (train),rMAE (train),rMAPE (train),maxError (train),R2 (train),rules,plain conditions count,complex conditions count,conditions_count,avg conditions per rule,avg rule quality,avg rule precision,avg rule coverage,training time total (s),training time growing (s),training time pruning (s),pvalue significance fdr,pvalue significance fwer,induction measure,pruning measure,voting measure
at_least_M-of-N,no_discretization,echomonths,0.38461538461538464,0.3858461664065592,0.2697047616739785,24310929162594.367,0.8258049049311116,0.5772339716315029,243109291625.9437,0.9097508408960968,-0.2831388168987203,0.2243988904442078,0.1533113145005804,57466156038818.69,0.5908078169650305,0.4036451466262815,574661560388.1869,0.912280701754386,0.321188898662385,26,1.2307692307692308,2,94.0,3.6153846153846154,0.4765370621595885,0.8509056489159756,0.1255752794214332,0.7347366809844971,0.48220468,0.089227108,0.4615384615384615,0.3461538461538461,C2,C2,C2
