model_type,variant,dataset,M-of-N count,RMSE (test),MAE (test),MAPE (test),rRMSE (test),rMAE (test),rMAPE (test),maxError (test),R2 (test),RMSE (train),MAE (train),MAPE (train),rRMSE (train),rMAE (train),rMAPE (train),maxError (train),R2 (train),rules,plain conditions count,complex conditions count,conditions_count,avg conditions per rule,avg rule quality,avg rule precision,avg rule coverage,training time total (s),training time growing (s),training time pruning (s),pvalue significance fdr,pvalue significance fwer,induction measure,pruning measure,voting measure
complex,no_discretization,auto-price,0,0.1475093391726304,0.1111705493540081,19580207858347.08,0.5977791498785483,0.4505168069839789,195802078583.4708,0.3734718418063999,0.6404753239705019,0.1202311534586215,0.0674260894269255,2361188401819.8843,0.5582435552830093,0.3130651149701496,23611884018.19884,0.6237154955726721,0.6327544033339907,19,1.1578947368421053,4.157894736842105,101.0,5.315789473684211,0.5653225540223351,0.8200468645962681,0.1210894368789105,846.695974962,821.9216188519999,24.758500824,0.7368421052631579,0.6842105263157895,C2,C2,C2
