model_type,variant,dataset,M-of-N count,RMSE (test),MAE (test),MAPE (test),rRMSE (test),rMAE (test),rMAPE (test),maxError (test),R2 (test),RMSE (train),MAE (train),MAPE (train),rRMSE (train),rMAE (train),rMAPE (train),maxError (train),R2 (train),rules,plain conditions count,complex conditions count,conditions_count,avg conditions per rule,avg rule quality,avg rule precision,avg rule coverage,training time total (s),training time growing (s),training time pruning (s),pvalue significance fdr,pvalue significance fwer,induction measure,pruning measure,voting measure
complex,no_discretization,cloud,0,0.3664050868968932,0.2217398762204656,85732562437902.3,1.6486890688713385,0.9977484569160469,857325624379.023,0.9114688128772636,-0.1865429572622379,0.1489355751844355,0.0771640895681529,3315828025431.6016,0.6241880504274062,0.3233942096836549,33158280254.316017,0.7283702213279677,0.3600127633944776,26,0.8846153846153846,3.269230769230769,108.0,4.153846153846154,0.6278536895132003,0.8419872602457742,0.1225218080888184,28.118873971,27.76729277,0.340631492,0.8461538461538461,0.6538461538461539,C2,C2,C2
