model_type,variant,dataset,M-of-N count,RMSE (test),MAE (test),MAPE (test),rRMSE (test),rMAE (test),rMAPE (test),maxError (test),R2 (test),RMSE (train),MAE (train),MAPE (train),rRMSE (train),rMAE (train),rMAPE (train),maxError (train),R2 (train),rules,plain conditions count,complex conditions count,conditions_count,avg conditions per rule,avg rule quality,avg rule precision,avg rule coverage,training time total (s),training time growing (s),training time pruning (s),pvalue significance fdr,pvalue significance fwer,induction measure,pruning measure,voting measure
exact_M-of-N,no_discretization,machine,6,0.1321844346224083,0.04943426883355847,878316718509.6617,1.4469513016536204,0.5411301250358158,8783167185.096617,0.9751819174936618,0.2768553583960667,0.11630742845608824,0.04520917993068801,966568637594.2888,1.3356054423004118,0.5191553760485942,9665686375.942888,0.9751819174936618,0.3122797311507778,11,14,5,25.000000000000004,2.272727272727273,0.5865237270923553,0.8797405076353396,0.3270987385819922,0.1723160743713379,0.09436380200000001,0.017450836,0.8181818181818182,0.7272727272727273,C2,C2,C2
