model_type,variant,dataset,M-of-N count,RMSE (test),MAE (test),MAPE (test),rRMSE (test),rMAE (test),rMAPE (test),maxError (test),R2 (test),RMSE (train),MAE (train),MAPE (train),rRMSE (train),rMAE (train),rMAPE (train),maxError (train),R2 (train),rules,plain conditions count,complex conditions count,conditions_count,avg conditions per rule,avg rule quality,avg rule precision,avg rule coverage,training time total (s),training time growing (s),training time pruning (s),pvalue significance fdr,pvalue significance fwer,induction measure,pruning measure,voting measure
exact_M-of-N,no_discretization,concrete,0.6190476190476191,0.3029962045610968,0.2150142925478397,279521922215978.7,0.5699928600654296,0.404482332515738,2795219222159.787,0.6206633478633228,-0.2386527479337203,0.1226561815159125,0.0735710179584063,17231338992831.977,0.2747095471162226,0.1647749079944356,172313389928.31976,0.5824866956942429,0.6009843235066094,21,2.3333333333333335,1.0476190476190477,84.0,4.0,0.4972283334720495,0.7971463304170072,0.1121351766513056,1.6371655464172363,0.8878726830000001,0.1741847179999999,0.5238095238095238,0.238095238095238,C2,C2,C2
