model_type,variant,dataset,M-of-N count,RMSE (test),MAE (test),MAPE (test),rRMSE (test),rMAE (test),rMAPE (test),maxError (test),R2 (test),RMSE (train),MAE (train),MAPE (train),rRMSE (train),rMAE (train),rMAPE (train),maxError (train),R2 (train),rules,plain conditions count,complex conditions count,conditions_count,avg conditions per rule,avg rule quality,avg rule precision,avg rule coverage,training time total (s),training time growing (s),training time pruning (s),pvalue significance fdr,pvalue significance fwer,induction measure,pruning measure,voting measure
plain,no_discretization,echomonths,0,0.2952459299679531,0.2364687063671544,105413639745410.66,0.6529712890992491,0.5229785082725865,1054136397454.1066,0.5789473684210527,0.2868719879526678,0.175840426532478,0.1217908860643757,11533001925002.928,0.4453778217034167,0.3084783209887285,115330019250.02928,0.543859649122807,0.608044808793959,23,3.4347826086956523,0.391304347826087,88.0,3.8260869565217392,0.4485531084157586,0.8123142703463071,0.0806391675956893,2.844256556,2.290792875,0.54836466,0.391304347826087,0.3043478260869565,C2,C2,C2
