model_type,variant,dataset,M-of-N count,RMSE (test),MAE (test),MAPE (test),rRMSE (test),rMAE (test),rMAPE (test),maxError (test),R2 (test),RMSE (train),MAE (train),MAPE (train),rRMSE (train),rMAE (train),rMAPE (train),maxError (train),R2 (train),rules,plain conditions count,complex conditions count,conditions_count,avg conditions per rule,avg rule quality,avg rule precision,avg rule coverage,training time total (s),training time growing (s),training time pruning (s),pvalue significance fdr,pvalue significance fwer,induction measure,pruning measure,voting measure
plain,no_discretization,ele-1,0,0.1355342529570192,0.0931857034778852,12236140109725.893,0.6199794374170209,0.426262872720815,122361401097.25893,0.4935937773869333,0.4915188830589799,0.1086185737365068,0.0761183408349842,2749694406680.6543,0.4996017137367035,0.3501137256709449,27496944066.80654,0.476366030283081,0.4872623950823793,21,0.9047619047619048,0.6666666666666666,33.0,1.5714285714285714,0.3706525878432393,0.7160763863123595,0.1390048154093098,201.66186645,180.970970667,20.687158177,0.3333333333333333,0.2857142857142857,C2,C2,C2
