model_type,variant,dataset,M-of-N count,RMSE (test),MAE (test),MAPE (test),rRMSE (test),rMAE (test),rMAPE (test),maxError (test),R2 (test),RMSE (train),MAE (train),MAPE (train),rRMSE (train),rMAE (train),rMAPE (train),maxError (train),R2 (train),rules,plain conditions count,complex conditions count,conditions_count,avg conditions per rule,avg rule quality,avg rule precision,avg rule coverage,training time total (s),training time growing (s),training time pruning (s),pvalue significance fdr,pvalue significance fwer,induction measure,pruning measure,voting measure
plain,no_discretization,veteran,0,0.12191795721896341,0.0641424326578547,3755637414389.485,0.9618759393216768,0.5060539404572215,37556374143.89485,0.7915831663326653,0.4117274056822756,0.1181315185132773,0.061315254210452745,4139425179363.545,0.9773478155782618,0.5072848509729132,41394251793.63545,0.7915831663326653,0.4378292083520833,26,56,39,105.0,4.038461538461538,0.4125237281337884,0.7824682437385257,0.06737787759685569,1.235234807,1.1137181720000002,0.093390403,0.5769230769230769,0.46153846153846156,C2,C2,C2
