model_type,variant,dataset,M-of-N count,RMSE (test),MAE (test),MAPE (test),rRMSE (test),rMAE (test),rMAPE (test),maxError (test),R2 (test),RMSE (train),MAE (train),MAPE (train),rRMSE (train),rMAE (train),rMAPE (train),maxError (train),R2 (train),rules,plain conditions count,complex conditions count,conditions_count,avg conditions per rule,avg rule quality,avg rule precision,avg rule coverage,training time total (s),training time growing (s),training time pruning (s),pvalue significance fdr,pvalue significance fwer,induction measure,pruning measure,voting measure
at_least_M-of-N,no_discretization,strike,0.03773584905660377,0.1469628277771964,0.0608452304788879,588712784186.4432,2.0068595678525414,0.8308756356394517,5887127841.864432,0.9896952068627616,-0.0712783634541209,0.0779894969458398,0.0329545204874802,1281480280001.322,1.8793801017141336,0.7941334729817732,12814802800.01322,0.990886271570319,-0.0737515926998091,53,2.452830188679245,3.6792452830188678,327.0,6.169811320754717,0.4902404485800163,0.9356968502334596,0.1702477674075068,1227.7903864383698,37.37139276600002,105.899699989,0.6415094339622641,0.5471698113207547,C2,C2,C2
