model_type,variant,dataset,M-of-N count,RMSE (test),MAE (test),MAPE (test),rRMSE (test),rMAE (test),rMAPE (test),maxError (test),R2 (test),RMSE (train),MAE (train),MAPE (train),rRMSE (train),rMAE (train),rMAPE (train),maxError (train),R2 (train),rules,plain conditions count,complex conditions count,conditions_count,avg conditions per rule,avg rule quality,avg rule precision,avg rule coverage,training time total (s),training time growing (s),training time pruning (s),pvalue significance fdr,pvalue significance fwer,induction measure,pruning measure,voting measure
at_least_M-of-N,no_discretization,cloud,0,0.2571150372573803,0.1344322775510597,36699811505003.055,1.1694021515499775,0.6114204609845727,366998115050.0305,0.818746052028251,-0.0099345506364609,0.1467671353152807,0.0763626561934337,4235135446131.583,0.7114056196676389,0.370142965808099,42351354461.31583,0.818746052028251,0.2982607074631079,6,0.6666666666666666,2.1666666666666665,17.0,2.8333333333333335,0.7303433006503145,0.9140110147227736,0.3642611683848797,5.806833505630493,0.583066101,0.199255805,0.6666666666666666,0.6666666666666666,C2,C2,C2
