model_type,variant,dataset,M-of-N count,RMSE (test),MAE (test),MAPE (test),rRMSE (test),rMAE (test),rMAPE (test),maxError (test),R2 (test),RMSE (train),MAE (train),MAPE (train),rRMSE (train),rMAE (train),rMAPE (train),maxError (train),R2 (train),rules,plain conditions count,complex conditions count,conditions_count,avg conditions per rule,avg rule quality,avg rule precision,avg rule coverage,training time total (s),training time growing (s),training time pruning (s),pvalue significance fdr,pvalue significance fwer,induction measure,pruning measure,voting measure
complex,no_discretization,pollution,0,0.291126371623745,0.2617290215085986,312315556443812.25,0.6035035130009374,0.5425629531730612,3123155564438.1226,0.4313379003606159,0.3059688975748073,0.1400083959251978,0.0912995817057844,20960513489509.44,0.2974416202732158,0.1939619073083598,209605134895.0944,0.5999168793789522,0.4385957317423578,14,0.07142857142857142,3.2857142857142856,47.0,3.357142857142857,0.4778278361269009,0.78843537414966,0.1349206349206349,14.319574244,9.697517766,4.603588779999999,0.2857142857142857,0.2857142857142857,C2,C2,C2
