model_type,variant,dataset,M-of-N count,RMSE (test),MAE (test),MAPE (test),rRMSE (test),rMAE (test),rMAPE (test),maxError (test),R2 (test),RMSE (train),MAE (train),MAPE (train),rRMSE (train),rMAE (train),rMAPE (train),maxError (train),R2 (train),rules,plain conditions count,complex conditions count,conditions_count,avg conditions per rule,avg rule quality,avg rule precision,avg rule coverage,training time total (s),training time growing (s),training time pruning (s),pvalue significance fdr,pvalue significance fwer,induction measure,pruning measure,voting measure
complex,no_discretization,pollution,0,0.3538612229296558,0.3255328029161528,372337592128979.5,0.6487472759238018,0.5968117030943404,3723375921289.795,0.4960533212580991,0.1526830848314184,0.131268065141366,0.0933341412579489,28141868443778.016,0.2785781602578549,0.1980744770853836,281418684437.7801,0.3842498829177818,0.5511075360848346,12,0.16666666666666666,2.75,35.0,2.9166666666666665,0.477777582979951,0.7711611917494269,0.1882716049382715,9.117724297,5.786960828,3.312504587,0.25,0.1666666666666666,C2,C2,C2
