model_type,variant,dataset,M-of-N count,RMSE (test),MAE (test),MAPE (test),rRMSE (test),rMAE (test),rMAPE (test),maxError (test),R2 (test),RMSE (train),MAE (train),MAPE (train),rRMSE (train),rMAE (train),rMAPE (train),maxError (train),R2 (train),rules,plain conditions count,complex conditions count,conditions_count,avg conditions per rule,avg rule quality,avg rule precision,avg rule coverage,training time total (s),training time growing (s),training time pruning (s),pvalue significance fdr,pvalue significance fwer,induction measure,pruning measure,voting measure
plain,no_discretization,breasttumor,0,0.2622280787989614,0.2129078090160125,120101301304898.44,0.5948262243135933,0.4829503718439171,1201013013048.9846,0.6,-0.0329601715545546,0.1738964831857959,0.1205212632149626,58538976844551.305,0.3487120524011763,0.2416795111880955,585389768445.5131,0.64,0.3148491691775056,73,3.5753424657534247,0.1095890410958904,269.0,3.684931506849315,0.3596564073126342,0.814888294808919,0.0260698736327917,1.993320952,1.729303492,0.259027947,0.3150684931506849,0.2328767123287671,C2,C2,C2
