model_type,variant,dataset,M-of-N count,RMSE (test),MAE (test),MAPE (test),rRMSE (test),rMAE (test),rMAPE (test),maxError (test),R2 (test),RMSE (train),MAE (train),MAPE (train),rRMSE (train),rMAE (train),rMAPE (train),maxError (train),R2 (train),rules,plain conditions count,complex conditions count,conditions_count,avg conditions per rule,avg rule quality,avg rule precision,avg rule coverage,training time total (s),training time growing (s),training time pruning (s),pvalue significance fdr,pvalue significance fwer,induction measure,pruning measure,voting measure
plain,no_discretization,cholesterol,0,0.4456570036824904,0.3954429938769482,43870681301630.93,0.6890006947494207,0.6113681491901863,438706813016.3093,0.7397260273972603,-2.5163315703191453,0.1039728018561767,0.0671621443001077,4030016225338.983,0.3771292789283043,0.2436099691361125,40300162253.38983,0.7295143087881433,0.2510111436424774,67,4.2835820895522385,0.3880597014925373,313.0,4.6716417910447765,0.3405256754135618,0.7677082971274107,0.0279372368924607,5.582832464,4.813471352,0.76154835,0.0298507462686567,0.0149253731343283,C2,C2,C2
