model_type,variant,dataset,M-of-N count,RMSE (test),MAE (test),MAPE (test),rRMSE (test),rMAE (test),rMAPE (test),maxError (test),R2 (test),RMSE (train),MAE (train),MAPE (train),rRMSE (train),rMAE (train),rMAPE (train),maxError (train),R2 (train),rules,plain conditions count,complex conditions count,conditions_count,avg conditions per rule,avg rule quality,avg rule precision,avg rule coverage,training time total (s),training time growing (s),training time pruning (s),pvalue significance fdr,pvalue significance fwer,induction measure,pruning measure,voting measure
plain,no_discretization,cloud,0,0.5115163113651005,0.4108240609565544,28562434345185.41,0.9720509305675664,0.7807022022164422,285624343451.8541,0.8905880531619916,-1.1621413903975588,0.0970372474838879,0.061940602820922,3188215608140.5405,0.4579604122252901,0.2923242851263108,31882156081.405407,0.5155226802727291,0.72480519210031,24,2.5416666666666665,0.16666666666666666,65.0,2.7083333333333335,0.5124595131538533,0.7838878990461978,0.1228522336769759,4.205427265,3.544608519,0.6565266940000001,0.7083333333333334,0.4583333333333333,C2,C2,C2
