model_type,variant,dataset,M-of-N count,RMSE (test),MAE (test),MAPE (test),rRMSE (test),rMAE (test),rMAPE (test),maxError (test),R2 (test),RMSE (train),MAE (train),MAPE (train),rRMSE (train),rMAE (train),rMAPE (train),maxError (train),R2 (train),rules,plain conditions count,complex conditions count,conditions_count,avg conditions per rule,avg rule quality,avg rule precision,avg rule coverage,training time total (s),training time growing (s),training time pruning (s),pvalue significance fdr,pvalue significance fwer,induction measure,pruning measure,voting measure
plain,no_discretization,breasttumor,0,0.3182204523771286,0.2762744129799683,155296538874845.2,0.601590164207088,0.5222919150208005,1552965388748.452,0.6,-0.3766025196499265,0.1613335216026128,0.1100639270403789,41996570342296.41,0.3298545350188663,0.2250312589449276,419965703422.96405,0.6,0.3348384940597126,71,3.6056338028169015,0.15492957746478872,267.0,3.76056338028169,0.3741547911196192,0.8279679352902574,0.0242231599715021,1.087432535,0.948149353,0.134365573,0.323943661971831,0.2816901408450704,C2,C2,C2
