model_type,variant,dataset,M-of-N count,RMSE (test),MAE (test),MAPE (test),rRMSE (test),rMAE (test),rMAPE (test),maxError (test),R2 (test),RMSE (train),MAE (train),MAPE (train),rRMSE (train),rMAE (train),rMAPE (train),maxError (train),R2 (train),rules,plain conditions count,complex conditions count,conditions_count,avg conditions per rule,avg rule quality,avg rule precision,avg rule coverage,training time total (s),training time growing (s),training time pruning (s),pvalue significance fdr,pvalue significance fwer,induction measure,pruning measure,voting measure
exact_M-of-N,no_discretization,auto93,1.7272727272727273,0.4773035003140649,0.4110914493281515,18567716459990.21,0.7427967250488203,0.6397551705688296,185677164599.9021,0.754240070927808,-1.6160507207041857,0.1338390689729254,0.0843174424233678,2764173860487.445,0.6411700017795123,0.4039314911819281,27641738604.874447,0.5377531619647364,0.4620259616638987,11,0.5454545454545454,0.6363636363636364,32.0,2.909090909090909,0.484417641023617,0.8054384639750493,0.1374458874458874,0.4843041896820068,0.271444191,0.1386370529999999,0.6363636363636364,0.2727272727272727,C2,C2,C2
