model_type,variant,dataset,M-of-N count,RMSE (test),MAE (test),MAPE (test),rRMSE (test),rMAE (test),rMAPE (test),maxError (test),R2 (test),RMSE (train),MAE (train),MAPE (train),rRMSE (train),rMAE (train),rMAPE (train),maxError (train),R2 (train),rules,plain conditions count,complex conditions count,conditions_count,avg conditions per rule,avg rule quality,avg rule precision,avg rule coverage,training time total (s),training time growing (s),training time pruning (s),pvalue significance fdr,pvalue significance fwer,induction measure,pruning measure,voting measure
complex,no_discretization,cloud,0,0.3874155007462753,0.3576969486781744,32322608469321.727,0.7275130777372804,0.6717057204185566,323226084693.2173,0.6399999999999999,-1.257516789417401,0.1343192285113268,0.0696637818814752,3292015975730.89,0.6591529491291955,0.3418653292130482,32920159757.308903,0.7216666666666667,0.4696889586948745,21,0.7619047619047619,2.9047619047619047,77.0,3.6666666666666665,0.5976482097942049,0.8386104636104638,0.1496598639455782,26.208930401,25.900407571,0.292850447,0.8095238095238095,0.6666666666666666,C2,C2,C2
