model_type,variant,dataset,M-of-N count,RMSE (test),MAE (test),MAPE (test),rRMSE (test),rMAE (test),rMAPE (test),maxError (test),R2 (test),RMSE (train),MAE (train),MAPE (train),rRMSE (train),rMAE (train),rMAPE (train),maxError (train),R2 (train),rules,plain conditions count,complex conditions count,conditions_count,avg conditions per rule,avg rule quality,avg rule precision,avg rule coverage,training time total (s),training time growing (s),training time pruning (s),pvalue significance fdr,pvalue significance fwer,induction measure,pruning measure,voting measure
plain,no_discretization,veteran,0,0.3400592141026805,0.2201808242639497,23207785082357.04,1.2439169627781268,0.8054087371315781,232077850823.5704,0.9507213084448052,-0.3543964489889619,0.1286845972956817,0.0559152831277635,2204204940223.198,1.1114937416573405,0.4829597991180334,22042049402.231983,0.943887775551102,0.313560755148124,24,3.0416666666666665,0.2916666666666667,80.0,3.3333333333333335,0.4101192579425333,0.8192487497741121,0.0873983739837398,0.341792164,0.2898224320000001,0.0470057829999999,0.5,0.2916666666666667,C2,C2,C2
