model_type,variant,dataset,M-of-N count,RMSE (test),MAE (test),MAPE (test),rRMSE (test),rMAE (test),rMAPE (test),maxError (test),R2 (test),RMSE (train),MAE (train),MAPE (train),rRMSE (train),rMAE (train),rMAPE (train),maxError (train),R2 (train),rules,plain conditions count,complex conditions count,conditions_count,avg conditions per rule,avg rule quality,avg rule precision,avg rule coverage,training time total (s),training time growing (s),training time pruning (s),pvalue significance fdr,pvalue significance fwer,induction measure,pruning measure,voting measure
complex,no_discretization,lowbwt,0,0.1971157720588121,0.1512818120524437,83163139948985.16,0.3375727027976457,0.2590792692298204,831631399489.8516,0.4106517168885775,0.4047161555455307,0.127801770973688,0.0933340120122141,9248751952438.86,0.2441727786976817,0.178320103754408,92487519524.3886,0.4898388227049754,0.4153493893336942,7,0.7142857142857143,3.857142857142857,32.0,4.571428571428571,0.5145466597335934,0.816247742034667,0.1739495798319328,3.95169477,3.703366446,0.239644826,0.7142857142857143,0.7142857142857143,C2,C2,C2
