dataset,RMSE (test),MAE (test),MAPE (test),rRMSE (test),rMAE (test),rMAPE (test),maxError (test),R2 (test),RMSE (train),MAE (train),MAPE (train),rRMSE (train),rMAE (train),rMAPE (train),maxError (train),R2 (train),rules,conditions_count,avg conditions per rule
bolts,0.3856158145741726,0.3131083566985293,371730912915121.7,0.7234075723159104,0.5873850283895432,3717309129151.217,0.6698366252133627,0.3191423221539882,0.0,0.0,0.0,0.0,0.0,0.0,0.0,1.0,36,71,6.929577464788732
bolts,0.4282414512814375,0.2730164345390618,230066842705223.3,1.5215029357028125,0.9700025660834553,2300668427052.233,0.8307729821994636,-0.0576675741825247,0.0,0.0,0.0,0.0,0.0,0.0,0.0,1.0,36,71,5.295774647887324
bolts,0.5808097633796935,0.501931757523785,357180146013717.6,0.8343502969946077,0.7210397230998705,3571801460137.1763,0.9429407461594732,-1.0238109312841104,0.0,0.0,0.0,0.0,0.0,0.0,0.0,1.0,36,71,5.352112676056338
bolts,0.1021380518055392,0.0738743709049561,58162466699391.59,0.2250145839303363,0.1627484618949092,581624666993.9159,0.1940997720942009,0.9486203175904132,0.0,0.0,0.0,0.0,0.0,0.0,0.0,1.0,36,71,7.746478873239437
bolts,0.1159615295644231,0.0814567079288227,34592389237300.94,0.2420847190796195,0.1700514328344075,345923892373.0094,0.2239697634723239,0.9296210860850392,0.0,0.0,0.0,0.0,0.0,0.0,0.0,1.0,36,71,6.535211267605634
bolts,0.2719688997084918,0.2139872208141876,129858731025740.95,0.6976077450771209,0.5488831360773577,1298587310257.4097,0.4820164706850748,0.5620489263532383,0.0,0.0,0.0,0.0,0.0,0.0,0.0,1.0,36,71,6.28169014084507
bolts,0.5620789400800728,0.4453211853144301,8099011765876.673,1.1882576243998104,0.9414270061092306,80990117658.76672,0.950256035113387,-1.4564328576706846,0.0,0.0,0.0,0.0,0.0,0.0,0.0,1.0,36,71,6.816901408450704
bolts,0.3598067422183179,0.2487891742671847,34592389237305.395,1.3072978300598883,0.9039339998374378,345923892373.054,0.6805494346248558,0.2666573453117977,0.0,0.0,0.0,0.0,0.0,0.0,0.0,1.0,36,71,7.830985915492958
bolts,0.314714470714669,0.2726161504427068,146743111486804.62,0.7912015137011055,0.6853650879154959,1467431114868.046,0.538711612583489,0.2769010572494655,0.0,0.0,0.0,0.0,0.0,0.0,0.0,1.0,36,71,7.633802816901408
