model_type,variant,dataset,M-of-N count,RMSE (test),MAE (test),MAPE (test),rRMSE (test),rMAE (test),rMAPE (test),maxError (test),R2 (test),RMSE (train),MAE (train),MAPE (train),rRMSE (train),rMAE (train),rMAPE (train),maxError (train),R2 (train),rules,plain conditions count,complex conditions count,conditions_count,avg conditions per rule,avg rule quality,avg rule precision,avg rule coverage,training time total (s),training time growing (s),training time pruning (s),pvalue significance fdr,pvalue significance fwer,induction measure,pruning measure,voting measure
complex,no_discretization,echomonths,0,0.4245576705953245,0.3582882638449792,12155464581297.332,0.6606051785711033,0.5574910051333073,121554645812.97331,0.6140350877192983,-0.3254593347070831,0.1957617824430496,0.1346246039189658,9149668587857.29,0.4992486910564812,0.3433313512564372,91496685878.57288,0.6842105263157894,0.5312023850109799,11,0.5454545454545454,1.3636363636363635,21.0,1.9090909090909092,0.5734593617144133,0.8614385614385616,0.0613830613830613,2.999764354,2.957449106,0.03011223,0.8181818181818182,0.7272727272727273,C2,C2,C2
