dataset,RMSE (test),MAE (test),MAPE (test),rRMSE (test),rMAE (test),rMAPE (test),maxError (test),R2 (test),RMSE (train),MAE (train),MAPE (train),rRMSE (train),rMAE (train),rMAPE (train),maxError (train),R2 (train),rules,conditions_count,avg conditions per rule
breasttumor,0.3146892281995486,0.2513793103448275,46588961662454.38,0.8111988993588364,0.6479999999999998,465889616624.5438,0.675,-1.4244721807794476,0.036222399931662985,0.0088715953307393,4731408168832.834,0.07374173623603761,0.018060836501901142,47314081688.32834,0.20000000000000007,0.9705854799792111,194,387,15.974160206718347
