model_type,variant,dataset,M-of-N count,RMSE (test),MAE (test),MAPE (test),rRMSE (test),rMAE (test),rMAPE (test),maxError (test),R2 (test),RMSE (train),MAE (train),MAPE (train),rRMSE (train),rMAE (train),rMAPE (train),maxError (train),R2 (train),rules,plain conditions count,complex conditions count,conditions_count,avg conditions per rule,avg rule quality,avg rule precision,avg rule coverage,training time total (s),training time growing (s),training time pruning (s),pvalue significance fdr,pvalue significance fwer,induction measure,pruning measure,voting measure
plain,no_discretization,servo,0,0.1907460743937601,0.1141184311040524,12829964774700.744,0.8203080228687143,0.4907690231076501,128299647747.00745,0.4938289273951446,0.6674979856314491,0.1555542169858278,0.0853968605199486,1179437102856.5974,0.8710318100269433,0.4781829990252604,11794371028.565971,0.459207101304948,0.4936553489438605,18,2.2222222222222223,0,40.0,2.2222222222222223,0.3830142535728542,0.7259365467519324,0.08,0.044159846,0.038010081,0.002660254,0.8888888888888888,0.8333333333333334,C2,C2,C2
