model_type,variant,dataset,M-of-N count,RMSE (test),MAE (test),MAPE (test),rRMSE (test),rMAE (test),rMAPE (test),maxError (test),R2 (test),RMSE (train),MAE (train),MAPE (train),rRMSE (train),rMAE (train),rMAPE (train),maxError (train),R2 (train),rules,plain conditions count,complex conditions count,conditions_count,avg conditions per rule,avg rule quality,avg rule precision,avg rule coverage,training time total (s),training time growing (s),training time pruning (s),pvalue significance fdr,pvalue significance fwer,induction measure,pruning measure,voting measure
at_least_M-of-N,no_discretization,dee,0,0.1488449558909935,0.1181358324910094,36474302434902.27,0.3201652084670768,0.2541099442067445,364743024349.0227,0.3537486610343849,0.7342287452196227,0.1211361465888586,0.0886006160800227,2332493619918.2227,0.2409134108068927,0.1762073272140348,23324936199.182228,0.4276557064717422,0.6943484509480489,13,3.230769230769231,2.769230769230769,78.0,6.0,0.5344820723963812,0.7883576986776635,0.2279549718574109,1607.5313510894775,10.045715645,25.370343663000003,0.9230769230769232,0.8461538461538461,C2,C2,C2
