model_type,variant,dataset,M-of-N count,RMSE (test),MAE (test),MAPE (test),rRMSE (test),rMAE (test),rMAPE (test),maxError (test),R2 (test),RMSE (train),MAE (train),MAPE (train),rRMSE (train),rMAE (train),rMAPE (train),maxError (train),R2 (train),rules,plain conditions count,complex conditions count,conditions_count,avg conditions per rule,avg rule quality,avg rule precision,avg rule coverage,training time total (s),training time growing (s),training time pruning (s),pvalue significance fdr,pvalue significance fwer,induction measure,pruning measure,voting measure
at_least_M-of-N,no_discretization,fishcatch,0,0.1990672646126102,0.1217790644498588,4094181479427.976,0.5758473054521144,0.352273620981319,40941814794.27976,0.6563636363636364,0.4958160469510834,0.1183694291380278,0.0624591236994651,2586643680559.7275,0.513202147388833,0.2707975922500448,25866436805.597275,0.6563636363636364,0.6738856408983083,12,1.4166666666666667,0.8333333333333334,27.0,2.25,0.6490599085696839,0.81385303330043,0.1296948356807511,0.626453161239624,0.326883564,0.113213213,0.9166666666666666,0.9166666666666666,C2,C2,C2
