model_type,variant,dataset,M-of-N count,RMSE (test),MAE (test),MAPE (test),rRMSE (test),rMAE (test),rMAPE (test),maxError (test),R2 (test),RMSE (train),MAE (train),MAPE (train),rRMSE (train),rMAE (train),rMAPE (train),maxError (train),R2 (train),rules,plain conditions count,complex conditions count,conditions_count,avg conditions per rule,avg rule quality,avg rule precision,avg rule coverage,training time total (s),training time growing (s),training time pruning (s),pvalue significance fdr,pvalue significance fwer,induction measure,pruning measure,voting measure
at_least_M-of-N,no_discretization,auto93,0,0.12093082855973507,0.0756502046116111,3515185739659.82,0.571996297708184,0.35782138826026194,35151857396.5982,0.5394495412844037,0.5077168094087017,0.12663229723809769,0.07992876359200815,3893162700913.4585,0.5699128028336867,0.35972201941581716,38931627009.13458,0.5394495412844037,0.483970965531654,9,18,12,30.0,3.3333333333333335,0.4929602879336681,0.7889365787191873,0.1481481481481481,0.3600630760192871,0.187785712,0.04015244899999999,0.4444444444444444,0.4444444444444444,C2,C2,C2
