model_type,variant,dataset,M-of-N count,RMSE (test),MAE (test),MAPE (test),rRMSE (test),rMAE (test),rMAPE (test),maxError (test),R2 (test),RMSE (train),MAE (train),MAPE (train),rRMSE (train),rMAE (train),rMAPE (train),maxError (train),R2 (train),rules,plain conditions count,complex conditions count,conditions_count,avg conditions per rule,avg rule quality,avg rule precision,avg rule coverage,training time total (s),training time growing (s),training time pruning (s),pvalue significance fdr,pvalue significance fwer,induction measure,pruning measure,voting measure
complex,no_discretization,auto93,0,0.3702274088451054,0.2517606860099977,50667820954238.98,0.9059001910178672,0.6160269285807133,506678209542.3898,0.7688073394495414,-0.2795792548531803,0.1190588762082153,0.0657832020126316,3215662015433.634,0.5413702178001686,0.2991214727987956,32156620154.336334,0.544954128440367,0.5531076314491303,14,1.0714285714285714,3.5714285714285716,65.0,4.642857142857143,0.5528989300852037,0.831229504622362,0.135204081632653,367.600382721,350.26247996699993,17.320469866,0.7142857142857143,0.5,C2,C2,C2
