model_type,variant,dataset,M-of-N count,RMSE (test),MAE (test),MAPE (test),rRMSE (test),rMAE (test),rMAPE (test),maxError (test),R2 (test),RMSE (train),MAE (train),MAPE (train),rRMSE (train),rMAE (train),rMAPE (train),maxError (train),R2 (train),rules,plain conditions count,complex conditions count,conditions_count,avg conditions per rule,avg rule quality,avg rule precision,avg rule coverage,training time total (s),training time growing (s),training time pruning (s),pvalue significance fdr,pvalue significance fwer,induction measure,pruning measure,voting measure
plain,no_discretization,ozone,0,0.2818276385270717,0.2018957043196556,4641981574130.553,0.713516005477269,0.5111486482378583,46419815741.30553,0.6533084808946878,0.1842397648378226,0.1307227994641329,0.0878996783769386,3084719774918.896,0.4567608404805585,0.3071318173876564,30847197749.18896,0.7297297297297298,0.6205304361724568,37,2.6486486486486487,0.6756756756756757,123.0,3.324324324324324,0.4611854093385155,0.8288652485460998,0.0633360633360633,38.52050403,33.055056433000004,5.460832121,0.6756756756756757,0.5945945945945946,C2,C2,C2
