model_type,variant,dataset,M-of-N count,RMSE (test),MAE (test),MAPE (test),rRMSE (test),rMAE (test),rMAPE (test),maxError (test),R2 (test),RMSE (train),MAE (train),MAPE (train),rRMSE (train),rMAE (train),rMAPE (train),maxError (train),R2 (train),rules,plain conditions count,complex conditions count,conditions_count,avg conditions per rule,avg rule quality,avg rule precision,avg rule coverage,training time total (s),training time growing (s),training time pruning (s),pvalue significance fdr,pvalue significance fwer,induction measure,pruning measure,voting measure
complex,no_discretization,cpu,0,0.177526619205464,0.0909904434061263,2433202651571.9697,1.4555056707552176,0.7460126653393306,24332026515.719696,0.7260834014717907,0.2761325513357964,0.1157156870827465,0.0336774307522979,337983356742.57965,1.5846226108882318,0.4611822268190204,3379833567.4257965,0.9746524938675388,0.2217332635144128,26,1.5384615384615385,2.8076923076923075,113.0,4.346153846153846,0.6773947613653757,0.8941327840639703,0.1442307692307692,58.813053517,57.285088401,1.511299746,0.8846153846153846,0.8846153846153846,C2,C2,C2
