model_type,variant,dataset,M-of-N count,RMSE (test),MAE (test),MAPE (test),rRMSE (test),rMAE (test),rMAPE (test),maxError (test),R2 (test),RMSE (train),MAE (train),MAPE (train),rRMSE (train),rMAE (train),rMAPE (train),maxError (train),R2 (train),rules,plain conditions count,complex conditions count,conditions_count,avg conditions per rule,avg rule quality,avg rule precision,avg rule coverage,training time total (s),training time growing (s),training time pruning (s),pvalue significance fdr,pvalue significance fwer,induction measure,pruning measure,voting measure
complex,no_discretization,concrete,0,0.3408847551031986,0.3158514156157954,117225675579893.95,0.9368371241647347,0.8680392051538992,1172256755798.9397,0.4867456288776085,-0.3307660326786581,0.1020186397853889,0.0654643853327999,1816309003148.5425,0.1946860579665757,0.1249281812074608,18163090031.485424,0.4529046813310774,0.7718613009859694,18,0.8333333333333334,3.2222222222222223,73.0,4.055555555555555,0.5285838303583803,0.769338377671711,0.0794504181600955,8.771676687,8.4323414,0.3244295239999999,0.8333333333333334,0.5,C2,C2,C2
