model_type,variant,dataset,M-of-N count,RMSE (test),MAE (test),MAPE (test),rRMSE (test),rMAE (test),rMAPE (test),maxError (test),R2 (test),RMSE (train),MAE (train),MAPE (train),rRMSE (train),rMAE (train),rMAPE (train),maxError (train),R2 (train),rules,plain conditions count,complex conditions count,conditions_count,avg conditions per rule,avg rule quality,avg rule precision,avg rule coverage,training time total (s),training time growing (s),training time pruning (s),pvalue significance fdr,pvalue significance fwer,induction measure,pruning measure,voting measure
complex,no_discretization,veteran,0,0.4667515195716168,0.3357824392152384,13525737191739.936,1.2301111865097456,0.8849456667892356,135257371917.39935,0.9188376753507014,-0.8895646211590562,0.1673283060466309,0.0821169071984635,3338608648930.917,1.319641431445431,0.6476182991481011,33386086489.309174,0.9188376753507014,-0.0404344559584437,33,1.0909090909090908,2.6666666666666665,124.0,3.757575757575758,0.5063813836740034,0.8585197879645707,0.1263858093126385,3.493811622,3.3070957729999995,0.172339083,0.9090909090909092,0.7575757575757576,C2,C2,C2
