model_type,variant,dataset,M-of-N count,RMSE (test),MAE (test),MAPE (test),rRMSE (test),rMAE (test),rMAPE (test),maxError (test),R2 (test),RMSE (train),MAE (train),MAPE (train),rRMSE (train),rMAE (train),rMAPE (train),maxError (train),R2 (train),rules,plain conditions count,complex conditions count,conditions_count,avg conditions per rule,avg rule quality,avg rule precision,avg rule coverage,training time total (s),training time growing (s),training time pruning (s),pvalue significance fdr,pvalue significance fwer,induction measure,pruning measure,voting measure
at_least_M-of-N,no_discretization,fishcatch,0,0.2259579554546854,0.1590291432603742,18228991564133.85,0.6926639681765067,0.4874966991305233,182289915641.33856,0.6563636363636364,0.4643018740265469,0.1431771494714968,0.0755700537387394,2612897259925.893,0.5948366217669998,0.3139595643482985,26128972599.25893,0.8165187001065668,0.5569585781627696,9,0.6666666666666666,1.3333333333333333,18.0,2.0,0.6909945824570242,0.8564292421710828,0.2543035993740219,3.393866062164306,0.6516619509999999,0.251250428,0.8888888888888888,0.8888888888888888,C2,C2,C2
