model_type,variant,dataset,M-of-N count,RMSE (test),MAE (test),MAPE (test),rRMSE (test),rMAE (test),rMAPE (test),maxError (test),R2 (test),RMSE (train),MAE (train),MAPE (train),rRMSE (train),rMAE (train),rMAPE (train),maxError (train),R2 (train),rules,plain conditions count,complex conditions count,conditions_count,avg conditions per rule,avg rule quality,avg rule precision,avg rule coverage,training time total (s),training time growing (s),training time pruning (s),pvalue significance fdr,pvalue significance fwer,induction measure,pruning measure,voting measure
at_least_M-of-N,no_discretization,machine,3,0.1308034331856143,0.05183531061906852,1007885662099.7994,1.4318342280566974,0.5674130270037571,10078856620.997993,0.972027972027972,0.2918865835887131,0.11540731531981234,0.04757886487248122,1109156470253.279,1.3252690775517915,0.5463674307454381,11091564702.532791,0.972027972027972,0.3228831931737106,7,10,1,14.0,2.0,0.6249626334815221,0.8996146595425801,0.4894053315105946,0.13106703758239746,0.05887955899999999,0.010305109,0.7142857142857143,0.7142857142857143,C2,C2,C2
