model_type,variant,dataset,M-of-N count,RMSE (test),MAE (test),MAPE (test),rRMSE (test),rMAE (test),rMAPE (test),maxError (test),R2 (test),RMSE (train),MAE (train),MAPE (train),rRMSE (train),rMAE (train),rMAPE (train),maxError (train),R2 (train),rules,plain conditions count,complex conditions count,conditions_count,avg conditions per rule,avg rule quality,avg rule precision,avg rule coverage,training time total (s),training time growing (s),training time pruning (s),pvalue significance fdr,pvalue significance fwer,induction measure,pruning measure,voting measure
plain,no_discretization,fruitfly,0,0.2993041594621068,0.2189439497309676,77806091123271.23,0.8110177224134508,0.5932674766903641,778060911232.7124,0.8028042342099411,-0.2641950119440432,0.1835795968230024,0.1302582954994492,9276275157738.828,0.6665550721637696,0.4729519459631254,92762751577.38828,0.7555130569834427,0.1626695603571785,26,1.7692307692307692,0.6153846153846154,62.0,2.3846153846153846,0.2925781296216922,0.7738662912600549,0.0973451327433628,0.647728677,0.5683387429999999,0.076052838,0.0384615384615384,0.0384615384615384,C2,C2,C2
