model_type,variant,dataset,M-of-N count,RMSE (test),MAE (test),MAPE (test),rRMSE (test),rMAE (test),rMAPE (test),maxError (test),R2 (test),RMSE (train),MAE (train),MAPE (train),rRMSE (train),rMAE (train),rMAPE (train),maxError (train),R2 (train),rules,plain conditions count,complex conditions count,conditions_count,avg conditions per rule,avg rule quality,avg rule precision,avg rule coverage,training time total (s),training time growing (s),training time pruning (s),pvalue significance fdr,pvalue significance fwer,induction measure,pruning measure,voting measure
plain,no_discretization,breasttumor,0,0.2677610576096005,0.2200169940771687,186355846649814.44,0.6811465500595102,0.5596923533542013,1863558466498.1443,0.5,-0.0106022923572541,0.1765071076815724,0.1217425850025841,44593510126339.2,0.3596759171754211,0.2480799583385991,445935101263.392,0.7,0.2654309353472126,77,3.6493506493506493,0.11688311688311688,290.0,3.7662337662337664,0.3673042719664386,0.8237999311403738,0.0293597453130526,1.341743656,1.180182618,0.155341194,0.3246753246753247,0.2337662337662337,C2,C2,C2
