model_type,variant,dataset,M-of-N count,RMSE (test),MAE (test),MAPE (test),rRMSE (test),rMAE (test),rMAPE (test),maxError (test),R2 (test),RMSE (train),MAE (train),MAPE (train),rRMSE (train),rMAE (train),rMAPE (train),maxError (train),R2 (train),rules,plain conditions count,complex conditions count,conditions_count,avg conditions per rule,avg rule quality,avg rule precision,avg rule coverage,training time total (s),training time growing (s),training time pruning (s),pvalue significance fdr,pvalue significance fwer,induction measure,pruning measure,voting measure
complex,no_discretization,mbagrade,0,0.3892306503032108,0.3467162577994825,425459556495238.2,0.662509041883732,0.5901453433364245,4254595564952.382,0.5668259948013846,0.028275025801761,0.2152339163524801,0.1501366926262864,47730251292960.375,0.3910414641423407,0.2727714716203235,477302512929.60376,0.8209285187914518,0.0514996691143453,11,0.18181818181818182,1.3636363636363635,17.0,1.5454545454545454,0.3963902980689884,0.7725326416502888,0.224793388429752,0.179499942,0.173364834,0.003027501,0.0909090909090909,0.0909090909090909,C2,C2,C2
