model_type,variant,dataset,M-of-N count,RMSE (test),MAE (test),MAPE (test),rRMSE (test),rMAE (test),rMAPE (test),maxError (test),R2 (test),RMSE (train),MAE (train),MAPE (train),rRMSE (train),rMAE (train),rMAPE (train),maxError (train),R2 (train),rules,plain conditions count,complex conditions count,conditions_count,avg conditions per rule,avg rule quality,avg rule precision,avg rule coverage,training time total (s),training time growing (s),training time pruning (s),pvalue significance fdr,pvalue significance fwer,induction measure,pruning measure,voting measure
plain,no_discretization,pollution,0,0.4576046967802238,0.4439728140319006,389273590882655.25,1.7339721582770231,1.6823177383884056,3892735908826.5527,0.5457774332301346,-0.7655694384620009,0.1552466673009402,0.1147708885146848,21135671699665.125,0.293228091901594,0.2167779136912126,211356716996.65125,0.4008825332553929,0.4685835545627512,11,2.5454545454545454,0.18181818181818182,30.0,2.727272727272727,0.3853639978887974,0.6777384231929685,0.1329966329966329,0.524284605,0.464251181,0.0556313769999999,0.0,0.0,C2,C2,C2
