dataset,BAcc (test),BAcc (train),Acc (test),Acc (train),rules,conditions_count,avg conditions per rule
hayes-roth,0.6888888888888888,0.934621578099839,0.6428571428571429,0.923728813559322,19,37,6.162162162162162
