model_type,variant,dataset,M-of-N count,RMSE (test),MAE (test),MAPE (test),rRMSE (test),rMAE (test),rMAPE (test),maxError (test),R2 (test),RMSE (train),MAE (train),MAPE (train),rRMSE (train),rMAE (train),rMAPE (train),maxError (train),R2 (train),rules,plain conditions count,complex conditions count,conditions_count,avg conditions per rule,avg rule quality,avg rule precision,avg rule coverage,training time total (s),training time growing (s),training time pruning (s),pvalue significance fdr,pvalue significance fwer,induction measure,pruning measure,voting measure
at_least_M-of-N,no_discretization,dee,0,0.2109037566680894,0.1772427433641391,38975216175039.04,0.4628916937033986,0.3890124811839198,389752161750.3904,0.5537625892647877,0.547429644585131,0.1279514240865195,0.0943358062929539,4652095480850.102,0.2530977497946148,0.186603474469049,46520954808.501015,0.4898990258671408,0.6635684018630572,7,2.857142857142857,0.5714285714285714,24.0,3.4285714285714284,0.4744227127655976,0.7648910998440844,0.2626306620209059,1895.3669464588163,5.773689833,8.418479747000001,0.8571428571428571,0.8571428571428571,C2,C2,C2
