model_type,variant,dataset,M-of-N count,RMSE (test),MAE (test),MAPE (test),rRMSE (test),rMAE (test),rMAPE (test),maxError (test),R2 (test),RMSE (train),MAE (train),MAPE (train),rRMSE (train),rMAE (train),rMAPE (train),maxError (train),R2 (train),rules,plain conditions count,complex conditions count,conditions_count,avg conditions per rule,avg rule quality,avg rule precision,avg rule coverage,training time total (s),training time growing (s),training time pruning (s),pvalue significance fdr,pvalue significance fwer,induction measure,pruning measure,voting measure
exact_M-of-N,no_discretization,auto-mpg,0.4666666666666667,0.2034389843140758,0.1739198291473417,18749477038858.59,0.5940082444451834,0.5078171852575,187494770388.5859,0.4336589282026017,0.0727505698286394,0.1398028952801487,0.1013382825926051,2079702738700.436,0.3455366895697545,0.2504675931322087,20797027387.00436,0.5898876404494382,0.6004259454941137,15,0.8,2.2666666666666666,53.0,3.533333333333333,0.6551949049869492,0.8771841028989364,0.2253258845437616,134.9526789188385,5.890081950000001,11.745389525,1.0,1.0,C2,C2,C2
