model_type,variant,dataset,M-of-N count,RMSE (test),MAE (test),MAPE (test),rRMSE (test),rMAE (test),rMAPE (test),maxError (test),R2 (test),RMSE (train),MAE (train),MAPE (train),rRMSE (train),rMAE (train),rMAPE (train),maxError (train),R2 (train),rules,plain conditions count,complex conditions count,conditions_count,avg conditions per rule,avg rule quality,avg rule precision,avg rule coverage,training time total (s),training time growing (s),training time pruning (s),pvalue significance fdr,pvalue significance fwer,induction measure,pruning measure,voting measure
plain,no_discretization,auto-price,0,0.13180372427613044,0.08879289454956177,2578731047513.7134,0.6314589223485169,0.42539818819539865,25787310475.137135,0.4682677533569377,0.5354528160037362,0.13419884816962985,0.09050867383287653,2838225995691.1387,0.634926805668052,0.4282181549674803,28382259956.91139,0.4682677533569377,0.529840442676833,9,3,20,26.0,2.888888888888889,0.5671676740629487,0.7960487373108732,0.20684835779175403,0.220667717,0.201643832,0.014179146,0.2222222222222222,0.2222222222222222,C2,C2,C2
