model_type,variant,dataset,M-of-N count,RMSE (test),MAE (test),MAPE (test),rRMSE (test),rMAE (test),rMAPE (test),maxError (test),R2 (test),RMSE (train),MAE (train),MAPE (train),rRMSE (train),rMAE (train),rMAPE (train),maxError (train),R2 (train),rules,plain conditions count,complex conditions count,conditions_count,avg conditions per rule,avg rule quality,avg rule precision,avg rule coverage,training time total (s),training time growing (s),training time pruning (s),pvalue significance fdr,pvalue significance fwer,induction measure,pruning measure,voting measure
exact_M-of-N,no_discretization,pwlinear,196,0.09353167008257973,0.06497992754518042,5446426376975.931,0.20292692494489278,0.14098087704670767,54464263769.75931,0.29519650655021834,0.774452475883394,0.09491489997089525,0.06614506113278831,5991069014673.508,0.20754449276055847,0.1446352802945613,59910690146.73508,0.29519650655021834,0.7628692707811522,56,73,40,309.0,5.517857142857143,0.39942057333929715,0.7603026437847864,0.02517857142857142,28.91925597190857,7.221093272000001,21.502227571,0.19642857142857142,0.08928571428571429,C2,C2,C2
