model_type,variant,dataset,M-of-N count,RMSE (test),MAE (test),MAPE (test),rRMSE (test),rMAE (test),rMAPE (test),maxError (test),R2 (test),RMSE (train),MAE (train),MAPE (train),rRMSE (train),rMAE (train),rMAPE (train),maxError (train),R2 (train),rules,plain conditions count,complex conditions count,conditions_count,avg conditions per rule,avg rule quality,avg rule precision,avg rule coverage,training time total (s),training time growing (s),training time pruning (s),pvalue significance fdr,pvalue significance fwer,induction measure,pruning measure,voting measure
exact_M-of-N,no_discretization,bolts,1,0.3824512096393092,0.3155550428860918,234896727288461.0,0.5494024041395118,0.4533040943012528,2348967272884.61,0.5752034349158472,0.122485707708683,0.21405089442622,0.1283473610158246,12598462746920.992,0.7107956195978232,0.4262011716490803,125984627469.20992,0.6098512557912703,0.5700591628858793,11,1.2727272727272727,0.36363636363636365,29.0,2.6363636363636362,0.5806345525732225,0.7511363636363636,0.2323232323232323,0.1711087226867675,0.117704966,0.0115694309999999,0.6363636363636364,0.6363636363636364,C2,C2,C2
