model_type,variant,dataset,M-of-N count,RMSE (test),MAE (test),MAPE (test),rRMSE (test),rMAE (test),rMAPE (test),maxError (test),R2 (test),RMSE (train),MAE (train),MAPE (train),rRMSE (train),rMAE (train),rMAPE (train),maxError (train),R2 (train),rules,plain conditions count,complex conditions count,conditions_count,avg conditions per rule,avg rule quality,avg rule precision,avg rule coverage,training time total (s),training time growing (s),training time pruning (s),pvalue significance fdr,pvalue significance fwer,induction measure,pruning measure,voting measure
at_least_M-of-N,no_discretization,strike,0.21666666666666667,0.0790005769553114,0.0324863569422121,983552501039.6252,1.8584012866670896,0.7642056535192735,9835525010.396252,0.9917259667023326,-0.0478197534352651,0.0818944780603507,0.0330731155287552,972680311767.2332,1.8963175496537736,0.7658285501580097,9726803117.67233,0.9917259667023326,-0.0471306934225528,60,2.5,3.033333333333333,345.0,5.75,0.4936117810072352,0.9309006831689216,0.1546933333333333,17618.322824954987,123.839615396,824.77714385,0.6333333333333333,0.4666666666666667,C2,C2,C2
