model_type,variant,dataset,M-of-N count,RMSE (test),MAE (test),MAPE (test),rRMSE (test),rMAE (test),rMAPE (test),maxError (test),R2 (test),RMSE (train),MAE (train),MAPE (train),rRMSE (train),rMAE (train),rMAPE (train),maxError (train),R2 (train),rules,plain conditions count,complex conditions count,conditions_count,avg conditions per rule,avg rule quality,avg rule precision,avg rule coverage,training time total (s),training time growing (s),training time pruning (s),pvalue significance fdr,pvalue significance fwer,induction measure,pruning measure,voting measure
plain,no_discretization,echomonths,0,0.2008832925234093,0.1379933142486624,9181341925666.346,0.4735849642391256,0.3253210258193856,91813419256.66344,0.5146935381569738,0.6876894588431842,0.1803554610600188,0.1236271805122352,8671816605520.702,0.4486350502832025,0.307523187928421,86718166055.20702,0.631578947368421,0.5881510348078752,26,3.423076923076923,0.46153846153846156,101.0,3.8846153846153846,0.503219882430722,0.8479958277017101,0.07922419460881,4.040126837,3.2611108840000003,0.773631538,0.6153846153846154,0.4230769230769231,C2,C2,C2
