model_type,variant,dataset,M-of-N count,RMSE (test),MAE (test),MAPE (test),rRMSE (test),rMAE (test),rMAPE (test),maxError (test),R2 (test),RMSE (train),MAE (train),MAPE (train),rRMSE (train),rMAE (train),rMAPE (train),maxError (train),R2 (train),rules,plain conditions count,complex conditions count,conditions_count,avg conditions per rule,avg rule quality,avg rule precision,avg rule coverage,training time total (s),training time growing (s),training time pruning (s),pvalue significance fdr,pvalue significance fwer,induction measure,pruning measure,voting measure
at_least_M-of-N,no_discretization,bodyfat,0.034482758620689655,0.1502639659878861,0.1189010183866823,23487790837406.85,0.3063073152829986,0.2423751528651601,234877908374.0685,0.3769840075933265,0.7034253995946362,0.0502993316383136,0.031218084892431,3314246581856.392,0.1268531985944879,0.078730945195754,33142465818.563915,0.3965742590379715,0.915999637627682,29,2.6551724137931036,2.2758620689655173,144.0,4.9655172413793105,0.6065024692188795,0.8257900920172726,0.0784253890753738,9.432101011276243,3.749086711,3.608243236,1.0,0.896551724137931,C2,C2,C2
