model_type,variant,dataset,M-of-N count,RMSE (test),MAE (test),MAPE (test),rRMSE (test),rMAE (test),rMAPE (test),maxError (test),R2 (test),RMSE (train),MAE (train),MAPE (train),rRMSE (train),rMAE (train),rMAPE (train),maxError (train),R2 (train),rules,plain conditions count,complex conditions count,conditions_count,avg conditions per rule,avg rule quality,avg rule precision,avg rule coverage,training time total (s),training time growing (s),training time pruning (s),pvalue significance fdr,pvalue significance fwer,induction measure,pruning measure,voting measure
exact_M-of-N,no_discretization,auto93,0.13043478260869565,0.3468824488009351,0.2493228129140153,58321358043653.53,0.8487779919097883,0.6100617578489814,583213580436.5353,0.7124788910225424,-0.1232972827292728,0.113249372345471,0.0688710400270118,1892324835273.537,0.5149539398068794,0.3131621188355784,18923248352.73537,0.4808095444699005,0.5956560140531433,23,2.391304347826087,1.608695652173913,95.0,4.130434782608695,0.5146436505289563,0.8024210737513336,0.1112836438923395,2.1718666553497314,0.932523769,0.182375901,0.6521739130434783,0.3478260869565217,C2,C2,C2
