model_type,variant,dataset,M-of-N count,RMSE (test),MAE (test),MAPE (test),rRMSE (test),rMAE (test),rMAPE (test),maxError (test),R2 (test),RMSE (train),MAE (train),MAPE (train),rRMSE (train),rMAE (train),rMAPE (train),maxError (train),R2 (train),rules,plain conditions count,complex conditions count,conditions_count,avg conditions per rule,avg rule quality,avg rule precision,avg rule coverage,training time total (s),training time growing (s),training time pruning (s),pvalue significance fdr,pvalue significance fwer,induction measure,pruning measure,voting measure
complex,no_discretization,pyrim,0,0.3371847069655993,0.2910099995297005,390185761795434.6,0.7535046002598599,0.6503182642551472,3901857617954.346,0.6064705032766767,-0.3656524725828747,0.1536950054447634,0.0909159083915244,61430499615531.69,0.218707417416819,0.1293729973129187,614304996155.3169,0.913900838171026,0.1323303245936307,11,0,2.727272727272727,30.0,2.727272727272727,0.4458397757218518,0.7709358822995186,0.1682496607869742,137.648930547,117.817249473,19.809080504,0.7272727272727273,0.4545454545454545,C2,C2,C2
