model_type,variant,dataset,M-of-N count,RMSE (test),MAE (test),MAPE (test),rRMSE (test),rMAE (test),rMAPE (test),maxError (test),R2 (test),RMSE (train),MAE (train),MAPE (train),rRMSE (train),rMAE (train),rMAPE (train),maxError (train),R2 (train),rules,plain conditions count,complex conditions count,conditions_count,avg conditions per rule,avg rule quality,avg rule precision,avg rule coverage,training time total (s),training time growing (s),training time pruning (s),pvalue significance fdr,pvalue significance fwer,induction measure,pruning measure,voting measure
plain,no_discretization,strike,0,0.1421937730268915,0.0624049705043264,954295102183.2086,1.7223866207112768,0.755908532240763,9542951021.832088,0.8816804535637652,0.0469271059081131,0.0766491138738418,0.0273029240297468,836262523118.0367,1.733114238959996,0.6173468160255663,8362625231.180367,0.9910677584357382,0.1245490819577086,43,2.0930232558139537,0.32558139534883723,104.0,2.4186046511627906,0.4070516304601468,0.8177361389177428,0.0767193577753869,161.82377576,139.849088862,21.968736226,0.7209302325581395,0.627906976744186,C2,C2,C2
