model_type,variant,dataset,M-of-N count,RMSE (test),MAE (test),MAPE (test),rRMSE (test),rMAE (test),rMAPE (test),maxError (test),R2 (test),RMSE (train),MAE (train),MAPE (train),rRMSE (train),rMAE (train),rMAPE (train),maxError (train),R2 (train),rules,plain conditions count,complex conditions count,conditions_count,avg conditions per rule,avg rule quality,avg rule precision,avg rule coverage,training time total (s),training time growing (s),training time pruning (s),pvalue significance fdr,pvalue significance fwer,induction measure,pruning measure,voting measure
plain,no_discretization,pwlinear,0,0.1674565688072067,0.1482266361860734,38841088489331.016,0.3244757926822661,0.2872145035318088,388410884893.3102,0.3920070114958005,0.6006522498878963,0.0918759647011677,0.0584106727128761,6702182256142.141,0.2046963042928098,0.1301368521622788,67021822561.42141,0.3938864628820961,0.7824952278302436,43,4.372093023255814,0.3488372093023256,203.0,4.72093023255814,0.456218182134199,0.7947397813489336,0.0397932816537467,0.165259091,0.133371571,0.02679914,0.7906976744186046,0.1395348837209302,C2,C2,C2
