model_type,variant,dataset,M-of-N count,RMSE (test),MAE (test),MAPE (test),rRMSE (test),rMAE (test),rMAPE (test),maxError (test),R2 (test),RMSE (train),MAE (train),MAPE (train),rRMSE (train),rMAE (train),rMAPE (train),maxError (train),R2 (train),rules,plain conditions count,complex conditions count,conditions_count,avg conditions per rule,avg rule quality,avg rule precision,avg rule coverage,training time total (s),training time growing (s),training time pruning (s),pvalue significance fdr,pvalue significance fwer,induction measure,pruning measure,voting measure
complex,no_discretization,ele-1,0,0.196146401847802,0.1199072655052611,6230163913495.059,0.773249611404353,0.4726991960242311,62301639134.95058,0.7137590520078999,0.1949284603126295,0.1218574762314892,0.0747267958766356,1407431086010.0413,0.565546231753321,0.3468105456143533,14074310860.100412,0.8615365200185684,0.3228834380027929,31,0.8709677419354839,7.548387096774194,261.0,8.419354838709678,0.5804282445828827,0.8935873141498618,0.1425575003616375,881.428255216,873.6453787390001,7.774626771999999,0.967741935483871,0.967741935483871,C2,C2,C2
