model_type,variant,dataset,M-of-N count,RMSE (test),MAE (test),MAPE (test),rRMSE (test),rMAE (test),rMAPE (test),maxError (test),R2 (test),RMSE (train),MAE (train),MAPE (train),rRMSE (train),rMAE (train),rMAPE (train),maxError (train),R2 (train),rules,plain conditions count,complex conditions count,conditions_count,avg conditions per rule,avg rule quality,avg rule precision,avg rule coverage,training time total (s),training time growing (s),training time pruning (s),pvalue significance fdr,pvalue significance fwer,induction measure,pruning measure,voting measure
plain,no_discretization,cholesterol,0,0.4121610045815649,0.3499843999138992,33282953366248.96,0.6812295673731847,0.5784625878975577,332829533662.4896,0.7482678983833718,-1.9208774041273564,0.1038714196633717,0.0722107076245258,4028459452756.981,0.3886473790709178,0.2701850263535461,40284594527.56982,0.605080831408776,0.254247491313331,53,4.622641509433962,0.39622641509433965,266.0,5.018867924528302,0.3254521158566018,0.7668122573957413,0.0325523533070702,5.468630354,4.701975217000001,0.759415991,0.0566037735849056,0.0188679245283018,C2,C2,C2
