model_type,variant,dataset,M-of-N count,RMSE (test),MAE (test),MAPE (test),rRMSE (test),rMAE (test),rMAPE (test),maxError (test),R2 (test),RMSE (train),MAE (train),MAPE (train),rRMSE (train),rMAE (train),rMAPE (train),maxError (train),R2 (train),rules,plain conditions count,complex conditions count,conditions_count,avg conditions per rule,avg rule quality,avg rule precision,avg rule coverage,training time total (s),training time growing (s),training time pruning (s),pvalue significance fdr,pvalue significance fwer,induction measure,pruning measure,voting measure
exact_M-of-N,no_discretization,echomonths,0.5882352941176471,0.3229848969966645,0.2520175295091266,90713442556207.4,0.6348706566394918,0.4953746628151905,907134425562.074,0.6759158688004495,-0.0259585014667831,0.1772636274568318,0.1235439311035504,17990758248078.133,0.4576736862212976,0.3189757942429647,179907582480.78134,0.5581769978102675,0.6055555317977224,17,1.6470588235294117,1.5294117647058822,64.0,3.764705882352941,0.493942296938509,0.8270472011648483,0.1347410759175465,0.8058574199676514,0.4990221989999999,0.108892517,0.5882352941176471,0.4117647058823529,C2,C2,C2
