model_type,variant,dataset,M-of-N count,RMSE (test),MAE (test),MAPE (test),rRMSE (test),rMAE (test),rMAPE (test),maxError (test),R2 (test),RMSE (train),MAE (train),MAPE (train),rRMSE (train),rMAE (train),rMAPE (train),maxError (train),R2 (train),rules,plain conditions count,complex conditions count,conditions_count,avg conditions per rule,avg rule quality,avg rule precision,avg rule coverage,training time total (s),training time growing (s),training time pruning (s),pvalue significance fdr,pvalue significance fwer,induction measure,pruning measure,voting measure
complex,no_discretization,servo,0,0.3559135768142899,0.1947776080109635,13392021484896.436,1.5306147895131377,0.8376457289324835,133920214848.96436,0.9031398248781006,-0.1576363978898038,0.2345153973927352,0.12000893732504,1838284990846.5464,1.313177971181538,0.6719946519171722,18382849908.465466,0.906623240364376,-0.1508676236243484,24,0.041666666666666664,2.625,64.0,2.6666666666666665,0.4956701040653333,0.8312957543856316,0.2319444444444444,0.196127358,0.174844051,0.01236832,0.875,0.8333333333333334,C2,C2,C2
