model_type,variant,dataset,M-of-N count,RMSE (test),MAE (test),MAPE (test),rRMSE (test),rMAE (test),rMAPE (test),maxError (test),R2 (test),RMSE (train),MAE (train),MAPE (train),rRMSE (train),rMAE (train),rMAPE (train),maxError (train),R2 (train),rules,plain conditions count,complex conditions count,conditions_count,avg conditions per rule,avg rule quality,avg rule precision,avg rule coverage,training time total (s),training time growing (s),training time pruning (s),pvalue significance fdr,pvalue significance fwer,induction measure,pruning measure,voting measure
at_least_M-of-N,no_discretization,echomonths,0.23809523809523808,0.2879207194299644,0.2447306187997126,3494216920529.711,0.8860168998883446,0.753108232731483,34942169205.29711,0.5425327188219492,-0.0056678066907831,0.171456661555452,0.1082840397658428,31030193518145.13,0.4287380862067154,0.2707710015742053,310301935181.4513,0.912280701754386,0.6239563917328999,21,1.7142857142857142,2.142857142857143,86.0,4.095238095238095,0.5488665597700217,0.8686861924788064,0.1090761090761091,3.029605865478516,1.5212637110000002,1.3174533540000002,0.6190476190476191,0.4761904761904761,C2,C2,C2
