model_type,variant,dataset,M-of-N count,RMSE (test),MAE (test),MAPE (test),rRMSE (test),rMAE (test),rMAPE (test),maxError (test),R2 (test),RMSE (train),MAE (train),MAPE (train),rRMSE (train),rMAE (train),rMAPE (train),maxError (train),R2 (train),rules,plain conditions count,complex conditions count,conditions_count,avg conditions per rule,avg rule quality,avg rule precision,avg rule coverage,training time total (s),training time growing (s),training time pruning (s),pvalue significance fdr,pvalue significance fwer,induction measure,pruning measure,voting measure
at_least_M-of-N,no_discretization,kidney,0.15384615384615385,0.368996608815646,0.2948531401190733,249655294112686.62,0.8911616212906169,0.7120981497215355,2496552941126.8667,0.6785714285714285,-0.3544753005762298,0.2236829280785179,0.1433302785280718,22300140912290.406,0.6347128093315919,0.4067076755848716,223001409122.90405,0.7857142857142857,0.2051348759054747,13,0.8461538461538461,1.6153846153846154,34.0,2.6153846153846154,0.6191414233819152,0.9282916600307906,0.1549773755656108,0.8003461360931396,0.45776114,0.079963285,0.3846153846153846,0.3846153846153846,C2,C2,C2
