model_type,variant,dataset,M-of-N count,RMSE (test),MAE (test),MAPE (test),rRMSE (test),rMAE (test),rMAPE (test),maxError (test),R2 (test),RMSE (train),MAE (train),MAPE (train),rRMSE (train),rMAE (train),rMAPE (train),maxError (train),R2 (train),rules,plain conditions count,complex conditions count,conditions_count,avg conditions per rule,avg rule quality,avg rule precision,avg rule coverage,training time total (s),training time growing (s),training time pruning (s),pvalue significance fdr,pvalue significance fwer,induction measure,pruning measure,voting measure
exact_M-of-N,no_discretization,kidney,0,0.3471509489326961,0.3095216338678196,423961163891471.6,1.0296850180207089,0.9180726428282784,4239611638914.716,0.6428571428571428,0.0809923920102874,0.2247044246154915,0.163372011459726,46621114154974.77,0.6498936352651641,0.4725070750601656,466211141549.7477,0.6428571428571428,0.0800158947492565,6,0.3333333333333333,0.8333333333333334,7.0,1.1666666666666667,0.455158888680452,0.866923076923077,0.3164251207729469,0.0241312980651855,0.014248761,0.001045522,0.6666666666666666,0.6666666666666666,C2,C2,C2
