model_type,variant,dataset,M-of-N count,RMSE (test),MAE (test),MAPE (test),rRMSE (test),rMAE (test),rMAPE (test),maxError (test),R2 (test),RMSE (train),MAE (train),MAPE (train),rRMSE (train),rMAE (train),rMAPE (train),maxError (train),R2 (train),rules,plain conditions count,complex conditions count,conditions_count,avg conditions per rule,avg rule quality,avg rule precision,avg rule coverage,training time total (s),training time growing (s),training time pruning (s),pvalue significance fdr,pvalue significance fwer,induction measure,pruning measure,voting measure
at_least_M-of-N,no_discretization,auto-price,0,0.1696111110648281,0.1201770400773476,21122441880265.02,0.6873462138124837,0.4870154612263799,211224418802.6502,0.456835629393965,0.524666670901705,0.1067326486659634,0.0637767825486452,2875783526263.978,0.4955688400391635,0.2961210702076493,28757835262.639786,0.5921959186613455,0.7105875938494037,19,2.6315789473684212,1.3157894736842106,75.0,3.9473684210526314,0.502281243022263,0.8088401012175965,0.1019506808980493,5.620320796966553,1.461980049,0.592294012,0.7894736842105263,0.7368421052631579,C2,C2,C2
