model_type,variant,dataset,M-of-N count,RMSE (test),MAE (test),MAPE (test),rRMSE (test),rMAE (test),rMAPE (test),maxError (test),R2 (test),RMSE (train),MAE (train),MAPE (train),rRMSE (train),rMAE (train),rMAPE (train),maxError (train),R2 (train),rules,plain conditions count,complex conditions count,conditions_count,avg conditions per rule,avg rule quality,avg rule precision,avg rule coverage,training time total (s),training time growing (s),training time pruning (s),pvalue significance fdr,pvalue significance fwer,induction measure,pruning measure,voting measure
plain,no_discretization,pharynx,0,0.2682179049243685,0.2101473914230598,31402126184285.2,0.6635903945119827,0.5199197660551955,314021261842.852,0.6143820815730479,0.1708909633785701,0.1549183726066359,0.1045565171377329,6972098187017.609,0.52179723968112,0.3521680554421457,69720981870.17609,0.6810533108399978,0.5495322981969843,30,3.433333333333333,0.16666666666666666,108.0,3.6,0.4032332767182432,0.7861426478547006,0.0897727272727272,4.25445511,3.863741926,0.384138118,0.4,0.1666666666666666,C2,C2,C2
