model_type,variant,dataset,M-of-N count,RMSE (test),MAE (test),MAPE (test),rRMSE (test),rMAE (test),rMAPE (test),maxError (test),R2 (test),RMSE (train),MAE (train),MAPE (train),rRMSE (train),rMAE (train),rMAPE (train),maxError (train),R2 (train),rules,plain conditions count,complex conditions count,conditions_count,avg conditions per rule,avg rule quality,avg rule precision,avg rule coverage,training time total (s),training time growing (s),training time pruning (s),pvalue significance fdr,pvalue significance fwer,induction measure,pruning measure,voting measure
plain,no_discretization,concrete,0,0.2871431197041306,0.217728844293869,161628064209628.94,0.5641349820001977,0.4277604066683083,1616280642096.2893,0.6245766811804547,-0.0286609618495992,0.1296525980126936,0.094737535324362,6587569450281.319,0.2840892835158015,0.2075848763918787,65875694502.8132,0.417513304305757,0.5546495729706091,13,3.230769230769231,0.3076923076923077,46.0,3.5384615384615383,0.4157613800424811,0.7272441326789152,0.1028428093645485,4.796665266,3.891421003000001,0.9005036580000001,0.3076923076923077,0.0769230769230769,C2,C2,C2
