dataset,RMSE (test),MAE (test),MAPE (test),rRMSE (test),rMAE (test),rMAPE (test),maxError (test),R2 (test),RMSE (train),MAE (train),MAPE (train),rRMSE (train),rMAE (train),rMAPE (train),maxError (train),R2 (train),rules,conditions_count,avg conditions per rule
dee,0.3245544450243205,0.2630270775840255,23802915348311.98,0.6773418324712996,0.5489348411388546,238029153483.1198,0.6759360490266597,-0.267792262060829,0.0,0.0,0.0,0.0,0.0,0.0,0.0,1.0,328,655,136.69312977099236
dee,0.3116929337486381,0.2629661600530455,39429051377342.99,0.7735472622699342,0.6526190720214217,394290513773.42993,0.6760646989809316,-0.0735973332815655,0.0,0.0,0.0,0.0,0.0,0.0,0.0,1.0,328,655,137.42595419847328
dee,0.3200209820196259,0.2755167711877992,39444710509399.27,0.6883645052586691,0.5926360349632461,394447105093.9928,0.6759360490266597,-0.2285608465906621,0.0,0.0,0.0,0.0,0.0,0.0,0.0,1.0,328,655,136.57709923664123
dee,0.2717120801387238,0.2042237339703671,20677240738732.73,0.5872235875188477,0.4413679128927412,206772407387.3273,0.6759360490266597,-0.289944528753417,0.0,0.0,0.0,0.0,0.0,0.0,0.0,1.0,328,655,139.2152671755725
dee,0.3333473036587998,0.2746090036038781,39444710509399.48,0.7316308652809772,0.6027120085131926,394447105093.9948,0.6759360490266597,-0.1306062063920605,0.0,0.0,0.0,0.0,0.0,0.0,0.0,1.0,328,655,139.181679389313
dee,0.3352616937479984,0.2574959214285461,42182283317895.47,0.624999638692957,0.480027575052219,421822833178.9547,0.6628114563703207,-0.5448480202148154,0.0,0.0,0.0,0.0,0.0,0.0,0.0,1.0,329,657,136.2496194824962
dee,0.3165927591460169,0.2545677751561049,40540396912438.22,0.7263560406783683,0.5840526540956291,405403969124.3822,0.6759360490266597,-0.1424725211547091,0.0,0.0,0.0,0.0,0.0,0.0,0.0,1.0,329,657,135.82039573820396
dee,0.251380085969678,0.1966809063831903,34951382492088.785,0.63084226968619,0.4935738203290893,349513824920.8879,0.671640800873938,0.0435007137289179,0.0,0.0,0.0,0.0,0.0,0.0,0.0,1.0,329,657,141.84170471841705
dee,0.3267664781721878,0.2488662069058384,20475343354373.207,0.6238598499755398,0.4751332981666675,204753433543.7321,0.692957563806804,-0.7345075387879569,0.0,0.0,0.0,0.0,0.0,0.0,0.0,1.0,329,657,140.57838660578386
