model_type,variant,dataset,M-of-N count,RMSE (test),MAE (test),MAPE (test),rRMSE (test),rMAE (test),rMAPE (test),maxError (test),R2 (test),RMSE (train),MAE (train),MAPE (train),rRMSE (train),rMAE (train),rMAPE (train),maxError (train),R2 (train),rules,plain conditions count,complex conditions count,conditions_count,avg conditions per rule,avg rule quality,avg rule precision,avg rule coverage,training time total (s),training time growing (s),training time pruning (s),pvalue significance fdr,pvalue significance fwer,induction measure,pruning measure,voting measure
complex,no_discretization,pwlinear,0,0.2675039009228954,0.2025005660633586,65220055840734.89,0.6160597851311675,0.4663575177316417,652200558407.3489,0.6091703056768558,0.13554540395348,0.110781209011552,0.0753816173493755,8543946891324.201,0.2427916692164554,0.1652087828593972,85439468913.242,0.3698689956331877,0.6576057989463817,42,0.023809523809523808,3.619047619047619,153.0,3.642857142857143,0.3855731748356156,0.7642668178382466,0.0379629629629629,1.783057015,1.6136965499999996,0.151186525,0.2142857142857142,0.0476190476190476,C2,C2,C2
