model_type,variant,dataset,M-of-N count,RMSE (test),MAE (test),MAPE (test),rRMSE (test),rMAE (test),rMAPE (test),maxError (test),R2 (test),RMSE (train),MAE (train),MAPE (train),rRMSE (train),rMAE (train),rMAPE (train),maxError (train),R2 (train),rules,plain conditions count,complex conditions count,conditions_count,avg conditions per rule,avg rule quality,avg rule precision,avg rule coverage,training time total (s),training time growing (s),training time pruning (s),pvalue significance fdr,pvalue significance fwer,induction measure,pruning measure,voting measure
exact_M-of-N,no_discretization,echomonths,0.6956521739130435,0.3144281455299115,0.2748285600342441,46134382171989.12,0.9675880613649936,0.8457284673517563,461343821719.8912,0.6374497316068303,-0.1993654629335075,0.1764062905816137,0.1137743179845136,34874956694886.184,0.4411149425904695,0.2844997850163934,348749566948.8618,0.8205102347763595,0.6019316759503064,23,1.1304347826086956,1.8695652173913044,85.0,3.6956521739130435,0.5158749433715546,0.8310853445404431,0.0966183574879227,2.7172605991363525,1.501625879,1.010680413,0.7391304347826086,0.3478260869565217,C2,C2,C2
