model_type,variant,dataset,M-of-N count,RMSE (test),MAE (test),MAPE (test),rRMSE (test),rMAE (test),rMAPE (test),maxError (test),R2 (test),RMSE (train),MAE (train),MAPE (train),rRMSE (train),rMAE (train),rMAPE (train),maxError (train),R2 (train),rules,plain conditions count,complex conditions count,conditions_count,avg conditions per rule,avg rule quality,avg rule precision,avg rule coverage,training time total (s),training time growing (s),training time pruning (s),pvalue significance fdr,pvalue significance fwer,induction measure,pruning measure,voting measure
plain,no_discretization,bodyfat,0,0.1958914631515024,0.1524060802302226,46863223681322.18,0.3975556522118342,0.309303415535342,468632236813.2218,0.4318173220239555,0.4784248472744005,0.0927676449714585,0.0651961005731936,5179191781070.98,0.2286952151229483,0.1607245311697974,51791917810.70979,0.3326371568376625,0.7241669229113622,36,3.3055555555555554,0.5277777777777778,138.0,3.8333333333333335,0.4563243256108933,0.7743846995869056,0.0666911404796867,445.236542761,313.714570994,131.51511263799998,0.5833333333333334,0.4722222222222222,C2,C2,C2
