model_type,variant,dataset,M-of-N count,RMSE (test),MAE (test),MAPE (test),rRMSE (test),rMAE (test),rMAPE (test),maxError (test),R2 (test),RMSE (train),MAE (train),MAPE (train),rRMSE (train),rMAE (train),rMAPE (train),maxError (train),R2 (train),rules,plain conditions count,complex conditions count,conditions_count,avg conditions per rule,avg rule quality,avg rule precision,avg rule coverage,training time total (s),training time growing (s),training time pruning (s),pvalue significance fdr,pvalue significance fwer,induction measure,pruning measure,voting measure
complex,no_discretization,auto93,0,0.3280451893464169,0.2513947323004232,30574896552790.93,0.7100223932309327,0.5441198202882465,305748965527.90924,0.7559633027522936,-0.4425626933783348,0.1177420232241368,0.0752980066478779,3683722476240.327,0.5448097811521921,0.3484150297378027,36837224762.40327,0.4385321100917431,0.566545665174158,9,1.1111111111111112,2.7777777777777777,35.0,3.888888888888889,0.5496364081467437,0.8166092138314359,0.1713520749665328,247.049262283,238.637050599,8.392407280999999,0.7777777777777778,0.6666666666666666,C2,C2,C2
