model_type,variant,dataset,M-of-N count,RMSE (test),MAE (test),MAPE (test),rRMSE (test),rMAE (test),rMAPE (test),maxError (test),R2 (test),RMSE (train),MAE (train),MAPE (train),rRMSE (train),rMAE (train),rMAPE (train),maxError (train),R2 (train),rules,plain conditions count,complex conditions count,conditions_count,avg conditions per rule,avg rule quality,avg rule precision,avg rule coverage,training time total (s),training time growing (s),training time pruning (s),pvalue significance fdr,pvalue significance fwer,induction measure,pruning measure,voting measure
complex,no_discretization,echomonths,0,0.330361199499935,0.2630451389876209,94613989427208.78,0.7306328603048354,0.5817554318688877,946139894272.0878,0.5789473684210527,0.1071515977993379,0.1994288243822378,0.1198546990466566,11144667951105.62,0.5051237485017638,0.3035742453255424,111446679511.0562,0.8947368421052632,0.4958325284235422,30,0.8333333333333334,1.9,82.0,2.7333333333333334,0.4834343848386939,0.8315805801990012,0.074074074074074,8.33808848,8.173665494,0.15091527,0.5666666666666667,0.3333333333333333,C2,C2,C2
