model_type,variant,dataset,M-of-N count,RMSE (test),MAE (test),MAPE (test),rRMSE (test),rMAE (test),rMAPE (test),maxError (test),R2 (test),RMSE (train),MAE (train),MAPE (train),rRMSE (train),rMAE (train),rMAPE (train),maxError (train),R2 (train),rules,plain conditions count,complex conditions count,conditions_count,avg conditions per rule,avg rule quality,avg rule precision,avg rule coverage,training time total (s),training time growing (s),training time pruning (s),pvalue significance fdr,pvalue significance fwer,induction measure,pruning measure,voting measure
complex,no_discretization,concrete,0,0.3035214925547778,0.2729265542600614,117787871545833.56,0.6113975091713699,0.5497686969604343,1177878715458.3354,0.5645072669376117,0.2486989814169167,0.1030074535420277,0.071124298823747,10825721347374.053,0.2299085555699663,0.1587466173195182,108257213473.74052,0.4184036603965428,0.6924259844129443,19,0.42105263157894735,2.8947368421052633,63.0,3.3157894736842106,0.4675609649574322,0.7743832921464501,0.0903890160183066,10.005240923,9.442640753,0.5462532349999999,0.4210526315789473,0.2105263157894736,C2,C2,C2
