model_type,variant,dataset,M-of-N count,RMSE (test),MAE (test),MAPE (test),rRMSE (test),rMAE (test),rMAPE (test),maxError (test),R2 (test),RMSE (train),MAE (train),MAPE (train),rRMSE (train),rMAE (train),rMAPE (train),maxError (train),R2 (train),rules,plain conditions count,complex conditions count,conditions_count,avg conditions per rule,avg rule quality,avg rule precision,avg rule coverage,training time total (s),training time growing (s),training time pruning (s),pvalue significance fdr,pvalue significance fwer,induction measure,pruning measure,voting measure
exact_M-of-N,no_discretization,kidney,0.5555555555555556,0.3019157797604444,0.2661601569278562,221158910272658.72,0.7708487993883688,0.6795578474753777,2211589102726.5874,0.5357142857142856,0.1027989144331212,0.254543272596655,0.1776753489147313,21181092870615.613,0.7075188190131843,0.4938596559615306,211810928706.15613,0.7857142857142857,-0.0327610153219437,9,0.4444444444444444,0.8888888888888888,17.0,1.8888888888888888,0.5220356738018144,0.8914639610633527,0.176470588235294,0.0603983402252197,0.0399981419999999,0.003438447,0.4444444444444444,0.4444444444444444,C2,C2,C2
