RMSE (test),MAE (test),MAPE (test),rRMSE (test),rMAE (test),rMAPE (test),maxError (test),R2 (test),RMSE (train),MAE (train),MAPE (train),rRMSE (train),rMAE (train),rMAPE (train),maxError (train),R2 (train),rules,conditions_count,avg conditions per rule,RMSE (test) (std),MAE (test) (std),MAPE (test) (std),rRMSE (test) (std),rMAE (test) (std),rMAPE (test) (std),maxError (test) (std),R2 (test) (std),RMSE (train) (std),MAE (train) (std),MAPE (train) (std),rRMSE (train) (std),rMAE (train) (std),rMAPE (train) (std),maxError (train) (std),R2 (train) (std),rules (std),conditions_count (std),avg conditions per rule (std),dataset
0.4174367962307463,0.3806869314489928,618150323854013.5,0.796027012021586,0.7263287720017922,6181503238540.135,0.5905092592592591,-0.2265563684941808,1.9417264314309513e-17,7.641211100658973e-18,1.3099219029701099e-17,3.969744878317092e-17,1.5622794270093768e-17,1.30992190297011e-19,4.934324553889584e-17,1.0,33.55555555555556,66.11111111111111,15.4213516304799,0.052382979156400444,0.06444145059044427,56136442388210.49,0.32505030507401755,0.31256614075638817,561364423882.1049,0.04452575028308454,0.3871834552437795,2.3026702621385615e-17,9.062406764581363e-18,1.5535554453568054e-17,4.7084828891971795e-17,1.8533412218428066e-17,1.5535554453568055e-19,5.8513891142945e-17,0.0,1.1303883305208782,2.2607766610417563,0.7496803176871168,diabetes
