model_type,variant,dataset,M-of-N count,RMSE (test),MAE (test),MAPE (test),rRMSE (test),rMAE (test),rMAPE (test),maxError (test),R2 (test),RMSE (train),MAE (train),MAPE (train),rRMSE (train),rMAE (train),rMAPE (train),maxError (train),R2 (train),rules,plain conditions count,complex conditions count,conditions_count,avg conditions per rule,avg rule quality,avg rule precision,avg rule coverage,training time total (s),training time growing (s),training time pruning (s),pvalue significance fdr,pvalue significance fwer,induction measure,pruning measure,voting measure
exact_M-of-N,no_discretization,cholesterol,0.6349206349206349,0.2155874148868797,0.1583477959455282,39063834175669.54,0.6667822578619536,0.4897479797854786,390638341756.6954,0.7483698167270749,-0.0768540631376475,0.1086903735634275,0.0750971330192371,567032588055.733,0.39235634169174,0.2710896597091125,5670325880.55733,0.7420091324200913,0.1415208536558184,63,2.0634920634920637,1.2380952380952381,248.0,3.9365079365079363,0.3199806796808451,0.7804907935184182,0.0486111111111111,2.2835614681243896,1.646143035,0.405774186,0.0158730158730158,0.0158730158730158,C2,C2,C2
