model_type,variant,dataset,M-of-N count,RMSE (test),MAE (test),MAPE (test),rRMSE (test),rMAE (test),rMAPE (test),maxError (test),R2 (test),RMSE (train),MAE (train),MAPE (train),rRMSE (train),rMAE (train),rMAPE (train),maxError (train),R2 (train),rules,plain conditions count,complex conditions count,conditions_count,avg conditions per rule,avg rule quality,avg rule precision,avg rule coverage,training time total (s),training time growing (s),training time pruning (s),pvalue significance fdr,pvalue significance fwer,induction measure,pruning measure,voting measure
exact_M-of-N,no_discretization,cpu,0.23529411764705882,0.2173417095407832,0.127151710763634,2187290314414.359,1.2403202928032702,0.725626238323086,21872903144.14359,0.7179067865903517,0.0833983493286193,0.0900663938374392,0.0273483808537108,336646403286.84015,1.3875921694371072,0.4213380541013546,3366464032.868401,0.9754701553556828,0.4759432339806819,17,1.8823529411764706,1.0588235294117647,54.0,3.176470588235294,0.6306255689074608,0.8627571516928229,0.2265331664580726,20.617563486099243,2.419586514,1.442877425,0.9411764705882352,0.9411764705882352,C2,C2,C2
