model_type,variant,dataset,M-of-N count,RMSE (test),MAE (test),MAPE (test),rRMSE (test),rMAE (test),rMAPE (test),maxError (test),R2 (test),RMSE (train),MAE (train),MAPE (train),rRMSE (train),rMAE (train),rMAPE (train),maxError (train),R2 (train),rules,plain conditions count,complex conditions count,conditions_count,avg conditions per rule,avg rule quality,avg rule precision,avg rule coverage,training time total (s),training time growing (s),training time pruning (s),pvalue significance fdr,pvalue significance fwer,induction measure,pruning measure,voting measure
plain,no_discretization,ele-1,0,0.2177290145560297,0.1664013246457982,12137843490300.81,0.6605126574201708,0.5048026390242483,121378434903.0081,0.5629378440514301,0.1117211827083217,0.1065632719234839,0.0739704771729605,2667059780380.7397,0.4952123975748324,0.3437497431279944,26670597803.807392,0.4799202507010902,0.517148809513547,19,0.7894736842105263,0.631578947368421,27.0,1.4210526315789473,0.3574545876686091,0.7306492508432055,0.1056171819683738,216.882552275,198.992141668,17.887157935,0.3684210526315789,0.3157894736842105,C2,C2,C2
