model_type,variant,dataset,M-of-N count,RMSE (test),MAE (test),MAPE (test),rRMSE (test),rMAE (test),rMAPE (test),maxError (test),R2 (test),RMSE (train),MAE (train),MAPE (train),rRMSE (train),rMAE (train),rMAPE (train),maxError (train),R2 (train),rules,plain conditions count,complex conditions count,conditions_count,avg conditions per rule,avg rule quality,avg rule precision,avg rule coverage,training time total (s),training time growing (s),training time pruning (s),pvalue significance fdr,pvalue significance fwer,induction measure,pruning measure,voting measure
complex,no_discretization,ele-1,0,0.2621184929799757,0.1708914649506765,6245689435338.804,0.806846765947018,0.5260339484476395,62456894353.38804,0.784328288212076,-0.1414118051638919,0.1349269952771144,0.0774765342157645,1282874340443.8103,0.6161031076014787,0.3537730414769057,12828743404.438105,0.909940750493746,0.2227128604715642,31,1.1612903225806452,7.290322580645161,262.0,8.451612903225806,0.5669070921921759,0.8934699446129238,0.1150416817687567,821.358217685,814.9729528259998,6.376655832000001,0.935483870967742,0.8709677419354839,C2,C2,C2
