model_type,variant,dataset,M-of-N count,RMSE (test),MAE (test),MAPE (test),rRMSE (test),rMAE (test),rMAPE (test),maxError (test),R2 (test),RMSE (train),MAE (train),MAPE (train),rRMSE (train),rMAE (train),rMAPE (train),maxError (train),R2 (train),rules,plain conditions count,complex conditions count,conditions_count,avg conditions per rule,avg rule quality,avg rule precision,avg rule coverage,training time total (s),training time growing (s),training time pruning (s),pvalue significance fdr,pvalue significance fwer,induction measure,pruning measure,voting measure
plain,no_discretization,auto93,0,0.2434546706959976,0.1364312597948483,25339447738602.504,1.0941026109934755,0.6131317880898914,253394477386.02505,0.7009174311926606,0.2849563537840774,0.1006211030534478,0.0595266098696787,3351945461205.5386,0.4485766966390924,0.265374252588752,33519454612.055386,0.6220183486238532,0.6632270449849935,19,3.1052631578947367,0.05263157894736842,60.0,3.1578947368421053,0.5394366631208131,0.8098647883782264,0.1209273182957393,0.23828614,0.205650044,0.025969351,0.7894736842105263,0.4736842105263157,C2,C2,C2
