model_type,variant,dataset,M-of-N count,RMSE (test),MAE (test),MAPE (test),rRMSE (test),rMAE (test),rMAPE (test),maxError (test),R2 (test),RMSE (train),MAE (train),MAPE (train),rRMSE (train),rMAE (train),rMAPE (train),maxError (train),R2 (train),rules,plain conditions count,complex conditions count,conditions_count,avg conditions per rule,avg rule quality,avg rule precision,avg rule coverage,training time total (s),training time growing (s),training time pruning (s),pvalue significance fdr,pvalue significance fwer,induction measure,pruning measure,voting measure
plain,no_discretization,pwlinear,0,0.2172827613038665,0.1761263903171431,72370394446944.97,0.500400819501133,0.4056179584685097,723703944469.4497,0.4645524440518926,0.4296617587037353,0.1024558666892608,0.0688234208551174,7189152243595.037,0.2245455805768497,0.1508356279886612,71891522435.95038,0.4441048034934498,0.707134737135064,45,4.222222222222222,0.3111111111111111,204.0,4.533333333333333,0.4380984444286423,0.7986219644552978,0.0398765432098765,0.291363249,0.2417343669999999,0.042239728,0.5111111111111111,0.1555555555555555,C2,C2,C2
