model_type,variant,dataset,M-of-N count,RMSE (test),MAE (test),MAPE (test),rRMSE (test),rMAE (test),rMAPE (test),maxError (test),R2 (test),RMSE (train),MAE (train),MAPE (train),rRMSE (train),rMAE (train),rMAPE (train),maxError (train),R2 (train),rules,plain conditions count,complex conditions count,conditions_count,avg conditions per rule,avg rule quality,avg rule precision,avg rule coverage,training time total (s),training time growing (s),training time pruning (s),pvalue significance fdr,pvalue significance fwer,induction measure,pruning measure,voting measure
complex,no_discretization,kidney,0,0.3652492531303167,0.2952294474698204,77998950671497.78,0.7791984066780091,0.6298228212689502,779989506714.9778,0.6160714285714285,0.0028555816193553,0.1967040862314149,0.12597011337039,9461343754980.611,0.5443671223613578,0.3486149649087539,94613437549.80614,0.7873533714953591,0.3631562311017113,21,0.7142857142857143,1.8095238095238095,53.0,2.5238095238095237,0.5394248027708135,0.8596327419856833,0.1092436974789915,2.51237985,2.4621067240000003,0.0402409949999999,0.5238095238095238,0.3809523809523809,C2,C2,C2
