model_type,variant,dataset,M-of-N count,RMSE (test),MAE (test),MAPE (test),rRMSE (test),rMAE (test),rMAPE (test),maxError (test),R2 (test),RMSE (train),MAE (train),MAPE (train),rRMSE (train),rMAE (train),rMAPE (train),maxError (train),R2 (train),rules,plain conditions count,complex conditions count,conditions_count,avg conditions per rule,avg rule quality,avg rule precision,avg rule coverage,training time total (s),training time growing (s),training time pruning (s),pvalue significance fdr,pvalue significance fwer,induction measure,pruning measure,voting measure
exact_M-of-N,no_discretization,pollution,2.4166666666666665,0.2585721862629005,0.1717553199272366,372337592128978.8,0.597288563536335,0.3967460298098655,3723375921289.788,0.4960533212580991,0.3229992424638799,0.1315782360743226,0.0920137387467984,23320229726316.83,0.2873280232443231,0.2009308412563265,233202297263.16827,0.492253964512457,0.520319091912435,12,0.9166666666666666,0.25,43.0,3.5833333333333335,0.4143093957565613,0.7374278499278498,0.1219135802469135,2.1525144577026367,0.841150825,1.1276977819999998,0.0,0.0,C2,C2,C2
